1:1	nqla				Qui a appelé Paul et qu'a-t-il été appelé à être ?	Jésus-Christ a appelé Paul à être un apôtre.

1:3	jx7v				Qu'est-ce que Paul souhaite que l'église de Corinthe reçoive de Dieu notre Père et du Seigneur Jésus-Christ ?	Paul souhaite qu'ils aient la grâce et la paix de Dieu notre Père et du Seigneur Jésus-Christ.

1:5	b752				Comment Dieu a-t-il rendu l'église de Corinthe riche ?	Dieu les a rendus riches à tous égards, en toute parole et avec toute connaissance.

1:7	i6ea				De quoi l'église de Corinthe ne manquait-elle pas ?	Ils ne manquaient d'aucun don spirituel.

1:8	ytnm				Pourquoi Dieu va-t-il renforcer l'église de Corinthe jusqu'à la fin ?	Il le fera pour qu'ils soient irréprochables au jour de notre Seigneur Jésus-Christ.

1:10	lj0l				Que demande Paul à l'Église de Corinthe de faire ?	Paul les exhorte à être tous d'accord, à ne pas avoir de divisions entre eux et à s'unir dans un même esprit et un même but.

1:11	u5dr				Qu'est-ce que les gens de Chloé ont rapporté à Paul ?	Les gens de Chloé ont rapporté à Paul que des factions s'étaient développées parmi les membres de l'église de Corinthe.

1:12	rp73				Qu'est-ce que Paul entendait par factions ?	Paul voulait dire ceci : Chacun de vous dit : "Je suis avec Paul", ou "Je suis avec Apollos", ou "Je suis avec Céphas", ou "Je suis avec le Christ".

1:14-15	ingp				Pourquoi Paul remercie-t-il Dieu de n'avoir baptisé aucun d'entre eux, à l'exception de Crispus et Gaius ?	Paul en remercie Dieu car cela ne leur donnerait pas l'occasion de dire qu'ils ont été baptisés au nom de Paul.

1:17	cu5v				Qu'est-ce que le Christ a envoyé faire à Paul ?	Le Christ a envoyé Paul pour prêcher l'évangile.

1:18	s2sd				Quel est le message de la croix à ceux qui sont en train de mourir ?	Le message de la croix est une folie pour ceux qui meurent.

1:18	eiti				Quel est le message de la croix parmi ceux que Dieu sauve ?	C'est la puissance de Dieu parmi ceux que Dieu sauve.

1:20	rq2l				En quoi Dieu a-t-il transformé la sagesse du monde ?	Dieu a transformé la sagesse du monde en folie.

1:21	kdhv				Pourquoi a-t-il plu à Dieu de sauver ceux qui croient par la folie de la prédication ?	Il a plu à Dieu de faire cela parce que le monde, dans sa sagesse, ne connaissait pas Dieu.

1:26	pics				Combien de personnes, sages selon les normes humaines, puissantes ou de noble naissance, Dieu a-t-il appelées ?	Dieu n'a pas appelé beaucoup de gens qui étaient comme ça.

1:27	d8pg				Pourquoi Dieu a-t-il choisi les choses insensées du monde et ce qui est faible dans le monde ?	Il a fait cela pour faire honte aux sages et à ce qui est fort.

1:28-29	clpq				Qu'a fait Dieu pour que personne n'ait de raison de se vanter devant lui ?	Dieu a choisi ce qui est bas et méprisé dans le monde et même les choses qui sont considérées comme rien.

1:30	w8jn				Pourquoi les croyants étaient-ils en Jésus-Christ ?	Ils étaient en Jésus-Christ à cause de ce que Dieu a fait.

1:30	j8ev				Qu'est devenu le Christ Jésus pour nous ?	Il est devenu pour nous la sagesse de Dieu - notre justice, notre sainteté et notre rédemption.

1:31	inpx				Si nous devons nous vanter, en qui devons-nous nous vanter ?	Que celui qui se glorifie, se glorifie dans le Seigneur.

2:1	q17d				De quelle manière Paul est-il venu vers les Corinthiens lorsqu'il a proclamé le mystère de Dieu ?	Paul n'est pas venu avec un discours élégant ou de la sagesse quand il a proclamé le mystère de Dieu.

2:2	tema				Qu'est-ce que Paul a décidé de savoir lorsqu'il était parmi les Corinthiens ?	Paul a décidé de ne rien connaître d'autre que Jésus-Christ, et lui crucifié.

2:4-5	ahv0				Pourquoi la parole de Paul et sa proclamation ont-elles été faites avec la démonstration de l'Esprit et de la puissance plutôt qu'avec des paroles persuasives de sagesse ?	C'était pour que leur foi ne soit pas dans la sagesse des hommes, mais dans la puissance de Dieu.

2:7	w1r1				Quelle sagesse Paul et ceux qui l'accompagnaient ont-ils exprimée ?	Ils ont parlé de la sagesse de Dieu cachée dans le mystère - la sagesse cachée que Dieu a prédestinée avant les siècles pour notre gloire.

2:8	okzd				Si les dirigeants de l'époque de Paul avaient connu la sagesse de Dieu, que n'auraient-ils pas fait ?	Si ces chefs avaient connu la sagesse de Dieu, ils n'auraient pas crucifié le Seigneur de la gloire.

2:10	xov7				Comment Paul et ceux qui étaient avec lui ont-ils connu la sagesse de Dieu ?	Dieu leur a révélé ces choses par l'Esprit.

2:11	w1kq				Qui connaît les choses profondes de Dieu ?	Seul l'Esprit de Dieu connaît les choses profondes de Dieu.

2:12	u4z0				Quelle est l'une des raisons pour lesquelles Paul et ceux qui étaient avec lui ont reçu l'Esprit qui vient de Dieu ?	Ils ont reçu l'Esprit qui vient de Dieu afin qu'ils puissent connaître les choses que Dieu leur a données gratuitement.

2:14	hqs0				Pourquoi la personne non spirituelle ne peut-elle pas recevoir ou connaître les choses qui appartiennent à l'Esprit de Dieu ?	La personne non spirituelle ne peut pas les recevoir parce qu'elles sont une folie pour elle, et elle ne peut pas les comprendre parce qu'elles sont discernées spirituellement.

2:16	h8or				Selon Paul, à qui appartient l'esprit de ceux qui ont cru en Jésus ?	Paul a dit qu'ils ont la pensée du Christ.

3:3	ib2y				Pourquoi Paul a-t-il dit que les croyants de Corinthe étaient encore charnels ?	Paul a dit qu'ils étaient encore charnels parce que la jalousie et les querelles existaient entre eux.

3:5	nikb				Qui étaient Paul et Apollos pour les Corinthiens ?	Ils étaient des serviteurs par lesquels les Corinthiens sont venus à croire en Christ.

3:7	vb19				Qui donne la croissance ?	Dieu donne la croissance.

3:11	kmq6				Qu'est-ce que la fondation ?	Jésus-Christ en est le fondement.

3:11-13	egd8				Qu'adviendra-t-il de l'œuvre de quelqu'un qui construit sur le fondement de Jésus-Christ ?	Son œuvre sera révélée à la lumière du jour et du feu.

3:13	rtwq				Quel sera l'effet du feu sur le travail d'une personne ?	Le feu va tester le travail, révélant la qualité de ce que chacun a fait.

3:14	ptec				Que recevra une personne si son œuvre survit à l'incendie ?	Cette personne recevra une récompense.

3:15	gk8g				Qu'arrivera-t-il à la personne dont l'œuvre sera brûlée ?	Cette personne subira une perte, mais elle sera sauvée, comme si elle avait échappé à un incendie.

3:16	eg2x				Qui sommes-nous et qu'est-ce qui vit en nous en tant que croyants en Jésus-Christ ?	Nous sommes le temple de Dieu, et l'Esprit de Dieu vit en nous.

3:17	djhf				Que se passera-t-il si quelqu'un détruit le temple de Dieu ?	Dieu détruira la personne qui détruit le temple de Dieu.

3:18	i4yj				Que dit Paul à celui qui se croit sage dans ce siècle ?	Paul dit : "...qu'il devienne un "fou", afin de devenir sage."

3:20	cwq7				Que sait le Seigneur des raisonnements des sages ?	Le Seigneur sait que les raisonnements des sages sont futiles.

3:21-23	bqzi				Pourquoi Paul dit-il aux croyants de Corinthe d'arrêter de se vanter des gens ?	Il leur a dit de cesser de se vanter, "car tout est à vous", et parce que, "... vous êtes au Christ, et le Christ est à Dieu" .

4:1	k2o5				Comment Paul a-t-il dit que les Corinthiens devaient considérer Paul et ses compagnons ?	Les Corinthiens doivent les considérer comme des serviteurs du Christ et des gardiens des vérités cachées de Dieu.

4:2	q6dm				Quelle est l'une des conditions requises pour être un intendant ?	Les intendants doivent être trouvés fidèles.

4:4	i87u				Qui, selon Paul, est son juge ?	Paul dit que le Seigneur le juge.

4:5	tuac				Que fera le Seigneur quand il viendra ?	Il mettra en lumière les choses cachées des ténèbres et révélera les desseins des cœurs.

4:6	kgrk				Pourquoi Paul a-t-il appliqué ces principes à lui-même et à Apollos ?	Paul l'a fait pour le bien des croyants de Corinthe afin qu'ils apprennent le sens de l'adage "Pas au-delà de ce qui est écrit", afin qu'aucun d'entre eux ne pense en faveur de l'un contre l'autre.

4:8	f81o				Pourquoi Paul souhaite-t-il que les croyants de Corinthe règnent ?	Paul souhaiterait qu'ils règnent pour que Paul et ses compagnons puissent régner avec eux.

4:10	n6uv				Quelles sont les trois façons dont Paul se met en contraste, lui et ses compagnons, avec les croyants de Corinthe ?	Paul dit : "Nous sommes fous à cause du Christ, mais vous êtes sages en Christ. Nous sommes faibles, mais vous êtes forts. Vous êtes tenus en honneur, mais nous sommes tenus en déshonneur."

4:11	iu76				Comment Paul a-t-il décrit la condition physique des apôtres ?	Paul a dit qu'ils avaient faim et soif, qu'ils étaient mal vêtus, brutalement battus et sans abri.

4:12-13	pvtc				Comment Paul et ses compagnons ont-ils réagi lorsqu'ils ont été maltraités ?	Quand ils ont été attaqués, ils ont béni. Quand ils ont été persécutés, ils l'ont supporté. Quand ils ont été calomniés, ils ont parlé avec bonté.

4:14	axu2				Pourquoi Paul a-t-il écrit ces choses aux croyants de Corinthe ?	Il les a écrites pour les corriger comme ses enfants bien-aimés.

4:16	a7gk				Qui Paul demande-t-il aux croyants de Corinthe d'imiter ?	Paul leur dit de s'imiter.

4:17	vhai				De quoi Paul a-t-il envoyé Timothée aux croyants de Corinthe pour leur rappeler ?	Paul a envoyé Timothée à Corinthe pour rappeler aux croyants qui s'y trouvaient les voies empruntées par Paul dans le Christ.

4:18	wgi7				Comment se comportaient certains des croyants de Corinthe ?	Certains d'entre eux étaient arrogants, agissant comme si Paul ne venait pas à eux.

4:20	hirg				En quoi consiste le royaume de Dieu ?	Le royaume de Dieu consiste en un pouvoir.

5:1	hb3v				Quel rapport Paul a-t-il entendu au sujet de l'église de Corinthe ?	Paul a appris qu'il y avait là de l'immoralité sexuelle. L'un d'eux couchait avec la femme de son père.

5:2	niaf				Que doit-on faire, selon Paul, à celui qui a péché avec la femme de son père ?	Celui qui a péché avec la femme de son père doit être retiré du milieu d'eux.

5:4-5	bbnd				Comment et pourquoi cette personne qui a péché avec la femme de son père devait-elle être écartée ?	Lorsque l'église de Corinthe s'est réunie au nom du Seigneur Jésus, elle devait livrer l'homme pécheur à Satan pour la destruction de la chair, afin que son esprit soit sauvé au jour du Seigneur.

5:8	crqw				A quoi Paul compare-t-il le mauvais comportement et la méchanceté ?	Paul les compare à du levain.

5:8	ebav				Qu'est-ce que Paul utilise comme métaphore pour la sincérité et la vérité ?	Paul utilise le pain sans levain comme une métaphore de la sincérité et de la vérité.

5:9	ykxc				Avec qui Paul a-t-il dit aux croyants de Corinthe de ne pas s'associer ?	Paul leur a écrit de ne pas s'associer à des personnes sexuellement immorales.

5:10	vg24				Paul voulait-il dire qu'ils ne devaient pas fréquenter de personnes sexuellement immorales ?	Paul ne voulait pas dire les gens immoraux de ce monde. Il faudrait sortir du monde pour rester loin d'eux.

5:11	q5sz				Avec qui Paul voulait-il que les croyants de Corinthe ne s'associent pas ?	Il voulait dire qu'ils ne devaient pas s'associer à quelqu'un qui s'appelle un frère ou une sœur en Christ et qui est sexuellement immoral, cupide, violent verbalement, ivrogne, escroc ou idolâtre.

5:12	lnax				Qui les croyants sont-ils censés juger ?	Ils sont censés juger ceux qui sont à l'intérieur de l'église.

5:13	m99n				Qui juge ceux qui sont en dehors de l'église ?	Dieu juge ceux qui sont à l'extérieur.

6:1-3	h1dd				Qu'est-ce que Paul dit que les saints de Corinthe devraient être capables de juger ?	Paul dit qu'ils devraient être capables de juger les disputes entre les saints concernant les affaires de cette vie.

6:2-3	o0lm				Qui les saints jugeront-ils ?	Les saints jugeront le monde et les anges.

6:6	bwu2				Comment les chrétiens de Corinthe gèrent-ils leurs différends les uns avec les autres ?	Un croyant va au tribunal contre un autre croyant, et cette affaire est placée devant un juge qui est un non-croyant.

6:7	j267				Qu'indique le fait qu'il y ait des disputes entre les chrétiens de Corinthe ?	Cela indique que c'est une défaite pour eux.

6:9-10	s5i0				Qui n'héritera pas du royaume de Dieu ?	Les injustes : les impudiques, les idolâtres, les adultères, les prostitués, ceux qui pratiquent l'homosexualité, les voleurs, les cupides, les ivrognes, les calomniateurs et les escrocs n'hériteront pas du royaume de Dieu.

6:11	ohwt				Qu'est-il arrivé aux croyants de Corinthe qui pratiquaient auparavant l'iniquité ?	Ils ont été purifiés et sanctifiés, rendus justes avec Dieu au nom du Seigneur Jésus-Christ et par l'Esprit de notre Dieu.

6:12-13	rg4o				Quelles sont les deux choses que Paul dit qu'il ne permettra pas de maîtriser ?	Paul dit qu'il ne sera pas maîtrisé par la nourriture ou le sexe.

6:15	ds3o				Les corps des croyants sont membres de quoi ?	Leurs corps sont des membres du Christ.

6:15	hr8e				Les croyants doivent-ils s'unir à des prostituées ?	Non. Que cela ne soit jamais !

6:16	mz9c				Que se passe-t-il lorsque quelqu'un s'unit à une prostituée ?	Les deux deviendront une seule chair.

6:17	meeg				Que se passe-t-il lorsque quelqu'un s'unit au Seigneur ?	Il devient un seul esprit avec lui.

6:18	iyrg				Contre qui les gens pèchent-ils lorsqu'ils sont sexuellement immoraux ?	Ils péchent contre leur propre corps lorsqu'ils sont sexuellement immoraux.

6:19-20	mn50				Pourquoi les croyants devraient-ils glorifier Dieu avec leur corps ?	Ils doivent glorifier Dieu par leur corps, parce que celui-ci est le temple du Saint-Esprit et qu'il a été acheté à prix d'or.

7:2	q2yj				Pourquoi chaque homme devrait-il avoir sa propre femme et chaque femme son propre mari ?	En raison des tentations de nombreux actes immoraux, chaque homme devrait avoir sa propre femme et chaque femme devrait avoir son propre mari.

7:4	gmkk				La femme ou le mari ont-ils autorité sur leur propre corps ?	Non. Le mari a autorité sur le corps de sa femme, et de même, la femme a autorité sur le corps de son mari.

7:5	kp04				Quand est-il approprié pour un mari et une femme de se priver l'un de l'autre sexuellement ?	Il convient que le mari et la femme conviennent mutuellement et fixent une période de temps spécifique, afin qu'ils puissent se consacrer à la prière.

7:8	jgm6				Selon Paul, qu'est-ce qui est bon à faire pour les veuves et les célibataires ?	Paul dit qu'il est bon pour elles de rester célibataires, comme lui.

7:9	xeex				Dans quelle situation les célibataires et les veuves doivent-ils se marier ?	Ils doivent se marier s'ils brûlent de passion et ne peuvent pas se maîtriser.

7:10-11	hljh				Quel commandement le Seigneur donne-t-il à ceux qui sont mariés ?	La femme ne doit pas se séparer de son mari. Si elle se sépare de son mari, elle doit rester célibataire ou se réconcilier avec lui. De même, le mari ne doit pas divorcer de sa femme.

7:12-13	p0zd				Un mari ou une femme croyant doit-il divorcer de son conjoint non croyant ?	Si le mari ou la femme non croyant(e) est satisfait(e) de vivre avec son conjoint, le conjoint croyant ne doit pas divorcer du non croyant.

7:15	jf44				Que doit faire un croyant si son partenaire non croyant le quitte ?	Le croyant doit laisser partir le partenaire non croyant...

7:17	r33w				Quelle règle Paul a-t-il établie dans toutes les églises ?	La règle était la suivante : Que chacun vive la vie que le Seigneur lui a assignée, et à laquelle Dieu l'a appelé.

7:18	npl0				Quels conseils Paul a-t-il donnés aux incirconcis et aux circoncis ?	Paul a dit que les incirconcis ne devaient pas devenir circoncis et que les circoncis ne devaient pas essayer d'enlever les marques de leur circoncision.

7:21-23	yva1				Qu'a dit Paul à propos des esclaves ?	S'ils étaient esclaves lorsque Dieu les a appelés, ne vous en préoccupez pas, mais s'ils peuvent devenir libres, ils doivent le faire. Même s'ils étaient esclaves, ils sont libres du Seigneur. Ils ne doivent pas devenir les esclaves des hommes.

7:26	jftz				Pourquoi Paul pensait-il qu'il était bon pour un homme qui ne s'était jamais marié de rester célibataire, comme Paul l'était ?	Paul pensait qu'en raison de la crise imminente, il était bon pour un homme de rester célibataire.

7:27	tluj				Que doivent faire les croyants s'ils sont liés à une femme par un vœu de mariage ?	Ils ne doivent pas chercher à se libérer de leur vœu d'épouser la femme.

7:28	lygn				Pourquoi Paul dit-il à ceux qui sont libres d'une épouse et à ceux qui ne sont pas mariés : "Ne cherchez pas une épouse."	Il a dit cela parce qu'il voulait leur épargner les nombreuses sortes de problèmes que ceux qui se marient auront de leur vivant.

7:31	lqal				Pourquoi ceux qui traitent avec le monde devraient-ils agir comme s'ils n'avaient pas eu affaire à lui ?	Ils doivent agir ainsi parce que le système de ce monde touche à sa fin.

7:33-34	dd2h				Pourquoi est-il difficile pour les chrétiens mariés d'être unis dans leur dévotion au Seigneur ?	C'est difficile parce qu'un mari ou une femme croyante se préoccupe des choses du monde, de la manière de plaire à sa femme ou à son mari.

7:38	bjxv				Qui fait mieux que celui qui épouse sa fiancée ?	Celui qui choisit de ne pas se marier s'en sortira encore mieux.

7:39	gojg				Pendant combien de temps une femme est-elle liée à son mari ?	Elle est liée à son mari aussi longtemps qu'il vit.

7:39	ls4k				Si le mari d'une femme croyante meurt, qui peut-elle épouser ?	Elle peut épouser qui elle veut, mais seulement celui qui est dans le Seigneur.

8:1	shxy				Quel est le sujet que Paul commence à aborder dans ce chapitre ?	Paul aborde le sujet de la nourriture sacrifiée aux idoles.

8:1	foup				Quels résultats la connaissance et l'amour entraînent-ils ?	La connaissance rend fier, mais l'amour construit.

8:4	t0rk				Une idole est-elle égale à Dieu ?	Non. Une idole dans ce monde n'est rien, et il n'y a qu'un seul Dieu.

8:6	t510				Qui est le Dieu unique ?	Il n'y a qu'un seul Dieu le Père. De lui viennent toutes choses, et nous vivons pour lui.

8:6	hdyu				Qui est l'unique Seigneur ?	Il n'y a qu'un seul Seigneur Jésus-Christ, par qui tout existe, et par qui nous existons.

8:7	ulos				Que se passe-t-il lorsque certains qui pratiquaient le culte des idoles mangent de la nourriture comme si elle avait été sacrifiée à une idole ?	Leur conscience est corrompue parce qu'elle est faible.

8:8	zii4				La nourriture que nous mangeons nous rend-elle meilleurs ou pires aux yeux de Dieu ?	La nourriture ne nous recommandera pas à Dieu. Nous ne sommes pas pires si nous ne mangeons pas, ni meilleurs si nous en mangeons.

8:9	xft6				De quoi devons-nous faire attention à ce que notre liberté ne devienne pas ?	Nous devons veiller à ce que notre liberté ne devienne pas une raison de trébucher pour quelqu'un qui est faible dans la foi.

8:11	worq				Que peut-il arriver à un frère ou une sœur ayant une conscience faible si ceux qui comprennent la vraie nature des idoles ne font pas attention à l'usage de leur liberté ?	Un frère ou une sœur ayant une conscience faible peut être détruit.

8:11-12	j14x				Contre qui péchons-nous lorsque nous faisons sciemment trébucher un frère ou une sœur en Christ à cause de sa faible conscience ?	Nous péchons contre le frère ou la sœur que nous avons fait trébucher, et nous péchons contre le Christ.

8:13	eu02				Qu'est-ce que Paul dit qu'il fera si la nourriture fait trébucher son frère ou sa sœur ?	Pauls dit que si sa nourriture fait trébucher son frère ou sa sœur, il ne mangera plus jamais de viande.

9:1-2	cvek				Quelle preuve Paul a-t-il donnée qu'il était un apôtre ?	Paul dit que parce que les croyants de Corinthe étaient son ouvrage dans le Seigneur, ils étaient eux-mêmes la preuve de l'apostolat de Paul dans le Seigneur.

9:4-5	trtj				Quels droits Paul a-t-il énumérés pour les apôtres, les frères du Seigneur et Céphas ?	Paul a dit qu'ils avaient le droit de manger et de boire et le droit d'emmener avec eux une femme qui est croyante.

9:7	mz5u				Quels exemples Paul donne-t-il de ceux qui reçoivent des avantages ou une rémunération de leur travail ?	Paul mentionne les soldats, celui qui plante une vigne et celui qui garde un troupeau comme exemples de personnes qui reçoivent des avantages ou une rémunération de leur travail.

9:9	pe3c				Quel exemple de la loi de Moïse Paul a-t-il donné pour soutenir l'idée de recevoir des avantages ou un salaire de son travail ?	Pour étayer son argument, Paul cite le commandement suivant : "Ne muselle pas le bœuf quand il foule le grain."

9:12	a8jv				Pourquoi Paul et ses compagnons n'ont-ils pas revendiqué leur droit à des avantages matériels de la part des Corinthiens ?	Paul et ses compagnons n'ont pas revendiqué ce droit afin de ne pas faire obstacle à l'Évangile du Christ.

9:14	hba5				Qu'est-ce que le Seigneur a ordonné concernant ceux qui annoncent l'Évangile ?	Le Seigneur a ordonné que ceux qui annoncent l'Évangile tirent leur subsistance de l'Évangile.

9:16	rztd				De quoi Paul a-t-il dit qu'il ne pouvait pas se vanter, et pourquoi ne pouvait-il pas s'en vanter ?	Paul a dit qu'il ne pouvait pas se vanter de prêcher l'évangile, parce qu'il devait prêcher l'évangile.

9:19	o0pj				Pourquoi Paul est-il devenu le serviteur de tous ?	Paul s'est fait le serviteur de tous afin de gagner davantage de personnes à Dieu.

9:20	uh18				A qui Paul a-t-il ressemblé pour gagner les Juifs ?	Paul s'est fait passer pour un juif afin de gagner des juifs.

9:21	zqbb				A qui Paul a-t-il ressemblé pour gagner ceux qui sont en dehors de la loi ?	Paul est devenu comme ceux qui sont en dehors de la loi afin de gagner ceux qui sont en dehors de la loi.

9:23	fpvx				Pourquoi Paul a-t-il tout fait à cause de l'Évangile ?	Il a fait cela afin de pouvoir participer aux bénédictions de l'évangile.

9:24	dm5o				Comment Paul a-t-il dit de courir ?	Paul a dit de courir pour gagner le prix.

9:25	mdrr				Quel genre de couronne Paul s'apprêtait-il à recevoir ?	Paul courait afin de recevoir une couronne qui ne périt pas.

9:27	ft21				Pourquoi Paul a-t-il soumis son corps et en a-t-il fait un esclave ?	Paul a fait cela pour qu'après avoir prêché aux autres, il ne soit pas lui-même disqualifié.

10:1-4	eaaw				Quelles expériences communes leurs pères ont-ils vécues à l'époque de Moïse ?	Tous étaient sous la nuée et ont traversé la mer. Tous ont été baptisés en Moïse dans la nuée et dans la mer, et tous ont mangé la même nourriture spirituelle et bu la même boisson spirituelle.

10:4	ywzb				Qui était le rocher spirituel qui suivait leurs pères ?	Le Christ était le rocher qui les suivait.

10:6	uqfr				Pourquoi Dieu n'a-t-il pas été satisfait de leurs pères au temps de Moïse ?	Il n'était pas content parce que leurs pères désiraient des choses mauvaises.

10:9-10	bjcw				Par quel moyen Dieu a-t-il détruit le peuple désobéissant et râleur ?	Dieu les a détruits par des serpents et le destructeur, l'ange de la mort.

10:11	nxg7				Pourquoi les choses se sont-elles produites et pourquoi ont-elles été écrites ?	Ils se sont produits comme des exemples pour nous et ils ont été mis par écrit pour notre instruction.

10:13	md71				Une tentation unique nous est-elle arrivée ?	Il n'y a pas de tentation qui ne soit pas commune à toute l'humanité.

10:13	pcrh				Qu'est-ce que Dieu a fait pour nous permettre de supporter la tentation ?	Il a prévu le moyen de s'échapper pour que nous puissions supporter la tentation.

10:14	nt41				De quoi Paul avertit-il les croyants corinthiens de s'enfuir ?	Il les avertit de fuir l'idolâtrie.

10:16	t64w				Quelle est la coupe de bénédiction que les croyants bénissent, et quel est le pain qu'ils rompent ?	La coupe est une participation au sang du Christ. Le pain est une participation au corps du Christ.

10:20	m2tj				A qui les païens offrent-ils leurs sacrifices ?	Ils offrent ces choses aux démons et non à Dieu.

10:20-21	mayf				Puisque Paul ne voulait pas que les croyants de Corinthe soient des participants avec des démons, que leur dit-il qu'ils ne peuvent pas faire ?	Paul leur dit qu'ils ne peuvent pas boire la coupe du Seigneur et la coupe des démons, et qu'ils ne peuvent pas être en communion à la table du Seigneur et à la table des démons.

10:22	nqyj				Que risquons-nous si, en tant que croyants du Seigneur, nous participons aussi avec les démons ?	Nous risquons de provoquer la jalousie du Seigneur.

10:24	uzgi				Devons-nous chercher notre propre bien ?	Non. Au contraire, chacun doit chercher le bien de son prochain.

10:27	g0lx				Si un non-croyant vous invite à prendre un repas et que vous souhaitez y aller, que devez-vous faire ?	Vous devez manger tout ce qui vous est proposé sans vous poser de questions de conscience.

10:28-29	jgng				Si votre hôte incroyant vous dit que la nourriture que vous êtes sur le point de manger provient d'un sacrifice païen, pourquoi ne devriez-vous pas la manger ?	Vous ne devriez pas le manger, par égard pour la personne qui vous a informé et par égard pour la conscience de l'autre personne.

10:31	eyhg				Que devons-nous faire pour la gloire de Dieu ?	Nous devons faire toutes choses, y compris manger et boire, pour la gloire de Dieu.

10:32-33	anma				Pourquoi ne devrions-nous pas offenser les Juifs, les Grecs ou l'Église de Dieu ?	Nous ne devons pas les offenser afin qu'ils soient sauvés.

11:1	zv18				Qui Paul a-t-il dit aux croyants de Corinthe d'imiter ?	Paul leur a dit de s'imiter.

11:1	hxu8				Qui Paul a-t-il imité ?	Paul était un imitateur du Christ.

11:2	noh3				De quoi Paul a-t-il loué les croyants de Corinthe ?	Paul les a félicités de se souvenir de lui en toutes choses et de s'en tenir aux traditions telles qu'il les a transmises aux Corinthiens.

11:3	fbzu				Qui est la tête du Christ ?	Dieu est la tête du Christ.

11:3	p9ff				Qui est le chef de l'homme ?	Le Christ est la tête de chaque homme.

11:3	mn02				Qui est le chef de la femme ?	L'homme est le chef de la femme.

11:4	aetp				Que se passe-t-il quand un homme prie la tête couverte ?	Il déshonore sa tête s'il prie la tête couverte.

11:5	mrpi				Que se passe-t-il lorsqu'une femme prie la tête découverte ?	Toute femme qui prie la tête découverte déshonore sa tête.

11:7	bgmr				Pourquoi un homme ne devrait-il pas avoir la tête couverte ?	Il ne doit pas avoir la tête couverte car il est l'image et la gloire de Dieu.

11:9	ratf				Pour qui la femme a-t-elle été créée ?	La femme a été créée pour l'homme.

11:11-12	i00n				Pourquoi la femme et l'homme sont-ils dépendants l'un de l'autre ?	La femme vient de l'homme, et l'homme vient de la femme.

11:13	i31f				Quelle était la pratique de Paul, de ses associés et des églises de Dieu concernant la prière des femmes ?	Les femmes avaient l'habitude de prier la tête couverte.

11:19	ifwp				Pourquoi doit-il y avoir des factions parmi les chrétiens de Corinthe ?	Il doit y avoir des factions parmi eux afin que ceux qui sont approuvés puissent être reconnus parmi eux.

11:21	excy				Ce qui se passait quand l'église de Corinthe se réunissait pour manger.	Quand ils mangeaient, chacun mangeait sa propre nourriture avant que les autres aient leur repas. L'un avait faim, l'autre s'enivrait.

11:23-24	q76g				La nuit où il a été trahi, qu'a dit le Seigneur après avoir rompu le pain ?	Il a dit : "Ceci est mon corps, qui est pour vous ; faites ceci en mémoire de moi."

11:25	vtpv				Qu'a dit le Seigneur lorsqu'il a pris la coupe après le repas ?	Il a dit : "Cette coupe est la nouvelle alliance en mon sang. Faites ceci chaque fois que vous en boirez, en mémoire de moi."

11:26	iy64				Que faites-vous chaque fois que vous mangez ce pain et buvez cette coupe ?	Vous proclamez la mort du Seigneur jusqu'à ce qu'il vienne.

11:27	fw4u				Pourquoi une personne ne devrait-elle pas manger le pain ou boire la coupe du Seigneur d'une manière indigne ?	En agissant ainsi, vous vous rendez coupable du corps et du sang du Seigneur.

11:29	alql				Qu'arrive-t-il à la personne qui mange le pain ou boit la coupe sans discernement ?	En agissant ainsi, cette personne mange et boit selon son propre jugement.

11:30	puxg				Qu'est-il arrivé à plusieurs membres de l'église de Corinthe qui ont mangé le pain et bu la coupe du Seigneur de manière indigne ?	Beaucoup d'entre eux sont tombés malades, et certains sont morts.

11:33	z77y				Que dit Paul aux croyants de Corinthe lorsqu'ils se réunissent pour manger ?	Il leur dit d'attendre l'un l'autre.

12:1	u620				Sur quoi Paul veut-il que les chrétiens de Corinthe soient informés ?	Paul veut qu'ils soient informés des dons spirituels.

12:3	q4ki				Qu'est-ce que celui qui parle par l'Esprit de Dieu n'est pas capable de dire ?	Il ne peut pas dire : "Jésus est maudit."

12:3	d393				Comment peut-on dire : "Jésus est Seigneur" ?	On ne peut dire "Jésus est Seigneur" que par le Saint-Esprit.

12:4-6	fi5g				Qu'est-ce que Dieu rend possible dans chaque croyant ?	Il rend possible dans chaque croyant différents dons, différents ministères et différents types de travail.

12:7	zgje				Pourquoi la manifestation extérieure de l'Esprit est-elle donnée ?	Elle est donnée pour le bénéfice de tous.

12:9-10	y5e4				Quels sont certains des dons donnés par l'Esprit ?	Certains de ces dons sont la foi, les dons de guérison, les actes de puissance, la prophétie, la capacité de distinguer les esprits, les différentes sortes de langues et l'interprétation des langues.

12:11	eycz				Qui choisit les cadeaux que chacun reçoit ?	L'Esprit donne les dons à chacun individuellement, comme il l'entend.

12:13	b5s6				Dans quoi tous les chrétiens ont-ils été baptisés ?	Nous avons tous été baptisés en un seul corps et tous ont été abreuvés d'un seul Esprit.

12:18	z3pe				Qui a arrangé et conçu chaque partie du corps ?	Dieu a disposé chaque partie du corps comme il l'a conçu.

12:22	bs9c				Pouvons-nous nous passer des membres du corps qui semblent moins honorables ?	Non. Les membres du corps qui semblent moins honorables sont essentiels.

12:24	gplm				Qu'est-ce que Dieu a fait pour les membres du corps, y compris ceux qui sont moins honorables ?	Dieu a réuni tous les membres, et il a donné plus d'honneur à ceux qui en manquaient.

12:25	wadc				Pourquoi Dieu a-t-il donné plus d'honneur aux membres du corps qui en manquaient ?	Il a fait cela afin qu'il n'y ait pas de division au sein du corps, mais que les membres aient soin les uns des autres avec la même affection.

12:28	s9wt				Qui Dieu a-t-il nommé dans l'église ?	Dans l'église, Dieu a désigné premièrement des apôtres, deuxièmement des prophètes, troisièmement des enseignants, ceux qui font des actes de puissance, des dons de guérison, ceux qui fournissent des aides, des administrateurs, et ceux qui parlent diverses sortes de langues.

12:31	ii2i				Qu'est-ce que Paul dit aux chrétiens de Corinthe de rechercher ?	Il leur dit de rechercher les dons les plus importants.

12:31	cs7e				Qu'est-ce que Paul dit qu'il va montrer aux chrétiens de Corinthe ?	Il dit qu'il leur montrera une voie plus excellente.

13:1	az4d				Que deviendrait Paul s'il parlait les langues des hommes et des anges mais n'avait pas l'amour ?	Il deviendrait un gong bruyant ou une cymbale retentissante.

13:2	tp14				Que serait Paul s'il avait le don de prophétie, s'il comprenait toutes les vérités et connaissances cachées, s'il avait une grande foi, mais s'il n'avait pas l'amour ?	Sans amour, il ne serait rien.

13:3	swse				Comment Paul a-t-il pu donner tout ce qu'il possédait pour nourrir les pauvres et donner son corps pour être brûlé et ne rien gagner ?	S'il n'avait pas d'amour, il ne gagnerait rien, même s'il faisait toutes ces autres choses.

13:5-7	mowc				Quelles sont certaines des caractéristiques de l'amour ?	L'amour est patient et gentil ; il n'est pas envieux ni vantard ; il n'est pas arrogant ni grossier. Il n'est pas égoïste, il ne se met pas facilement en colère, et il ne compte pas ses torts. Il ne se réjouit pas de l'injustice, mais se réjouit de la vérité. Elle supporte tout, elle croit tout, elle a confiance en tout et elle endure tout.

13:8	necq				Qu'est-ce qui n'échouera jamais ?	L'amour n'échoue jamais.

13:8-10	z4gn				Quelles sont les choses qui vont passer ou cesser ?	Les prophéties, la connaissance et ce qui est incomplet passeront et les langues cesseront.

13:11	zyxy				Qu'est-ce que Paul dit avoir fait quand il est devenu adulte ?	Paul a dit que lorsqu'il est devenu adulte, il s'est débarrassé des choses enfantines.

13:13	vpuk				Quelles sont les trois choses qui resteront, et laquelle des trois est la plus grande ?	La foi, l'espoir et l'amour resteront. Le plus grand de ces éléments est l'amour.

14:1	n48f				Pour quel don spirituel Paul a-t-il dit que nous devions être particulièrement zélés ?	Paul a dit que nous devrions être particulièrement zélés pour prophétiser.

14:2	yjaj				A qui parle-t-on lorsqu'on s'exprime en langue ?	Il ne s'adresse pas aux gens mais à Dieu.

14:3-4	xy14				Qui est édifié par celui qui prophétise, et qui est édifié par celui qui parle en langues ?	Celui qui prophétise édifie le peuple, mais celui qui parle en langues s'édifie lui-même.

14:7-9	o69v				A quoi Paul compare-t-il le discours que l'on ne peut pas comprendre ?	Il le compare à des instruments comme la flûte ou la harpe s'ils ne produisent pas de sons distinctifs, et aussi à une trompette jouée avec un son incertain.

14:12	ocz0				Qu'est-ce que Paul dit que les croyants de Corinthe devraient être zélés à faire ?	Il dit qu'ils doivent être zélés pour abonder en dons pour l'édification de l'église.

14:13	a2ud				En effet, que doit prier celui qui parle en langue ?	Il doit prier pour pouvoir interpréter.

14:14	dcf5				Selon Paul, que faisaient son esprit et sa pensée lorsqu'il priait en langue ?	Paul a dit que s'il priait dans une langue, son esprit priait, mais son esprit était infructueux.

14:15	yjl4				Comment Paul a-t-il dit qu'il allait prier et chanter ?	Paul a dit qu'il allait prier et chanter non seulement avec son esprit mais aussi avec sa pensée.

14:19	rcna				Qu'est-ce que Paul a dit qu'il préférait faire plutôt que de prononcer 10.000 mots dans une langue ?	Paul a dit qu'il préférait dire cinq mots avec son intelligence afin d'instruire les autres.

14:22	x6ax				Pour qui les langues et la prophétie sont-elles un signe ?	Les langues sont un signe pour les non-croyants, et la prophétie est un signe pour les croyants.

14:23	lzt8				Que diraient probablement les étrangers et les incroyants s'ils entraient dans l'église et que tous parlaient en langues ?	Ils diraient probablement que les croyants sont fous.

14:24	tua2				Selon Paul, que se passerait-il si tous les membres de l'église prophétisaient et qu'un incroyant ou un étranger entrait ?	Paul dit que l'incroyant ou l'étranger sera convaincu et examiné par tout ce qu'il a entendu.

14:25	z85j				Que ferait l'incroyant ou l'étranger si ceux qui prophétisent révélaient les secrets de son cœur ?	Il tombait sur sa face, adorait Dieu, et déclarait que Dieu était vraiment parmi eux.

14:27-28	y7pr				Quelle est l'instruction de Paul pour ceux qui parlent en langues lorsque les croyants se réunissent ?	Il dit que seuls deux ou trois au maximum devraient parler, chacun à son tour. S'il n'y a personne pour interpréter la langue, que chacun d'eux se taise dans l'église.

14:29-30	yqkw				Quelle est l'instruction de Paul aux prophètes lorsque l'église se réunit ?	Paul dit de laisser deux ou trois prophètes parler pendant que les autres personnes écoutent avec discernement ce qui est dit. Si un autre prophète a une idée, celui qui parle doit se taire.

14:34	p570				Où Paul dit-il que les femmes ne sont pas autorisées à parler ?	Paul dit que les femmes n'ont pas le droit de parler dans les églises.

14:35	lyhw				Qu'est-ce que Paul a dit que les femmes devaient faire si elles voulaient apprendre quelque chose ?	Paul leur a dit de demander à leurs maris à la maison.

14:35	r5ke				Comment les gens voyaient-ils une femme parler dans l'église ?	C'était considéré comme une honte.

14:37	smw2				Qu'est-ce que Paul a dit qui devrait être reconnu par ceux qui se prennent pour des prophètes ou des spirituels ?	Paul a dit qu'ils devaient reconnaître que les choses qu'il a écrites aux croyants de Corinthe étaient un commandement du Seigneur.

14:40	m5ko				Comment tout doit être fait dans l'Église ?	Toutes les choses doivent être faites correctement et en ordre.

15:1	nwpg				A propos de quoi Paul a-t-il rappelé les frères et sœurs ?	Il leur a rappelé l'évangile qu'il leur avait annoncé.

15:2	nos9				Quelle condition devait être remplie pour que les Corinthiens soient sauvés par l'évangile que Paul leur a prêché ?	Paul leur a dit qu'ils seraient sauvés s'ils s'en tenaient fermement à la parole qu'il leur prêchait.

15:3-5	rvez				Quelles étaient les parties de l'évangile qui étaient de première importance ?	Les parties qui étaient de première importance étaient que le Christ est mort pour nos péchés selon les Écritures, qu'il a été enseveli et qu'il est ressuscité le troisième jour selon les Écritures.

15:6-8	wxl4				A qui le Christ est-il apparu après sa résurrection des morts ?	Après sa résurrection des morts, le Christ est apparu à Céphas, aux Douze, à plus de 500 frères et sœurs à la fois, à Jacques, à tous les apôtres et à Paul.

15:9	i6jj				Pourquoi Paul a-t-il dit qu'il était le plus petit des apôtres ?	Il a dit cela parce qu'il a persécuté l'église de Dieu.

15:12	g8sc				Qu'est-ce que Paul a laissé entendre que certains des croyants corinthiens disaient de la résurrection ?	Il a laissé entendre que certains d'entre eux disaient qu'il n'y avait pas de résurrection des morts.

15:13-14	twex				S'il n'y a pas de résurrection des morts, qu'est-ce que Paul dit qui doit aussi être vrai ?	Paul dit que s'il n'y a pas de résurrection, alors même le Christ n'est pas ressuscité des morts, et la prédication de Paul et d'autres comme lui est vaine, et la foi des Corinthiens est également vaine.

15:18	ke16				Si le Christ n'est pas ressuscité, qu'est-il arrivé à ceux qui sont morts en Christ ?	Ils ont péri.

15:19	qq81				Que dit Paul si, dans cette vie seulement, nous avons confiance en l'avenir en Christ ?	Si c'est le cas, Pauls dit que de tous les peuples, nous sommes les plus à plaindre.

15:20	jptb				Comment Paul appelle-t-il le Christ ?	Il appelle le Christ "les prémices de ceux qui sont morts".

15:22	z63e				Qui est l'homme par qui la mort est venue dans le monde, et qui est l'homme par qui tous seront rendus vivants ?	Adam a apporté la mort dans le monde, et par le Christ, tous seront rendus vivants.

15:23	y1ns				Quand ceux qui appartiennent au Christ seront-ils rendus à la vie ?	Cela se produira lorsque le Christ viendra.

15:24	e4zx				Que se passera-t-il à la fin ?	Le Christ remettra le royaume à Dieu le Père, lorsqu'il aura aboli toute règle, toute autorité et tout pouvoir.

15:25	keqk				Combien de temps le Christ doit-il régner ?	Il doit régner jusqu'à ce qu'il ait mis tous ses ennemis sous ses pieds.

15:26	mxlv				Quel est le dernier ennemi à être détruit ?	La mort est le dernier ennemi à détruire.

15:27	n3jj				Qui n'est pas inclus quand il est dit, "il a tout mis sous ses pieds".	Dieu, celui qui a tout soumis au Fils (lui-même) n'est pas inclus comme étant soumis (au Fils).

15:28	h5ep				Que fera le Fils pour que Dieu le Père soit tout en tous ?	Le Fils lui-même sera soumis à celui qui lui a tout soumis.

15:32	z3r6				Qu'est-ce que Paul a déclaré qu'ils pourraient aussi bien faire si les morts ne ressuscitent pas ?	Paul a déclaré : "Mangeons et buvons, car demain nous mourrons."

15:34	qket				Qu'est-ce que Paul ordonne aux Corinthiens de faire ?	Il leur ordonne d'être sobres, de vivre dans la droiture et de ne pas continuer à pécher.

15:34	mgv6				Que dit Paul à la honte des Corinthiens ?	Il a dit que certains d'entre eux n'ont aucune connaissance de Dieu.

15:35-38	ryd0				A quoi Paul compare-t-il la résurrection des morts ?	Il la compare à une graine que l'on sème.

15:36	dfvx				Que doit-il arriver à une graine avant qu'elle ne commence à pousser ?	Il doit mourir.

15:37	hz38				La graine nue qui est semée ressemble-t-elle au corps (plante) qui naît de la graine ?	Non, ce que tu sèmes ne ressemble pas au corps qui sera.

15:39	zdxx				Toutes les chairs sont-elles les mêmes ?	Non. Toutes les chairs ne sont pas identiques. Les chairs des êtres humains, des animaux, des oiseaux et des poissons sont toutes différentes les unes des autres.

15:40	wu1v				Existe-t-il d'autres types de corps ?	Il existe également des corps célestes et des corps terrestres.

15:41	sf78				Le soleil, la lune et les étoiles partagent-ils tous la même gloire ?	Il y a une gloire du soleil, et une autre gloire de la lune, et une autre gloire des étoiles, et une étoile diffère d'une autre étoile en gloire.

15:42-44	w329				Comment nos corps périssables sont-ils semés ?	Ils sont semés dans la pourriture, le déshonneur et la faiblesse.

15:42-44	bexl				Quelle est notre condition lorsque nous sommes ressuscités des morts ?	Ce qui est ressuscité est un corps spirituel impérissable ; il est ressuscité dans la gloire et la puissance.

15:45	hxa1				Qu'est devenu le premier homme Adam ?	Il est devenu une âme vivante.

15:45	hztq				Qu'est devenu le dernier Adam ?	Il est devenu un esprit qui donne la vie.

15:47	mp68				D'où viennent le premier homme et le deuxième homme ?	Le premier homme est de la terre, fait de poussière. Le second homme vient du ciel.

15:49	w438				De qui avons-nous porté l'image et de qui porterons-nous l'image ?	De même que nous avons porté l'image de l'homme de la poussière, nous porterons aussi l'image de l'homme du ciel.

15:50	k3wt				Qu'est-ce qui ne peut hériter du royaume de Dieu ?	La chair et le sang ne peuvent hériter du royaume de Dieu.

15:51	isjg				Que va-t-il nous arriver à tous ?	Nous serons tous changés.

15:52	v1or				Quand et à quelle vitesse serons-nous changés ?	Lorsque la dernière trompette retentira, nous serons changés en un instant, en un clin d'œil,

15:54	er4n				Que se passera-t-il lorsque ce périssable aura revêtu l'impérissable et que ce mortel aura revêtu l'immortalité ?	La mort sera engloutie dans la victoire.

15:56	w1na				Quel est l'aiguillon de la mort et quelle est la puissance du péché ?	L'aiguillon de la mort est le péché et la puissance du péché est la loi.

15:57	y2zi				Par qui Dieu nous donne-t-il la victoire ?	Dieu nous donne la victoire par notre Seigneur Jésus-Christ !

15:58	qmkz				Quelle raison Paul donne-t-il pour dire aux frères et sœurs de Corinthe d'être fermes, inébranlables, et d'abonder toujours dans l'œuvre du Seigneur ?	Il leur dit de faire cela parce qu'ils savent que leur travail dans le Seigneur n'est pas vain.

16:1	xq9p				Qui Paul a-t-il dirigé de la même manière que l'église de Corinthe concernant la collecte pour les saints ?	Paul a dirigé les églises de Galatie de la même manière que l'église de Corinthe.

16:2	bw1f				Comment Paul a-t-il dit à l'église de Corinthe de faire leur collecte ?	Il leur dit que le premier jour de la semaine, chacun d'entre eux devait mettre quelque chose de côté et l'emmagasiner comme chacun le pouvait, afin qu'il n'y ait pas de collecte lorsque Paul viendrait.

16:3	v3nz				A qui allait l'offrande ?	Elle était destinée aux saints de Jérusalem.

16:5	mh6t				Quand Paul allait-il venir à l'église de Corinthe ?	Il a dit qu'il allait venir les voir quand il passerait par la Macédoine.

16:7	uje8				Pourquoi Paul ne voulait-il pas voir les saints de Corinthe immédiatement, pour une courte période ?	Paul voulait leur rendre visite pour plus qu'un court moment, si le Seigneur le permettait.

16:8-9	jqqc				Pourquoi Paul allait-il rester à Éphèse jusqu'à la Pentecôte ?	Paul est resté à Éphèse parce qu'une grande porte s'était ouverte pour lui, et il y avait beaucoup d'adversaires.

16:10	spyj				Que faisait Timothy ?	Il faisait le travail du Seigneur, tout comme Paul.

16:10-11	lt0q				Qu'est-ce que Paul a ordonné à l'église de Corinthe de faire concernant Timothée ?	Paul a dit à l'église de Corinthe de voir que Timothée était avec eux sans crainte. Paul leur a dit de ne pas mépriser Timothée et aussi d'aider Timothée à poursuivre son chemin en paix.

16:12	ac6t				Qu'est-ce que Paul a fortement encouragé Apollos à faire ?	Paul a fortement encouragé Apollos à rendre visite aux saints de Corinthe.

16:15	cj11				Qui, parmi les Corinthiens, s'était mis au service des saints ?	La maison de Stephanas s'est mise au service des saints.

16:16	umfu				Qu'est-ce que Paul a dit aux saints de Corinthe de faire concernant la maison de Stephanas ?	Paul leur a dit d'être soumis à de telles personnes.

16:17-18	enlc				Qu'ont fait Stephanas, Fortunatus et Achaicus pour Paul ?	Ils ont compensé l'absence des saints de Corinthe et ont rafraîchi l'esprit de Paul.

16:19-20	c8so				Qui a envoyé ses salutations à l'église de Corinthe ?	Les Églises d'Asie, Aquila et Priscille, et tous les frères et sœurs ont envoyé leurs salutations à l'Église de Corinthe.

16:22	ptjl				Que dit Paul à propos de ceux qui n'aiment pas le Seigneur ?	Paul a dit : "Si quelqu'un n'aime pas le Seigneur, que la malédiction soit sur lui."
