1:1	bpjr				A qui Luc a-t-il adressé ce livre ?	Luc a adressé ce livre à Théophile.

1:3	ve8f				Qu'a fait Jésus pendant quarante jours après sa souffrance ?	Jésus est apparu vivant à ses apôtres, disant des choses sur le royaume de Dieu.

1:4	qacc				Pour quoi Jésus a-t-il ordonné à ses apôtres d'attendre ?	Jésus a dit à ses apôtres d'attendre la promesse du Père.

1:5	zs4j				Avec quoi les apôtres seraient-ils baptisés en quelques jours ?	Les apôtres seront baptisés du Saint-Esprit.

1:7	b10x				Lorsque les apôtres ont voulu connaître le calendrier de la restauration du royaume, comment Jésus leur a-t-il répondu ?	Jésus leur a dit que ce n'était pas à eux de connaître le temps.

1:8	q5vv				Qu'est-ce que Jésus a dit aux apôtres qu'ils recevraient du Saint-Esprit ?	Jésus a dit que les apôtres recevraient une puissance.

1:8	noge				Où Jésus a-t-il dit que les apôtres seraient ses témoins ?	Jésus a dit que les apôtres seraient des témoins en Judée, en Samarie et jusqu'aux extrémités de la terre.

1:9	j1c1				Comment Jésus s'est-il éloigné de ses apôtres ?	Jésus fut élevé et une nuée le cacha à leurs yeux.

1:11	dlze				Comment les anges ont-ils dit que Jésus reviendrait sur la terre ?	Les anges ont dit que Jésus reviendrait de la même manière qu'il est allé au ciel.

1:14	j3r6				Que faisaient les apôtres, les femmes, Marie et les frères de Jésus dans la chambre haute ?	Ils priaient assidûment.

1:16	iizu				Qu'est-ce qui s'est accompli dans la vie de Judas, qui a trahi Jésus ?	L'Écriture avait été accomplie par Judas.

1:18	ethl				Qu'est-il arrivé à Judas après qu'il ait reçu l'argent pour avoir trahi Jésus ?	Judas a acheté un champ, est tombé la tête la première, son corps a éclaté et ses intestins se sont déversés.

1:20	quxi				Dans le livre des Psaumes, qu'est-il dit qu'il devrait arriver à la position de leader de Judas ?	Les Psaumes disaient que la position de leader de Judas devait être remplie par quelqu'un d'autre.

1:21-22	xj9p				Quelles étaient les exigences pour l'homme qui prendrait le poste de direction de Judas ?	L'homme qui prend ce poste doit avoir accompagné les apôtres depuis le baptême de Jean et avoir été témoin de la résurrection de Jésus.

1:24-26	s4zm				Comment les apôtres ont-ils déterminé lequel des deux candidats devait prendre la place de Judas ?	Les apôtres ont prié pour que Dieu révèle son choix, puis ils ont tiré au sort.

1:26	ks3s				Qui était alors au nombre des onze apôtres ?	Matthias fut alors compté parmi les onze apôtres.

2:1	bi7w				En quel jour de la fête juive tous les disciples étaient-ils réunis ?	Les disciples étaient réunis le jour de la Pentecôte.

2:4	zobx				Lorsque le Saint-Esprit est entré dans la maison, qu'ont commencé à faire les disciples ?	Les disciples ont commencé à parler d'autres langues.

2:5	ak49				A cette époque, à Jérusalem, d'où venaient les Juifs pieux ?	Les Juifs pieux étaient venus de toutes les nations sous le ciel.

2:6	n6b5				Pourquoi la multitude était-elle confuse lorsqu'elle entendait les disciples parler ?	La multitude était confuse car chacun les entendait parler dans sa propre langue.

2:11	oncl				De quoi les disciples parlaient-ils ?	Les disciples racontaient les œuvres puissantes de Dieu.

2:13-15	ojql				Que pensaient certains de ceux qui se moquaient des disciples ?	Certains se sont moqués et ont pensé qu'ils étaient pleins de vin nouveau.

2:16-20	p5qj				Qu'est-ce que Pierre a dit qui s'accomplissait à ce moment-là ?	Pierre a déclaré que la prophétie de Joël s'était accomplie et que Dieu allait répandre son Esprit sur toute chair.

2:21	khwx				Dans la prophétie de Joël, qui sont ceux qui seront sauvés ?	Ceux qui invoquent le nom du Seigneur seront sauvés.

2:22	cina				Comment le ministère de Jésus a-t-il été authentifié par Dieu ?	Le ministère de Jésus a été authentifié par les œuvres puissantes, les prodiges et les signes que Dieu a accomplis par son intermédiaire.

2:23	gr6w				Qui avait prévu que Jésus soit crucifié ?	Jésus a été crucifié selon le plan déterminé de Dieu.

2:25-27	a4m2				Dans l'Ancien Testament, qu'a prophétisé le roi David au sujet du Saint de Dieu ?	Le roi David a dit que Dieu ne permettrait pas à son Saint de voir la pourriture.

2:30	ni49				Quelle promesse Dieu avait-il faite au roi David concernant sa descendance ?	Dieu avait promis au roi David qu'un de ses descendants s'assiérait sur son trône.

2:31	qqli				Dans l'Ancien Testament, qu'a prophétisé le roi David au sujet du Saint de Dieu ?	Le roi David a dit que Dieu ne permettrait pas à son Saint de voir la pourriture.

2:32	hno7				Qui est le Saint de Dieu qui n'a pas vu la pourriture et qui s'assiéra sur le trône ?	Jésus était le Saint et le Roi prophétisé.

2:36	jegc				Pierre a prêché que Dieu avait maintenant donné à Jésus quels deux titres ?	Dieu avait fait de Jésus à la fois le Seigneur et le Christ.

2:37	xm2o				Lorsque la foule a entendu la prédication de Pierre, quelle a été sa réaction ?	La multitude a demandé ce qu'elle devait faire.

2:38	ql6u				Qu'est-ce que Pierre a dit à la foule de faire ?	Pierre a dit à la multitude de se repentir et d'être baptisée au nom de Jésus-Christ pour le pardon de leurs péchés.

2:39	iq1i				Pour qui, selon Pierre, la promesse de Dieu a-t-elle été faite ?	Pierre a dit que la promesse de Dieu était pour la multitude, leurs enfants, et tous ceux qui étaient loin.

2:41	pubz				Combien de personnes ont été baptisées ce jour-là ?	Environ trois mille personnes ont été baptisées.

2:42	tlei				Dans quoi les baptisés continuaient-ils à vivre ?	Ils continuaient l'enseignement des apôtres et la communion fraternelle, la fraction du pain et les prières.

2:44-45	n3ej				Que faisaient ceux qui croyaient pour aider ceux qui étaient dans le besoin ?	Ils vendirent leurs biens et leurs possessions et les distribuèrent à tous, selon les besoins de chacun.

2:46	mu6c				Où les croyants se réunissaient-ils à cette époque ?	Les croyants se réunissaient dans le Temple.

2:47	po4s				Qui s'ajoutait jour après jour au groupe des croyants ?	Le Seigneur ajoutait jour après jour ceux qui étaient sauvés.

3:2	dza4				Qui Pierre et Jean ont-ils vu en entrant dans le Temple ?	Pierre et Jean ont vu un homme boiteux de naissance qui mendiait à la porte du Temple.

3:6	caoy				Qu'est-ce que Pierre n'a pas donné à l'homme ?	Pierre n'a pas donné à l'homme de l'argent et de l'or.

3:7	efxt				Qu'a fait Pierre pour cet homme ?	Pierre a donné à l'homme la capacité de marcher.

3:8	b2rw				Comment l'homme a-t-il réagi à ce que Pierre lui a donné ?	L'homme est entré dans le Temple en marchant, en sautant et en louant Dieu.

3:10	g7co				Comment ont réagi les gens qui ont vu l'homme dans le Temple ?	Les gens étaient émerveillés et stupéfaits.

3:15	g25l				Qu'est-ce que Pierre a rappelé aux gens qu'ils avaient fait avec Jésus ?	Pierre a rappelé aux gens qu'ils avaient tué Jésus.

3:16	hu53				Qu'est-ce qui, selon Pierre, a permis à l'homme de se rétablir ?	Pierre a dit que la foi au nom de Jésus avait guéri l'homme.

3:19	um3z				Qu'est-ce que Pierre a dit aux gens de faire ?	Pierre a dit aux gens de se repentir.

3:21	p91w				Pierre a dit que les cieux accueilleraient Jésus jusqu'à quelle heure ?	Pierre a dit que jusqu'au moment de la restauration de toutes choses, Jésus serait reçu dans les cieux.

3:22	d589				Qu'a dit Moïse à propos de Jésus ?	Moïse a dit que le Seigneur Dieu susciterait un prophète comme lui, que le peuple écouterait.

3:23	bnr7				Qu'arrivera-t-il à toute personne qui n'écoutera pas Jésus ?	La personne qui n'écoute pas Jésus sera complètement détruite.

3:25	dfo9				Quelle promesse de l'alliance de l'Ancien Testament Pierre a-t-il rappelé au peuple ?	Pierre a rappelé aux gens qu'ils étaient les fils de l'alliance que Dieu a conclue avec Abraham lorsque Dieu a dit : "En ta postérité seront bénies toutes les familles de la terre."

3:26	xouf				Comment Dieu a-t-il voulu bénir les Juifs ?	Dieu a voulu bénir les Juifs en leur envoyant d'abord Jésus pour les détourner de leur méchanceté.

4:2	bou2				Qu'est-ce que Pierre et Jean enseignaient aux gens dans le Temple ?	Pierre et Jean enseignaient sur Jésus et sa résurrection des morts.

4:3	oct4				Comment les dirigeants du Temple, les prêtres et les sadducéens ont-ils réagi à l'enseignement de Pierre et de Jean ?	Ils ont arrêté Pierre et Jean et les ont mis en prison.

4:4	j6mc				Comment les gens ont-ils réagi à l'enseignement de Pierre et de Jean ?	Beaucoup de gens ont cru, environ cinq mille.

4:10	ir4l				Par quelle puissance ou en quel nom Pierre a-t-il dit qu'il avait guéri l'homme dans le Temple ?	Pierre a dit qu'au nom de Jésus-Christ, il avait guéri l'homme dans le Temple.

4:12	h7t2				Qu'est-ce que Pierre a dit être le seul moyen par lequel nous pouvons être sauvés ?	Pierre a dit qu'il n'y a pas d'autre nom que Jésus par lequel nous pouvons être sauvés.

4:14	m7c2				Pourquoi les chefs juifs n'ont-ils rien dit contre Pierre et Jean ?	Les chefs ne pouvaient rien dire car l'homme qui avait été guéri se tenait avec Pierre et Jean.

4:18	va4m				Qu'est-ce que les dirigeants juifs ont ordonné à Pierre et à Jean de ne pas faire ?	Les dirigeants juifs ont ordonné à Pierre et à Jean de ne pas parler ni enseigner sur Jésus.

4:20	fg4b				Comment Pierre et Jean ont-ils répondu aux chefs juifs ?	Pierre et Jean ont dit qu'ils ne pouvaient s'empêcher de parler des choses qu'ils avaient vues et entendues.

4:29-30	zgg2				Qu'ont demandé les croyants à Dieu en réponse aux avertissements des dirigeants juifs ?	Les croyants ont demandé de l'audace pour annoncer la parole, et que des signes et des prodiges soient accomplis au nom de Jésus.

4:31	s32l				Que s'est-il passé après que les croyants aient terminé leur prière ?	Après que les croyants eurent terminé leur prière, le lieu où ils étaient rassemblés fut secoué, ils furent remplis du Saint-Esprit, et ils annoncèrent la parole de Dieu avec audace.

4:32	dr85				Comment les besoins des croyants ont-ils été satisfaits ?	Les croyants avaient tout en commun, et ceux qui possédaient des biens les vendaient et donnaient l'argent pour qu'il soit distribué selon les besoins.

4:34-35	olxk				Comment les besoins des croyants ont-ils été satisfaits ?	Les croyants avaient tout en commun, et ceux qui possédaient des biens les vendaient et donnaient l'argent pour qu'il soit distribué selon les besoins.

4:36	s71k				Quel fut le nouveau nom, signifiant "Fils de l'encouragement", donné à l'homme qui vendit son champ et donna l'argent aux apôtres ?	Le nouveau nom donné à Joseph, qui a vendu son champ et donné l'argent aux apôtres, est "Barnabé".

5:1-2	tbrn				Quel péché Ananias et Sapphira ont-ils commis ?	Ananias et Saphira ont menti, en disant qu'ils donnaient la totalité du prix de vente de leur propriété, mais en réalité ils ne donnaient qu'une partie du prix de vente.

5:3-4	blzo				A qui Pierre a-t-il dit qu'Ananias et Sapphira avaient menti ?	Pierre a dit qu'Ananias et Sapphira n'avaient pas menti aux hommes, mais au Saint-Esprit.

5:5	rszk				Quel a été le jugement de Dieu sur Ananias ?	Dieu a tué Ananias.

5:10	a6u4				Quel a été le jugement de Dieu sur Sapphira ?	Dieu a tué Sapphira.

5:11	kpmp				Quelle a été la réaction de l'église et de tous ceux qui ont entendu parler d'Ananias et Saphira ?	Une grande crainte s'est emparée de l'église et de tous ceux qui ont entendu parler d'Ananias et de Saphira.

5:15-16	qhkh				Que faisaient certaines personnes pour que les malades soient guéris ?	Certains portaient les malades dans les rues afin que l'ombre de Pierre puisse tomber sur eux, et d'autres apportaient les malades d'autres villes à Jérusalem.

5:17-18	kxdc				Comment les sadducéens ont-ils réagi à la guérison de tous les malades à Jérusalem ?	Les sadducéens étaient remplis de jalousie et ont mis les apôtres en prison.

5:19	l8ow				Comment les apôtres sont-ils sortis de prison ?	Un ange est venu ouvrir les portes de la prison et les a fait sortir.

5:23	kyrz				Qu'ont trouvé les officiers du grand prêtre quand ils sont allés à la prison ?	Les officiers ont trouvé la prison bien fermée, mais personne à l'intérieur.

5:26	bzx1				Pourquoi les officiers ont-ils ramené les apôtres au grand prêtre et au conseil sans violence ?	Les officiers craignaient que le peuple ne les lapide.

5:29	cr64				Lorsqu'on les a interrogés sur la raison pour laquelle ils enseignaient au nom de Jésus alors qu'ils avaient été chargés de ne pas le faire, qu'ont répondu les apôtres ?	Les apôtres ont dit : "Il faut obéir à Dieu plutôt qu'aux hommes."

5:30	hced				Selon les apôtres, qui est responsable de la mort de Jésus ?	Les apôtres ont dit que le grand prêtre et les membres du conseil étaient responsables de la mort de Jésus.

5:33	w5d6				Comment les membres du conseil ont-ils réagi à la déclaration selon laquelle ils étaient responsables de la mort de Jésus ?	Les membres du conseil étaient furieux et voulaient tuer les apôtres.

5:38-39	hluy				Quel était le conseil de Gamaliel au conseil ?	Gamaliel a conseillé au conseil de laisser les hommes tranquilles.

5:39	mhbl				Qu'est-ce que Gamaliel a averti le conseil qu'il risquait de faire s'il essayait de renverser les apôtres ?	Gamaliel a averti le conseil qu'ils pourraient finir par se battre contre Dieu.

5:40	etag				Qu'est-ce que le concile a finalement fait des apôtres ?	Le conseil les battit et leur ordonna de ne pas parler au nom de Jésus, puis les laissa partir.

5:41	m1el				Comment les apôtres ont-ils réagi au traitement qu'ils ont reçu du conseil ?	Les apôtres se sont réjouis d'avoir été jugés dignes de subir le déshonneur pour le nom de Jésus.

5:42	kfh4				Que faisaient les apôtres chaque jour après leur réunion avec le conseil ?	Les apôtres ont prêché et enseigné chaque jour que Jésus est le Christ.

6:1	ijzu				Quelle plainte a été formulée par les Juifs grecs contre les Hébreux ?	Les Juifs grecs se sont plaints que leurs veuves étaient oubliées dans la distribution quotidienne de nourriture.

6:3	or7v				Qui a choisi les sept hommes pour s'occuper de la distribution de la nourriture ?	Les disciples (frères) ont choisi les sept hommes.

6:3	u5ro				Quelles étaient les qualifications requises pour être choisi comme l'un des sept hommes ?	Les sept hommes devaient être de bonne réputation, pleins de l'Esprit et de sagesse.

6:4	hfdc				Dans quoi les apôtres continueraient-ils ?	Les apôtres continueront à prier et à exercer le ministère de la parole.

6:6	l1sy				Qu'ont fait les apôtres lorsque les croyants ont amené les sept hommes ?	Les apôtres ont prié et leur ont imposé les mains.

6:7	s1cn				Que se passait-il avec les disciples à Jérusalem ?	Le nombre de disciples augmentait considérablement, y compris un grand nombre de prêtres.

6:10	b4fl				Qui gagnait les débats entre les Juifs incrédules et Etienne ?	Les Juifs incrédules n'ont pas pu s'opposer à la sagesse et à l'Esprit avec lesquels Etienne a parlé.

6:14	ji1y				Quelle accusation a été portée par de faux témoins contre Étienne devant le conseil ?	Les faux témoins ont prétendu qu'Etienne avait dit que Jésus détruirait ce lieu et changerait les coutumes de Moïse.

6:15	wpuh				Quand le conseil a regardé Stephen, qu'ont-ils vu ?	Ils virent que son visage était comme celui d'un ange.

7:2	u1f1				Etienne a commencé à passer en revue l'histoire du peuple juif en commençant par la promesse de Dieu à qui ?	Etienne a commencé son histoire en parlant de la promesse de Dieu à Abraham.

7:5	ae68				Quelle était la promesse de Dieu à Abraham ?	Dieu a promis une terre à Abraham et à ses descendants.

7:5	hv89				Pourquoi la promesse de Dieu à Abraham semblait-elle impossible à réaliser ?	La promesse de Dieu semblait impossible car Abraham n'avait pas d'enfants.

7:6	q4ib				Qu'est-ce que Dieu a dit qu'il arriverait d'abord aux descendants d'Abraham pendant quatre cents ans ?	Dieu a dit que les descendants d'Abraham seraient esclaves dans un pays étranger pendant quatre cents ans.

7:8	a7pl				Quelle alliance Dieu a-t-il donnée à Abraham ?	Dieu a donné à Abraham l'alliance de la circoncision.

7:9	stqg				Comment Joseph est-il devenu esclave en Égypte ?	Ses frères étaient jaloux de lui et l'ont vendu en Égypte.

7:10	pnme				Comment Joseph est-il devenu gouverneur d'Égypte ?	Dieu a donné à Joseph la faveur et la sagesse en présence de Pharaon.

7:12-13	onvz				Qu'a fait Jacob lorsqu'il y a eu une famine à Canaan ?	Jacob a envoyé ses fils en Égypte parce qu'il a entendu dire qu'il y avait du grain là-bas.

7:14	kdpl				Pourquoi Jacob et ses proches sont-ils partis en Égypte ?	Joseph a envoyé ses frères dire à Jacob de venir en Égypte.

7:17	qc45				Qu'est-il arrivé au nombre d'Israélites en Égypte à l'approche du temps promis à Abraham ?	Le nombre d'Israélites en Égypte a augmenté et s'est multiplié.

7:19	x8zh				Comment le nouveau roi d'Égypte a-t-il essayé de réduire le nombre d'Israélites ?	Le nouveau roi d'Égypte a obligé les Israélites à jeter leurs enfants en bas âge pour qu'ils ne survivent pas.

7:21	e77c				Comment Moïse a-t-il survécu au fait d'être jeté dehors ?	La fille du pharaon a pris Moïse et l'a élevé comme son propre fils.

7:22	yeub				Comment Moïse a-t-il été éduqué ?	Moïse a été instruit dans tout le savoir des Égyptiens.

7:24	wmvx				Lorsqu'il avait quarante ans, qu'a fait Moïse lorsqu'il a vu un Israélite se faire maltraiter ?	Moïse a défendu l'Israélite et a frappé l'Égyptien.

7:29	r6b0				Vers où Moïse s'est-il enfui ?	Moïse s'est enfui à Madian.

7:30	ycf8				Quand Moïse avait quatre-vingts ans, qu'a-t-il vu ?	Moïse a vu un ange dans une flamme de feu dans un buisson.

7:34	easv				Où le Seigneur a-t-il ordonné à Moïse d'aller, et qu'allait-il faire là-bas ?	Le Seigneur a ordonné à Moïse d'aller en Égypte, car Dieu allait sauver les Israélites.

7:36	ohne				Combien de temps Moïse a-t-il conduit les Israélites dans le désert ?	Moïse a conduit les Israélites dans le désert pendant quarante ans.

7:37	hq8v				Qu'est-ce que Moïse a prophétisé aux Israélites ?	Moïse a prophétisé aux Israélites que Dieu susciterait un prophète comme lui parmi leurs frères.

7:41	tkui				Comment les Israélites ont-ils tourné leur cœur vers l'Égypte ?	Les Israélites ont fait un veau et ont sacrifié à l'idole.

7:42	f7y3				Comment Dieu a-t-il répondu aux Israélites qui se sont détournés de lui ?	Dieu s'est détourné des Israélites et les a livrés pour servir l'armée du ciel.

7:43	hw00				Où Dieu a-t-il dit qu'il emporterait les Israélites ?	Dieu a dit qu'il emmènerait les Israélites à Babylone.

7:44-45	l6qa				Dans le désert, qu'est-ce que Dieu a ordonné aux Israélites de construire, qu'ils ont ensuite apporté dans le pays ?	Dans le désert, les Israélites ont construit le tabernacle du témoignage.

7:45	x351				Qui a chassé les nations devant les Israélites ?	Dieu a chassé les nations avant les Israélites.

7:46	k9y2				Qui a demandé de construire une habitation pour Dieu ?	David a demandé à construire une demeure pour Dieu.

7:47	hypb				Qui a réellement construit une maison pour Dieu ?	Salomon a construit une maison pour Dieu.

7:49	ubph				Où le Très-Haut a-t-il son trône ?	Le Très-Haut a le ciel pour trône.

7:51	pryb				Qu'est-ce qu'Etienne reproche aux gens de toujours faire, comme leurs ancêtres ?	Étienne a accusé le peuple de résister à l'Esprit Saint.

7:52	tdtc				De quoi Etienne a-t-il dit que le peuple était coupable à l'égard du Juste ?	Etienne a dit que le peuple avait trahi et assassiné le Juste.

7:54	vef4				Comment les membres du conseil ont-ils répondu aux accusations de Stephen ?	Les membres du conseil ont été touchés au cœur et ont grincé des dents devant Stephen.

7:55-56	kf0j				Qu'est-ce qu'Étienne a dit avoir vu en levant les yeux au ciel ?	Étienne dit avoir vu Jésus debout à la droite de Dieu.

7:57-58	fhm6				Qu'est-ce que les membres du conseil ont ensuite fait à Stephen ?	Les membres du conseil se précipitent sur lui, le jettent hors de la ville et le lapident.

7:58	h82u				Où les témoins ont-ils déposé leurs vêtements de dessus pendant la lapidation d'Étienne ?	Les témoins déposent leurs vêtements de dessus aux pieds d'un jeune homme nommé Saul.

7:60	b3o6				Quelle est la dernière chose que Stephen a demandée avant de mourir ?	Etienne a demandé à Dieu de ne pas faire porter la responsabilité de ce péché au peuple.

8:1	ff4n				Qu'a pensé Saul de la lapidation d'Étienne ?	Saul était d'accord avec la mort d'Étienne.

8:1	u11s				Qu'est-ce qui a commencé le jour où Stephen a été lapidé ?	Une grande persécution contre l'église de Jérusalem a commencé le jour de la lapidation d'Etienne.

8:1	st35				Qu'ont fait les croyants de Jérusalem ?	Les croyants de Jérusalem étaient dispersés dans les régions de Judée et de Samarie.

8:6	evnl				Pourquoi les habitants de Samarie ont-ils prêté attention à ce que Philippe a dit ?	Les gens ont prêté attention quand ils ont vu les signes que Philippe a fait.

8:9-11	h4ec				Pourquoi les habitants de Samarie avaient-ils prêté attention à Simon ?	Les gens avaient fait attention quand ils ont vu ses sorcelleries.

8:13	yddg				Quand Simon a entendu le message de Philippe, qu'a-t-il fait ?	Simon aussi crut et fut baptisé.

8:17	vjqw				Que s'est-il passé lorsque Pierre et Jean ont imposé les mains aux croyants de Samarie ?	Les croyants de Samarie ont reçu le Saint-Esprit.

8:18-19	kb86				Quelle offre Simon a-t-il faite aux apôtres ?	Simon a proposé aux apôtres de l'argent en échange du pouvoir de donner le Saint-Esprit par l'imposition des mains.

8:23	civh				Après que Simon ait fait cette offre aux apôtres, quel était, selon Pierre, son état spirituel ?	Pierre dit que Simon était dans le poison de l'amertume et les liens du péché.

8:26	ignl				Qu'est-ce qu'un ange a dit à Philippe de faire ?	Un ange a dit à Philippe de se rendre au sud, sur la route du désert, en direction de Gaza.

8:27-28	niwj				Qui Philippe a-t-il rencontré et que faisait cette personne ?	Philippe a rencontré un eunuque éthiopien de grande autorité qui, assis dans son char, lisait le prophète Isaïe.

8:30	oujy				Quelle question Philippe a-t-il posée à l'homme ?	Philippe demande à l'homme : "Comprends-tu ce que tu lis ?"

8:31	bpo8				Qu'est-ce que l'homme a demandé à Philippe de faire ?	L'homme demanda à Philippe de monter dans le char et d'expliquer ce qu'il lisait.

8:32	ixnh				Qu'arrive-t-il à la personne décrite dans le passage d'Ésaïe qui a été lu ?	La personne est conduite comme un mouton à l'abattoir, mais n'ouvre pas la bouche.

8:34	m06z				Quelle question l'homme a-t-il posée à Philippe au sujet de l'Écriture qu'il lisait ?	L'homme demanda à Philippe si le prophète parlait de lui-même ou d'une autre personne.

8:35	wcii				Qui, selon Philippe, était la personne mentionnée dans le texte d'Esaïe ?	Philippe a expliqué que la personne décrite dans le texte d'Esaïe était Jésus.

8:38	hebs				Que fit alors Philippe à cet homme ?	Philippe et l'eunuque sont tous deux entrés dans l'eau et Philippe l'a baptisé.

8:39	s04t				Qu'est-il arrivé à Philippe quand il est sorti de l'eau ?	Quand Philippe est sorti de l'eau, l'Esprit du Seigneur l'a emporté.

8:39	xp5m				Qu'a fait l'eunuque quand il est sorti de l'eau ?	Lorsque l'eunuque est sorti de l'eau, il a poursuivi son chemin en se réjouissant.

9:1-2	fb5p				Qu'est-ce que Saul a demandé au grand prêtre de Jérusalem la permission de faire ?	Saul demanda des lettres afin de pouvoir se rendre à Damas et ramener liés ceux qui appartenaient au Chemin.

9:3	lmyv				Alors que Saul approchait de Damas, qu'a-t-il vu ?	Alors que Saul approchait de Damas, il a vu une lumière venant du ciel.

9:4	vaey				Qu'est-ce que la voix a dit à Saul ?	La voix dit : "Saul, Saul, pourquoi me persécutes-tu ?".

9:5	c3r1				Lorsque Saul a demandé qui lui parlait, quelle a été la réponse ?	La réponse fut : "Je suis Jésus que vous persécutez".

9:8	rx61				Quand Saul s'est relevé de terre, que lui était-il arrivé ?	Quand Saul s'est levé, il ne voyait rien.

9:9	mfwm				Où Saul est-il allé et qu'a-t-il fait ?	Saul se rendit à Damas et ne mangea ni ne but pendant trois jours.

9:11-12	yzg2				Qu'est-ce que le Seigneur a dit à Ananias de faire ?	Le Seigneur a dit à Ananias d'aller imposer les mains à Saul, afin que ce dernier recouvre la vue.

9:13-14	zpb4				Quelle préoccupation Ananias a-t-il exprimée au Seigneur ?	Ananias était inquiet car il savait que Saul était venu à Damas pour arrêter tous ceux qui invoquaient le nom du Seigneur.

9:15	eq7g				Quelle mission le Seigneur a-t-il dit qu'il avait pour Saul comme son instrument choisi ?	Le Seigneur a dit que Saul porterait le nom du Seigneur devant les païens, les rois et les enfants d'Israël.

9:16	htif				Le Seigneur a-t-il dit que la mission de Saul serait facile ou difficile ?	Le Seigneur a dit que Saul souffrirait beaucoup pour la cause du nom du Seigneur.

9:19	hnuj				Après qu'Ananias ait imposé les mains à Saul, que s'est-il passé ?	Après qu'Ananias a imposé les mains à Saul, ce dernier a recouvré la vue, a été baptisé et a mangé.

9:20	shrd				Qu'est-ce que Saul a immédiatement commencé à faire ?	Saul a immédiatement commencé à proclamer Jésus dans les synagogues, en disant qu'il est le Fils de Dieu.

9:25	pbr7				Lorsque les Juifs ont finalement décidé de tuer Saul, qu'a-t-il fait ?	Lorsque les Juifs ont voulu le tuer, Saul s'est échappé en se laissant descendre à travers le mur dans un panier.

9:26	ycr3				Lorsque Saul est arrivé à Jérusalem, comment les disciples l'ont-ils accueilli ?	A Jérusalem, les disciples avaient peur de Saul.

9:27	vilh				Qui a ensuite amené Saul aux apôtres et leur a expliqué ce qui était arrivé à Saul à Damas ?	Barnabas a amené Saul aux apôtres et a expliqué ce qui était arrivé à Saul à Damas.

9:29	szo6				Qu'a fait Saul à Jérusalem ?	Saul a parlé avec audace au nom du Seigneur Jésus.

9:31	xaq5				Après le départ de Saul pour Tarse, quelle était la situation de l'Église en Judée, en Galilée et en Samarie ?	L'Église en Judée, en Galilée et en Samarie a connu la paix et s'est édifiée, augmentant en nombre.

9:33-35	dk3l				Que s'est-il passé à Lydda pour que tout le monde se tourne vers le Seigneur ?	A Lydda, Pierre a parlé à un homme paralysé qui a été guéri par Jésus.

9:40	gvk4				Que s'est-il passé à Joppé qui a amené beaucoup de gens à croire au Seigneur ?	Pierre a prié pour une femme morte nommée Tabitha, qui a été ramenée à la vie.

10:2	l80p				Quel genre d'homme était Cornelius ?	Corneille était un homme pieux qui craignait Dieu, était généreux et priait toujours Dieu.

10:4	sull				Qu'est-ce qui, selon l'ange, a poussé Dieu à se souvenir de Corneille ?	L'ange a dit que les prières de Corneille et ses dons aux pauvres avaient rappelé à Dieu l'existence de Corneille.

10:5	c9lp				Qu'est-ce que l'ange a dit à Cornelius de faire ?	L'ange dit à Corneille d'envoyer des hommes à Joppé pour amener Pierre.

10:11-12	gzjh				Le lendemain, qu'a vu Pierre pendant qu'il priait et était en transe sur le toit de la maison ?	Pierre a vu une grande feuille remplie de toutes sortes d'animaux, de choses qui rampent et d'oiseaux.

10:13	waf4				Lorsque Pierre a vu la vision, qu'est-ce qu'une voix lui a dit ?	Une voix dit à Pierre : "Lève-toi, Pierre, tue et mange".

10:14	a7ld				Quelle a été la réponse de Pierre à la voix ?	Pierre refusa, disant qu'il n'avait jamais mangé quelque chose de souillé et d'impur.

10:15	g537				Qu'a dit la voix à Pierre après cela ?	La voix a dit : "Ce que Dieu a purifié, ne l'appelez pas souillé".

10:20	z2fa				Qu'est-ce que l'Esprit a dit à Pierre de faire lorsque les hommes de Corneille sont arrivés à la maison ?	L'Esprit a dit à Pierre de descendre et d'aller avec eux.

10:22	bj8d				Qu'est-ce que les hommes de Corneille attendaient que Pierre vienne faire dans la maison de Corneille ?	Les hommes de Corneille s'attendaient à ce que Pierre vienne donner un message dans la maison de Corneille.

10:26	vix0				Qu'a dit Pierre lorsque Corneille s'est prosterné aux pieds de Pierre ?	Pierre dit à Corneille de se lever, car il n'était qu'un homme.

10:28	p6pm				Que faisait Pierre qui était auparavant interdit aux Juifs, et pourquoi le faisait-il maintenant ?	Pierre fréquentait des personnes d'une autre nation, car Dieu lui avait montré qu'il ne devait pas appeler un homme souillé ou impur.

10:35	p3vj				Qui, selon Pierre, est acceptable pour Dieu ?	Pierre a dit que quiconque craint Dieu et accomplit des actes justes est acceptable pour Dieu.

10:38	ilq9				Quel message sur Jésus les gens de la maison de Corneille avaient-ils déjà entendu ?	Le peuple avait déjà entendu dire que Jésus avait été oint par le Saint-Esprit et avec puissance, et qu'il avait guéri tous les opprimés, car Dieu était avec lui.

10:40-41	tp7i				Qu'est-ce que Pierre a annoncé qu'il était arrivé à Jésus après sa mort, et comment l'a-t-il su ?	Pierre a annoncé que Dieu avait ressuscité Jésus le troisième jour, et que Pierre avait mangé avec Jésus après sa résurrection.

10:42	cn1c				Qu'est-ce que Pierre a dit que Jésus leur avait ordonné de prêcher au peuple ?	Jésus leur avait ordonné de prêcher que Jésus avait été choisi par Dieu pour être le Juge des vivants et des morts.

10:43	l4id				Qu'est-ce que Pierre a dit que chaque personne qui croit en Jésus recevra ?	Pierre a dit que tous ceux qui croient en Jésus recevront le pardon des péchés.

10:44	jjd7				Qu'est-il arrivé aux personnes qui écoutaient Pierre pendant que celui-ci parlait encore ?	Le Saint-Esprit est tombé sur tous ceux qui écoutaient Pierre.

10:45	lxzs				Pourquoi les croyants qui appartenaient au groupe de la circoncision étaient-ils étonnés ?	Les croyants qui appartenaient au groupe des circoncis étaient stupéfaits parce que le don du Saint-Esprit était également répandu sur les païens.

10:46	kpj7				Que faisaient les gens qui démontraient que le Saint-Esprit était tombé sur eux ?	Les gens parlaient en d'autres langues et louaient Dieu, ce qui démontrait que le Saint-Esprit était tombé sur eux.

10:48	gwnt				Après avoir vu que les gens avaient reçu le Saint-Esprit, qu'est-ce que Pierre a ordonné de faire avec eux ?	Pierre a ordonné que les gens soient baptisés au nom de Jésus-Christ.

11:1	h8gh				Quelles nouvelles les apôtres et les frères de Judée ont-ils entendues ?	Les apôtres et les frères de Judée ont appris que les païens avaient eux aussi reçu la parole de Dieu.

11:2-3	b92d				Quelles critiques les membres du groupe des circoncis de Jérusalem ont-ils formulées à l'encontre de Pierre ?	Les membres du groupe des circoncis ont critiqué Pierre pour avoir mangé avec les païens.

11:15	zxqp				Quelle preuve Pierre a-t-il présentée pour démontrer que Dieu avait accepté les Gentils ?	Pierre a présenté le fait que le Saint-Esprit était venu sur les païens.

11:18	r9j4				Quelle a été la conclusion de ceux du groupe des circoncis lorsqu'ils ont entendu l'explication de Pierre ?	Ils ont loué Dieu et ont conclu que Dieu avait donné la repentance pour la vie aux Gentils aussi.

11:19	s9vw				Qu'ont fait la plupart des croyants qui ont été dispersés après la mort d'Étienne ?	La plupart des croyants dispersés n'ont transmis le message sur Jésus qu'aux Juifs.

11:20-21	idod				Que s'est-il passé lorsque certains des croyants dispersés ont prêché le Seigneur Jésus à des Grecs ?	Lorsqu'ils ont prêché le Seigneur Jésus aux Grecs, un grand nombre d'entre eux ont cru.

11:22-23	nrp0				Qu'a dit Barnabas de Jérusalem aux Grecs croyants d'Antioche ?	Barnabas a encouragé les Grecs à rester avec le Seigneur de tout leur cœur.

11:26	sz44				Qui a passé une année entière dans l'église d'Antioche ?	Barnabas et Saul ont passé une année entière dans l'église d'Antioche.

11:26	b69w				Quel nom les disciples ont-ils reçu pour la première fois à Antioche ?	Les disciples ont été appelés chrétiens d'abord à Antioche.

11:28	bt8b				Qu'est-ce que le prophète Agabus a prédit ?	Agabus a prédit qu'une grande famine allait se produire dans le monde entier.

11:29-30	tupm				Comment les disciples ont-ils répondu à la prophétie d'Agabus ?	Les disciples ont envoyé de l'aide aux frères de Judée par l'intermédiaire de Barnabas et de Saul.

12:2	mymt				Qu'a fait le roi Hérode à Jacques, le frère de Jean ?	Le roi Hérode a tué par l'épée Jacques, le frère de Jean.

12:3-4	p1bo				Qu'est-ce que le roi Hérode a fait à Pierre ?	Hérode arrêta et mit Pierre en prison, avec l'intention de le présenter au peuple après la Pâque.

12:5	d6lh				Que faisait l'assemblée pour Pierre ?	L'assemblée priait ardemment pour Pierre.

12:9-10	et0f				Comment Pierre a-t-il pu passer le premier et le deuxième garde et sortir de la porte de la prison ?	Pierre a suivi un ange pour passer les gardes, puis la porte s'est ouverte toute seule.

12:13-14	i4ic				Lorsque Pierre est arrivé à la maison où les croyants priaient, qui a ouvert la porte et qu'a-t-elle fait ?	Une servante, Rhoda, a répondu à la porte et a signalé que Pierre se tenait à la porte, mais elle n'a pas ouvert la porte.

12:15	jmhh				Comment les croyants ont-ils d'abord réagi à son rapport ?	Au début, ils pensaient que Rhoda était folle.

12:17	uo2p				Après avoir raconté aux croyants ce qui lui était arrivé, qu'est-ce que Pierre leur a dit de faire ?	Pierre leur dit de rapporter ces choses à Jacques et aux frères.

12:19	rvwp				Qu'est-il arrivé aux hommes qui avaient gardé Pierre ?	Hérode a interrogé les gardes et les a fait mettre à mort.

12:22	ole4				Qu'est-ce que les gens ont crié pendant qu'Hérode faisait son discours ?	Le peuple s'est écrié : "C'est la voix d'un dieu, pas d'un homme" !

12:23	p08f				Qu'est-il arrivé à Hérode après son discours, et pourquoi ?	Parce qu'Hérode ne rendait pas gloire à Dieu, un ange le frappa et il fut mangé par les vers et mourut.

12:24	ljyo				Que se passait-il avec la parole de Dieu pendant cette période ?	La parole de Dieu a grandi et s'est multipliée pendant cette période.

12:25	qacs				Qui Barnabas et Saul ont-ils emmené avec eux ?	Barnabas et Saul ont pris Jean Marc avec eux.

13:2	btkh				Que faisait l'assemblée d'Antioche lorsque le Saint-Esprit lui a parlé ?	L'assemblée d'Antioche était en train d'adorer le Seigneur et de jeûner lorsque le Saint-Esprit leur a parlé.

13:2	hq89				Qu'est-ce que le Saint-Esprit leur a dit de faire ?	Le Saint-Esprit leur a dit de mettre à part Barnabas et Saul pour accomplir le travail auquel l'Esprit les appelait.

13:3	anwk				Qu'a fait l'assemblée après avoir entendu le Saint-Esprit ?	L'assemblée a jeûné, prié, imposé les mains à Barnabas et Saul, et les a envoyés.

13:5	seta				Lorsque Barnabas et Saul se sont rendus à Chypre, qui était aussi avec eux ?	A Chypre, Jean Marc était avec eux comme assistant.

13:6-7	odpk				Qui était Bar-Jesus ?	Bar-Jesus était un faux prophète juif qui s'associait au proconsul.

13:7	xuu2				Pourquoi le proconsul a-t-il convoqué Barnabas et Saul ?	Le proconsul a convoqué Barnabas et Saul car il voulait entendre la parole de Dieu.

13:9	v0iw				Quel était un autre nom sous lequel Saul était connu ?	Saul était aussi connu sous le nom de Paul.

13:11	b9pb				Qu'est-ce que Paul a dit qu'il arriverait à Bar-Jesus parce qu'il a essayé de retourner le proconsul contre la foi ?	Paul a dit à Bar-Jesus qu'il serait aveugle pendant un certain temps.

13:12	ml82				Comment a réagi le proconsul quand il a vu ce qui est arrivé à Bar-Jesus ?	Le proconsul a cru.

13:13	jtig				Qu'a fait Jean Marc lorsque Paul et ses amis ont mis le cap sur Perge ?	Jean Marc quitte Paul et ses amis et retourne à Jérusalem.

13:15	z2az				Où, à Antioche de Pisidie, Paul a-t-il été invité à parler ?	À Antioche de Pisidie, on demande à Paul de prendre la parole dans la synagogue juive.

13:17	w4tx				Dans son discours, qui, selon Paul, Dieu a-t-il choisi dans le passé ?	Dans son discours, Paul a dit que Dieu a choisi Israël.

13:23	sghs				De qui Dieu a-t-il fait venir un sauveur pour Israël ?	Par le roi David, Dieu a apporté à Israël un Sauveur.

13:24-25	g0vv				Qui, selon Paul, a préparé le chemin pour la venue du Sauveur ?	Paul a dit que Jean le Baptiste avait préparé le chemin pour la venue du Sauveur.

13:27	vmdy				Comment le peuple et les dirigeants de Jérusalem ont-ils accompli les messages des prophètes ?	Le peuple et les dirigeants de Jérusalem ont accompli les messages des prophètes en condamnant Jésus à mort.

13:31	k5gn				Qui étaient maintenant les témoins de Jésus auprès du peuple ?	Les personnes qui ont vu Jésus après sa résurrection des morts sont désormais ses témoins.

13:33	vjik				Comment Dieu a-t-il montré qu'il avait tenu ses promesses faites aux Juifs ?	Dieu a montré qu'il avait tenu ses promesses aux Juifs en ressuscitant Jésus d'entre les morts.

13:35	wqos				Qu'est-ce que Dieu a promis au Saint dans l'un des psaumes ?	Dieu a promis que le Saint ne verrait pas la décrépitude.

13:38	loxj				Qu'est-ce que Paul a proclamé pour tous ceux qui croient en Jésus ?	Paul a proclamé le pardon des péchés pour tous ceux qui croient en Jésus.

13:40-41	t2p4				Quel avertissement Paul a-t-il également donné à ses auditeurs ?	Paul a averti ses auditeurs de ne pas être comme ceux dont parlent les prophètes, qui entendent l'annonce de l'œuvre de Dieu, mais ne la croient pas.

13:44	rfqj				À Antioche, qui est venu écouter la parole du Seigneur le sabbat suivant ?	Le sabbat suivant, presque toute la ville est venue écouter la parole du Seigneur.

13:45	zikw				Comment les Juifs ont-ils réagi en voyant les foules ?	Les Juifs étaient remplis de jalousie et parlaient contre le message de Paul, l'insultant.

13:46	pzhf				Selon Paul, que faisaient les Juifs de la parole de Dieu qui leur était adressée ?	Paul a dit que les Juifs repoussaient la parole de Dieu qui leur avait été adressée.

13:48	n7yw				Quelle a été la réaction des païens lorsqu'ils ont appris que Paul se tournait vers eux ?	Les païens se sont réjouis et ont loué la parole du Seigneur.

13:48	mg1i				Combien de païens ont cru ?	Tous ceux qui étaient destinés à la vie éternelle ont cru.

13:50	fskb				Que font alors les Juifs à Paul et Barnabé ?	Les Juifs ont déclenché une persécution contre Paul et Barnabas et les ont chassés de la ville.

13:51	ov8v				Qu'ont fait Paul et Barnabas avant de se rendre dans la ville d'Iconium ?	Paul et Barnabas ont secoué la poussière de leurs pieds contre ceux de la ville d'Antioche qui les avaient jetés dehors.

14:1-2	zyc3				Qu'ont fait les Juifs incrédules d'Iconium après qu'une multitude ait cru à la prédication de Paul et Barnabas ?	Les Juifs incrédules ont excité l'esprit des païens et les ont rendus amers contre les frères.

14:3	ye2r				Comment Dieu a-t-il donné des preuves du message de sa grâce ?	Dieu a donné la preuve du message de sa grâce en permettant que des signes et des prodiges soient accomplis par les mains de Paul et Barnabas.

14:5-7	oeth				Pourquoi Paul et Barnabas ont-ils quitté Iconium ?	Certains païens et Juifs ont tenté de persuader leurs chefs de maltraiter et de lapider Paul et Barnabas.

14:8-10	ryts				Qu'a fait Paul qui a provoqué un tollé à Lystre ?	Paul a guéri un homme qui était infirme de naissance.

14:11-13	mckv				Que voulaient faire les habitants de Lystre pour Paul et Barnabas ?	Le peuple voulait offrir des sacrifices à Paul et Barnabas par l'intermédiaire du prêtre de Zeus.

14:14-15	apoy				Comment Barnabas et Paul ont-ils répondu à ce que les gens voulaient faire pour eux ?	Barnabas et Paul déchirèrent leurs vêtements, allèrent dans la foule et crièrent en disant que le peuple devait se détourner de ces choses inutiles pour se tourner vers un Dieu vivant.

14:17	df11				Comment Dieu ne s'était-il pas laissé sans témoin dans le passé ?	Dieu avait donné aux nations la pluie et des saisons fécondes, remplissant leurs cœurs de nourriture et de joie.

14:18	x86f				Que voulaient faire les habitants de Lystre pour Paul et Barnabas ?	Le peuple voulait offrir des sacrifices à Paul et Barnabas par l'intermédiaire du prêtre de Zeus.

14:19	o9dx				Qu'est-ce que les foules à Lystre ont fait à Paul par la suite ?	Les foules de Lystre ont ensuite lapidé Paul et l'ont traîné hors de la ville.

14:20	hidi				Qu'a fait Paul pendant que les disciples se tenaient autour de lui ?	Paul s'est levé et est entré dans la ville.

14:22	ctwm				Par quoi Paul a-t-il dit que les disciples doivent entrer dans le royaume de Dieu ?	C'est à travers de nombreuses souffrances que Paul a dit que les disciples doivent entrer dans le royaume de Dieu.

14:23	n6tc				Qu'ont fait Paul et Barnabas dans chaque assemblée de croyants avant leur départ ?	Dans chaque assemblée, Paul et Barnabas ont nommé des anciens, ont prié en jeûnant et ont confié les croyants au Seigneur.

14:27	r8jh				Qu'ont fait Paul et Barnabas à leur retour à Antioche ?	Lorsqu'ils retournèrent à Antioche, ils racontèrent tout ce que Dieu avait fait avec eux, et comment il avait ouvert une porte de la foi pour les païens.

15:1	fv4k				Qu'est-ce que certains hommes de Judée sont venus enseigner aux frères ?	Certains hommes de Judée enseignaient que si les frères n'étaient pas circoncis, ils ne pouvaient pas être sauvés.

15:2	oo97				Comment les frères ont-ils décidé que cette question devait être résolue ?	Les frères ont décidé que Paul, Barnabas et quelques autres devaient se rendre à Jérusalem auprès des apôtres et des anciens.

15:3	kc4n				En passant par la Phénicie et la Samarie, quelles nouvelles Paul et ses compagnons annoncent-ils ?	Paul et ses compagnons ont annoncé la conversion des païens.

15:5	zlsp				Quel groupe parmi les croyants pensait que les païens devaient être circoncis et devaient respecter la loi de Moïse ?	Le groupe des Pharisiens croyait que les Gentils devaient être circoncis et devaient respecter la loi de Moïse.

15:8-9	jw1h				Qu'est-ce que Pierre a dit que Dieu avait donné aux Gentils et fait pour eux ?	Pierre dit que Dieu a donné aux païens le Saint-Esprit et a purifié leur cœur par la foi.

15:11	xnwc				Comment Pierre a-t-il dit que les Juifs et les Gentils sont sauvés ?	Pierre a dit que tant les Juifs que les Gentils sont sauvés par la grâce du Seigneur Jésus.

15:12	sovh				Qu'est-ce que Paul et Barnabas ont rapporté à l'assemblée ?	Paul et Barnabas ont rapporté les signes et les prodiges que Dieu avait accomplis parmi les païens.

15:16-17	m6le				Qu'est-ce que la prophétie que Jacques a citée dit que Dieu reconstruirait, et qui cela inclurait-il ?	La prophétie disait que Dieu allait reconstruire la tente de David qui avait été détruite, et qu'elle inclurait les Gentils.

15:20	zrn7				Quels commandements Jacques a-t-il suggéré de donner aux Gentils convertis ?	Jacques a suggéré que l'on commande aux païens convertis de se garder des idoles, de la fornication, de ce qui est étranglé et du sang.

15:28	xahp				Dans la lettre écrite aux Gentils, qui est dit être d'accord avec la conclusion de ne donner aux Gentils que quelques commandements nécessaires ?	Les rédacteurs de la lettre et l'Esprit Saint sont dits d'accord avec les conclusions.

15:31	hvb5				Quelle a été la réaction des païens lorsqu'ils ont entendu la lettre de Jérusalem ?	Les païens se sont réjouis à cause des encouragements contenus dans la lettre.

15:35	iwie				Que faisaient Paul et Barnabas pendant leur séjour à Antioche ?	Paul et Barnabas ont enseigné et prêché la parole du Seigneur.

15:36	eigw				Qu'est-ce que Paul a dit à Barnabas qu'il voulait faire ?	Paul a dit à Barnabas qu'il voulait retourner et visiter les frères dans chaque ville où ils avaient annoncé la parole du Seigneur.

15:39	kme5				Pourquoi Paul et Barnabas se sont-ils séparés et ont-ils pris des directions différentes ?	Il y a eu un vif désaccord entre eux, de sorte qu'ils se sont séparés l'un de l'autre.

16:3	hg99				Qu'est-ce que Paul a fait avec Timothée avant qu'ils ne voyagent ensemble, et pourquoi ?	Paul a circoncis Timothée parce que les Juifs de ces régions savaient que le père de Timothée était grec.

16:4	kxf5				Quelles instructions Paul a-t-il données aux églises sur leur chemin ?	Paul a livré les instructions qui avaient été écrites par les apôtres et les anciens de Jérusalem.

16:9	i6p4				Comment Paul a-t-il su que Dieu l'appelait à prêcher l'Évangile en Macédoine ?	Paul a eu une vision d'un homme de Macédoine l'appelant à venir les aider.

16:13	cypx				Le jour du sabbat, pourquoi Paul s'est-il rendu au fleuve à la porte de Philippes ?	Paul pensait qu'il y aurait là un lieu de prière.

16:14	gj4v				Qu'est-ce que le Seigneur a fait pour Lydia pendant que Paul parlait ?	Le Seigneur a ouvert le cœur de Lydie pour qu'elle prête attention aux choses qui étaient dites par Paul.

16:15	zmfd				Qui a été baptisé après que Paul ait parlé au bord du fleuve ?	Lydie et sa famille ont été baptisées après que Paul ait parlé.

16:16	kbq9				Comment la jeune femme avec un esprit a t-elle gagné de l'argent pour ses maîtres ?	Elle gagnait de l'argent pour ses maîtres en faisant de la voyance.

16:17-18	g7v5				Qu'a fait Paul après que la jeune femme l'ait suivi pendant plusieurs jours ?	Paul se retourne et ordonne à l'esprit, au nom de Jésus-Christ, de sortir d'elle.

16:21	xboe				Quelle accusation les maîtres de la jeune femme ont-ils portée contre Paul et Silas ?	Ils ont accusé Paul et Silas d'enseigner des choses qu'il n'est pas permis aux Romains de recevoir ou d'observer.

16:22-24	czhm				Quelle punition Paul et Silas ont-ils reçue des magistrats ?	Ils ont été battus à coups de bâton, jetés en prison et mis au pilori.

16:25	iq2o				Que faisaient Paul et Silas vers minuit dans la prison ?	Ils priaient et chantaient des hymnes à Dieu.

16:26	fxfk				Que s'est-il passé pour que le geôlier se prépare à se tuer ?	Il y eut un tremblement de terre, toutes les portes des prisons s'ouvrirent et les chaînes de chacun furent détachées.

16:30	lm1s				Quelle question le geôlier a-t-il posée à Paul et Silas ?	Le geôlier a demandé à Paul et Silas : "Messieurs, que dois-je faire pour être sauvé" ?

16:31	s7vq				Quelle réponse Paul et Silas ont-ils donnée au geôlier ?	Paul et Silas répondirent : "Croyez au Seigneur Jésus, et vous serez sauvés, vous et votre maison".

16:33	ykrm				Qui a été baptisé cette nuit-là ?	Le geôlier et toute sa famille ont été baptisés cette nuit-là.

16:37-38	m1vz				Qu'est-ce qui a causé la peur des magistrats après qu'ils aient envoyé un message pour laisser partir Paul et Silas ?	Les magistrats ont eu peur parce qu'ils ont réalisé qu'ils avaient battu publiquement deux citoyens romains non condamnés.

16:40	y7xo				Après que les magistrats leur aient demandé de quitter la ville, qu'ont fait Paul et Silas ?	Paul et Silas se rendirent dans la maison de Lydie, encouragèrent les frères, puis partirent de Philippes.

17:1-2	w69x				En arrivant à Thessalonique, où Paul s'est-il rendu en premier pour parler de Jésus à partir des Écritures ?	Paul s'est d'abord rendu dans la synagogue des Juifs pour parler de Jésus à partir des Écritures.

17:3	tnbz				Qu'est-ce que Paul a montré comme étant nécessaire à partir des Écritures ?	Paul a montré qu'il était nécessaire que le Christ souffre et ressuscite d'entre les morts.

17:7	xi6i				Quelle accusation a été portée contre Paul et Silas aux fonctionnaires de la ville ?	Paul et Silas ont été accusés d'agir contre les décrets de César, en disant qu'il y avait un autre roi - Jésus.

17:10	tci9				Où sont allés Paul et Silas lorsqu'ils sont arrivés à Bérée ?	Paul et Silas sont entrés dans la synagogue des Juifs.

17:11	t2et				Qu'ont fait les Béréens lorsqu'ils ont entendu le message de Paul ?	Les Béréens ont reçu la parole et ont examiné les Écritures pour voir si ce que Paul disait était vrai.

17:13-15	w414				Pourquoi Paul a-t-il dû quitter Bérée, et où est-il allé ?	Paul a dû quitter Bérée parce que les juifs de Thessalonique soulevaient les foules à Bérée, alors Paul est allé à Athènes.

17:17	f8ou				Où Paul est-il allé lorsqu'il est arrivé à Athènes ?	Paul s'est rendu dans la synagogue juive et sur la place du marché pour raisonner à partir des Écritures.

17:19-20	xnc3				Où Paul a-t-il été amené à expliquer davantage son enseignement ?	Paul a été amené à l'Aréopage pour expliquer davantage son enseignement.

17:23	gjfe				Quel autel d'Athènes Paul a-t-il trouvé, qu'il a voulu expliquer aux gens ?	Paul a trouvé un autel avec l'inscription "TO AN UNKNOWN DOD" (à un Dieu inconnu), qu'il a voulu expliquer aux gens.

17:25	iaid				Qu'est-ce que Paul a dit que le Dieu qui a tout fait donne aux gens ?	Paul a dit que le Dieu qui a tout fait donne aux gens la vie, le souffle et tout le reste.

17:26	o12f				De quoi Dieu a-t-il fait chaque nation de gens ?	D'un seul homme, Dieu a fait toutes les nations.

17:27	vvux				A quelle distance Paul a-t-il dit que Dieu était de n'importe qui ?	Paul a dit que Dieu n'était loin de personne.

17:29	prjx				Comment Paul a-t-il dit que nous ne devions pas penser à Dieu ?	Paul dit que nous ne devons pas considérer Dieu comme de l'or, de l'argent ou des pierres, sculptés par l'homme.

17:30	gslr				Qu'est-ce que Dieu appelle maintenant tous les hommes du monde entier à faire ?	Dieu appelle maintenant tous les hommes du monde entier à se repentir.

17:31	ord6				Pour quoi Dieu a-t-il fixé un jour précis ?	Dieu a fixé un jour précis où Jésus jugera le monde en toute justice.

17:31	x0ou				Quelle preuve Dieu a-t-il donnée que Jésus a été choisi comme juge du monde ?	Dieu a prouvé que Jésus a été choisi comme juge du monde en le ressuscitant des morts.

17:32	pqyi				Qu'ont fait certains lorsqu'ils ont entendu Paul parler de la résurrection des morts ?	Certains se sont moqués de Paul lorsqu'ils l'ont entendu parler de la résurrection des morts.

17:34	txwz				Quelqu'un a-t-il cru ce que Paul avait dit ?	Oui, certains hommes ont cru Paul, et d'autres avec eux.

18:3	odpl				Quel travail Paul faisait-il pour subvenir à ses besoins ?	Paul a travaillé comme faiseur de tentes pour subvenir à ses besoins.

18:5	g7ct				De quoi Paul a-t-il témoigné aux Juifs de Corinthe ?	Paul a témoigné aux Juifs que Jésus était le Christ.

18:6	l0vm				Lorsque les Juifs ont rejeté Paul, qu'a-t-il fait ?	Paul a dit aux Juifs que leur sang était sur leur propre tête, puis il est allé vers les Gentils.

18:9-10	durd				Quel encouragement Paul a-t-il reçu du Seigneur à Corinthe ?	Le Seigneur dit à Paul de continuer à parler, car personne ne lui fera de mal là-bas.

18:12-13	ev77				Quelle accusation les Juifs ont-ils portée au gouverneur contre Paul ?	Les Juifs ont accusé Paul d'enseigner aux gens un culte contraire à la loi.

18:15	nkla				Comment le gouverneur a-t-il répondu aux accusations des Juifs contre Paul ?	Le gouverneur a déclaré qu'il ne souhaitait pas être juge dans les affaires impliquant la loi juive.

18:18-19	yrak				Quels mari et femme ont voyagé avec Paul à Ephèse ?	Aquila et Priscilla ont voyagé avec Paul à Ephèse.

18:22	jtai				Quels sont les deux premiers endroits où Paul s'est rendu après avoir quitté Ephèse ?	Après avoir quitté Éphèse, Paul s'est rendu à Jérusalem, puis à Antioche.

18:25	g6ho				Quel enseignement Apollos a-t-il compris avec précision, et dans quel enseignement avait-il besoin de plus d'instruction ?	Apollos comprenait bien les choses concernant Jésus, mais il ne connaissait que le baptême de Jean.

18:26	eon0				Qu'ont fait Priscille et Aquila pour Apollos ?	Priscille et Aquila se sont liés d'amitié avec Apollos et lui ont expliqué plus précisément la voie de Dieu.

18:28	rljo				Qu'est-ce qu'Apollos a pu faire avec son discours éloquent et sa connaissance des Écritures ?	Apollos a pu accabler publiquement les Juifs, en montrant que Jésus était le Christ.

19:2	hdb3				Qu'est-ce que les disciples que Paul a rencontrés à Ephèse n'avaient pas entendu lorsqu'ils ont cru ?	Les disciples n'avaient pas entendu parler du Saint-Esprit.

19:4	rigp				Le baptême de Jean était un baptême de quoi ?	Le baptême de Jean était un baptême de repentance.

19:4	lkcx				En qui Jean avait-il dit au peuple de croire ?	Jean avait dit au peuple de croire en celui qui viendrait après lui.

19:5	iaq9				En quel nom Paul a-t-il ensuite baptisé les disciples d'Ephèse ?	Paul les a baptisés au nom du Seigneur Jésus.

19:6	bf8t				Qu'est-il arrivé aux hommes après qu'ils aient été baptisés et que Paul leur ait imposé les mains ?	Le Saint-Esprit est venu sur eux et ils ont parlé dans d'autres langues et ont prophétisé.

19:9	bdpf				Qu'a fait Paul lorsque certains Juifs d'Ephèse ont commencé à dire du mal de la voie du Christ ?	Paul se retira avec les croyants et commença à parler dans la salle de conférence de Tyrannus.

19:12	b1be				Quels miracles spéciaux Dieu a-t-il fait par les mains de Paul ?	Lorsque les mouchoirs et les tabliers ont été pris à Paul, ils ont guéri les malades et chassé les mauvais esprits.

19:16	zvnx				Que s'est-il passé lorsque sept exorcistes juifs ont essayé de chasser un mauvais esprit au nom de Jésus ?	L'esprit maléfique a battu les exorcistes et ils ont fui, nus et blessés.

19:19	xtb7				À Éphèse, que faisaient les personnes qui pratiquaient les arts magiques ?	Beaucoup de ceux qui pratiquaient les arts magiques à Ephèse brûlaient leurs livres à la vue de tous.

19:21	gy2j				Où Paul a-t-il dit qu'il irait après être allé à Jérusalem ?	Paul a dit qu'il irait à Rome après être allé à Jérusalem.

19:26	efin				Quelles préoccupations l'orfèvre Démétrius a-t-il exprimées aux autres ouvriers ?	Démétrius s'inquiétait du fait que Paul enseignait aux gens qu'il n'y a pas de dieux faits de main d'homme et que la déesse Diane pouvait être considérée comme sans valeur.

19:28-29	hzui				Comment le peuple a-t-il réagi aux préoccupations de Démétrius ?	Le peuple se mit en colère et cria en disant que Diane était grande, remplissant toute la ville de confusion.

19:30-31	kln7				Pourquoi Paul ne s'est-il pas adressé à la foule, alors qu'il le voulait ?	Les disciples et certains responsables locaux n'ont pas permis à Paul de parler à la foule.

19:38	ocn0				Qu'est-ce que le secrétaire de la ville a dit aux gens de faire au lieu de se révolter ?	Le secrétaire de la ville a dit aux gens de porter leurs accusations devant les tribunaux.

19:40	tpx1				Dans quel danger le secrétaire de la ville a-t-il dit que les gens étaient ?	Le secrétaire de mairie a dit que les gens risquaient d'être accusés de désordre, et qu'il n'y avait pas lieu de s'expliquer.

20:3	rl1q				Qu'est-ce qui a poussé Paul à changer ses plans et à revenir par la Macédoine au lieu de naviguer vers la Syrie ?	Paul a changé ses plans parce que les Juifs avaient formé un complot contre lui alors qu'il était sur le point de s'embarquer pour la Syrie.

20:7	kqua				Quel jour de la semaine Paul et les croyants se réunissaient-ils pour rompre le pain ?	Le premier jour de la semaine, Paul et les croyants se sont réunis pour rompre le pain.

20:9-10	jxkk				Qu'est-il arrivé au jeune homme qui est tombé par la fenêtre pendant que Paul parlait ?	Le jeune homme est tombé du troisième étage et a été ramassé mort, mais Paul s'est étendu sur lui et il est revenu à la vie.

20:16	afhc				Pourquoi Paul se hâtait-il vers Jérusalem ?	Paul se hâte vers Jérusalem pour être là le jour de la Pentecôte.

20:18	yygx				À propos de quoi Paul a-t-il dit qu'il avait mis en garde les Juifs et les Grecs depuis qu'il avait mis le pied en Asie ?	Paul a dit qu'il mettait en garde les Juifs et les Grecs contre la repentance envers Dieu et la foi dans le Seigneur Jésus.

20:20	o779				À propos de quoi Paul a-t-il dit qu'il avait mis en garde les Juifs et les Grecs depuis qu'il avait mis le pied en Asie ?	Paul a dit qu'il mettait en garde les Juifs et les Grecs contre la repentance envers Dieu et la foi dans le Seigneur Jésus.

20:23	mlnm				De quoi l'Esprit Saint a-t-il témoigné à Paul dans chaque ville, alors qu'il se dirigeait vers Jérusalem ?	L'Esprit Saint témoignait à Paul que des chaînes et des souffrances l'attendaient.

20:24	qkv9				Quel ministère Paul avait-il reçu du Seigneur Jésus ?	Le ministère de Paul consistait à témoigner de l'Évangile de la grâce de Dieu.

20:27	drae				Pourquoi Paul a-t-il dit qu'il était innocent du sang de tout homme ?	Paul a dit qu'il était innocent de leur sang parce qu'il leur avait déclaré toute la volonté de Dieu.

20:28	o9z9				Qu'est-ce que Paul a ordonné aux anciens d'Éphèse de faire soigneusement après son départ ?	Paul a ordonné aux anciens de paître le troupeau avec soin.

20:30	i1ak				Qu'est-ce que Paul a dit qu'il se passerait parmi les anciens d'Ephèse après son départ ?	Paul a dit que certains anciens disaient des choses corrompues afin d'attirer les disciples après eux.

20:32	ugtl				A qui Paul a-t-il confié les anciens d'Ephèse ?	Paul a confié les anciens d'Éphèse à Dieu.

20:34-35	ya8e				Quel exemple Paul a-t-il donné aux Éphésiens en matière de travail ?	Paul a travaillé pour ses propres besoins et ceux de ses compagnons, et a aidé les faibles.

20:38	vthv				Qu'est-ce qui a le plus attristé les anciens d'Éphèse ?	Les anciens d'Éphèse étaient surtout tristes parce que Paul avait dit qu'ils ne reverraient jamais son visage.

21:4	oixn				Qu'est-ce que les disciples de Tyr ont dit à Paul par l'Esprit ?	Les disciples ont dit à Paul, par l'Esprit, qu'il ne devait pas mettre les pieds à Jérusalem.

21:9	g2a5				Que savons-nous des enfants de Philippe le prédicateur ?	Philippe avait quatre filles vierges qui prophétisaient.

21:11	kosn				Qu'a dit le prophète Agabus à Paul ?	Agabus a dit à Paul que les Juifs de Jérusalem l'attacheraient et le livreraient aux païens.

21:13	ba8c				Qu'a dit Paul lorsque tout le monde l'a supplié de ne pas monter à Jérusalem ?	Paul a dit qu'il était prêt à être attaché et à mourir à Jérusalem pour le nom du Seigneur Jésus.

21:18	z8um				Avec qui Paul a-t-il fait connaissance à son arrivée à Jérusalem ?	Paul a rencontré Jacques et tous les anciens.

21:21	kjkz				Quelle accusation les Juifs portaient-ils contre Paul ?	Les Juifs accusaient Paul d'enseigner aux Juifs qui vivaient parmi les Gentils d'abandonner Moïse.

21:24	mvn9				Pourquoi Jacques et les anciens voulaient-ils que Paul se purifie avec les quatre hommes qui avaient fait un vœu ?	Ils voulaient que tout le monde sache que Paul, en tant que Juif, vivait aussi de manière à respecter la loi.

21:25	wg6c				Qu'est-ce que Jacques a dit que les païens qui ont cru devaient faire ?	Jacques a dit que les païens devaient se garder des sacrifices aux idoles, du sang, de ce qui est étranglé et de la fornication.

21:28	zmvk				Quelles accusations certains Juifs d'Asie ont-ils portées contre Paul dans le temple ?	Les Juifs ont accusé Paul d'enseigner contre la loi et de souiller le temple en y faisant entrer des Grecs.

21:31	oa6d				Après avoir porté ces accusations, qu'ont fait les Juifs à Paul ?	Les Juifs ont traîné Paul hors du temple et ont essayé de le tuer.

21:33	jbdu				Qu'a fait le chef des gardes quand il a entendu que Jérusalem était en émoi ?	Le tribun se saisit de Paul et le fit lier avec deux chaînes, lui demandant qui il était et ce qu'il avait fait.

21:36	utw8				Que criait la foule lorsque les soldats ont porté Paul dans la forteresse ?	La foule criait : "Emmenez-le !"

21:39	yplb				Quelle demande Paul a-t-il faite au capitaine en chef ?	Paul a demandé qu'on lui permette de parler au peuple.

21:40	ef4a				Dans quelle langue Paul s'est-il adressé aux habitants de Jérusalem ?	Paul a parlé en hébreu aux habitants de Jérusalem.

22:2	a3o8				Quand la foule a entendu Paul parler en hébreu, qu'a-t-elle fait ?	Lorsque la foule a entendu Paul parler en hébreu, elle s'est tue.

22:3	qu9m				Où Paul a-t-il fait ses études, et qui était son professeur ?	Paul a été éduqué à Jérusalem, et Gamaliel était son professeur.

22:4	adul				Comment Paul avait-il traité ceux qui suivaient le Chemin ?	Paul avait persécuté jusqu'à la mort ceux qui suivaient le Chemin, et les avait livrés en prison.

22:7	cm8q				Qu'a dit la voix du ciel à Paul alors qu'il approchait de Damas ?	La voix du ciel dit : "Saul, Saul, pourquoi me persécutes-tu ?"

22:8	zijd				Qui Paul persécutait-il ?	Paul persécutait Jésus de Nazareth.

22:11	sdpe				Pourquoi Paul ne pouvait-il plus voir ?	Paul ne pouvait plus voir à cause de l'éclat de la lumière qu'il a vue en approchant de Damas.

22:12-13	rm9u				Comment la vue de Paul a-t-elle été restaurée ?	Un homme pieux du nom d'Ananias vint se placer près de Paul et lui dit : "Frère Saul, recouvre la vue".

22:16	htcq				Qu'est-ce qu'Ananias a dit à Paul de se lever et de faire, et pourquoi ?	Ananias a dit à Paul de se lever et de se faire baptiser pour se laver de ses péchés.

22:18	zmch				Lorsque Jésus a parlé à Paul dans le temple, comment a-t-il dit que les Juifs réagiraient au témoignage de Paul à son sujet ?	Jésus a dit que les Juifs n'accepteraient pas le témoignage de Paul à son sujet.

22:21	crzp				A qui Jésus a-t-il alors envoyé Paul ?	Jésus a envoyé Paul aux païens.

22:23	j06r				Comment les gens ont-ils réagi lorsqu'ils ont entendu Paul parler des Gentils ?	Les gens criaient et jetaient leurs vêtements, lançant de la poussière en l'air.

22:25	z2bb				Quelle question Paul a-t-il posée au centurion juste avant d'être flagellé ?	Paul a demandé s'il était légal pour lui d'être flagellé en tant que citoyen romain non condamné.

22:28	h51g				Comment Paul était-il devenu un citoyen romain ?	Paul était né citoyen romain.

22:30	n7lu				Qu'a fait le capitaine en chef quand il a appris que Paul était un citoyen romain ?	Le tribun détacha les liens de Paul, et ordonna aux chefs des prêtres et à tout le conseil de se réunir, plaçant Paul au milieu d'eux.

23:1-2	bh26				Pourquoi le grand prêtre a-t-il ordonné à ceux qui se tenaient près de Paul de le frapper sur la bouche ?	Le grand prêtre était en colère parce que Paul avait dit qu'il avait vécu devant Dieu en toute bonne conscience.

23:6	iczg				Pour quelle raison Paul a-t-il dit qu'il était jugé devant le conseil ?	Paul a dit qu'il était jugé à cause de sa confiance dans la résurrection.

23:7-8	p875				Pourquoi une dispute a-t-elle commencé dans le conseil lorsque Paul a donné la raison pour laquelle il a été jugé ?	Une dispute a commencé parce que les Pharisiens disent qu'il y a une résurrection, mais les Sadducéens disent qu'il n'y a pas de résurrection.

23:10	l9tz				Pourquoi le capitaine en chef a-t-il emmené Paul du conseil à la forteresse ?	Le capitaine en chef craignait que Paul ne soit mis en pièces par les membres du conseil.

23:11	l8yd				Quelle promesse le Seigneur a-t-il donnée à Paul la nuit suivante ?	Le Seigneur a dit à Paul de ne pas craindre, car il allait rendre témoignage à Jérusalem et à Rome.

23:12-13	i7yf				Quel pacte concernant Paul certains hommes juifs ont-ils conclu ?	Une quarantaine d'hommes juifs ont fait le pacte de ne pas manger ni boire avant d'avoir tué Paul.

23:14-15	exnu				Quel était le plan que les quarante hommes juifs ont présenté aux chefs des prêtres et aux anciens ?	Ils ont demandé aux chefs des prêtres et aux anciens de faire venir Paul au conseil pour pouvoir le tuer avant qu'il n'arrive.

23:16	lik5				Comment Paul a-t-il appris le projet des quarante hommes juifs ?	Le fils de la soeur de Paul a entendu parler du plan et l'a dit à Paul.

23:23-24	xj40				Comment le capitaine en chef a-t-il réagi lorsqu'il a appris le plan des quarante hommes juifs ?	Le capitaine en chef a ordonné à une garde nombreuse de conduire Paul en toute sécurité à Félix le gouverneur à la troisième heure de la nuit.

23:29	krfj				Dans sa lettre à Félix le gouverneur, que dit le capitaine en chef au sujet des accusations portées contre Paul ?	Le capitaine en chef a déclaré que Paul ne méritait ni la mort ni l'emprisonnement, mais que les accusations portaient sur des questions concernant la loi juive.

23:35	ewf2				Quand le gouverneur Félix a-t-il dit qu'il entendrait la cause de Paul ?	Félix a dit qu'il entendrait la cause de Paul quand les accusateurs de Paul arriveraient.

23:35	csoo				Où Paul était-il gardé jusqu'à son procès ?	Paul a été gardé dans le palais d'Hérode jusqu'à son procès.

24:5	rdw3				De quelle secte Tertullus a-t-il dit que Paul était un leader ?	Tertullus a dit que Paul était un leader de la secte des Nazaréens.

24:5-6	jd68				Quelles accusations l'orateur Tertullus a-t-il portées contre Paul ?	Tertullus accusait Paul de provoquer la rébellion des Juifs et de profaner le temple.

24:12	oy41				Qu'est-ce que Paul a dit qu'il avait fait dans le temple, les synagogues et la ville ?	Paul a dit qu'il ne s'était disputé avec personne et qu'il n'avait pas soulevé de foule.

24:14	ylrl				A quoi Paul a-t-il dit qu'il était fidèle ?	Paul a dit qu'il était fidèle à tout ce qui est dans la loi et les écrits des prophètes.

24:15	fso7				Quel espoir Paul a-t-il partagé avec les Juifs qui l'accusaient ?	Ils partageaient la même confiance en Dieu concernant la résurrection à venir des morts justes et injustes.

24:17	ndj8				Pourquoi Paul a-t-il dit qu'il était venu à Jérusalem ?	Paul a dit qu'il était venu apporter de l'aide à sa nation et des dons en argent.

24:18	r8yz				Qu'est-ce que Paul a dit qu'il faisait dans le temple lorsqu'il a été trouvé par certains Juifs d'Asie ?	Paul a dit qu'il était dans une cérémonie de purification quand il a été trouvé.

24:22	v2dj				Sur quoi le gouverneur Felix était-il bien informé ?	Le gouverneur Felix était bien informé sur le Chemin.

24:22	d1ji				Quand Félix a-t-il dit qu'il déciderait de l'affaire de Paul ?	Félix dit qu'il décidera du cas de Paul quand le commandant Lusias viendra de Jérusalem.

24:24-25	b78w				Après quelques jours, de quoi Paul a-t-il parlé à Félix ?	Paul a parlé à Félix de la foi en Jésus-Christ, de la rigueur, de la maîtrise de soi et du jugement à venir.

24:25	bcmp				Comment Félix a-t-il réagi après avoir entendu Paul ?	Félix prit peur et demanda à Paul de s'en aller pour le moment.

24:27	sx9a				Après deux ans, pourquoi Félix a-t-il laissé Paul sous bonne garde lorsque le nouveau gouverneur est arrivé ?	Félix a laissé Paul sous bonne garde parce qu'il voulait gagner la faveur des Juifs.

25:3	l85w				Quelle faveur le grand prêtre et les juifs éminents ont-ils demandé à Festus ?	Ils ont demandé à Festus d'appeler Paul à Jérusalem afin de pouvoir tuer Paul en chemin.

25:5	rh9q				Qu'est-ce que Festus a dit au grand prêtre et aux juifs éminents de faire ?	Festus leur dit d'aller à Césarée, où Festus se rendait, et qu'ils pourraient y accuser Paul.

25:9	haz8				Pendant qu'il jugeait le cas de Paul à Césarée, quelle question Festus a-t-il posée à Paul ?	Festus a demandé à Paul s'il voulait monter à Jérusalem et y être jugé.

25:9	tfii				Pourquoi Festus a-t-il posé cette question à Paul ?	Festus a posé cette question à Paul parce qu'il voulait gagner la faveur des Juifs.

25:10	g7y7				Quelle a été la réponse de Paul à la question de Festus ?	Paul a dit qu'il se tenait devant le siège du jugement de César où il doit être jugé.

25:12	cyst				Qu'est-ce que Festus a décidé de faire avec le cas de Paul ?	Festus a décidé que puisque Paul avait invoqué César, il devait aller voir César.

25:16	ayma				Selon Festus, quelle était la coutume légale chez les Romains concernant les personnes accusées de crimes ?	Festus a dit que les Romains donnaient à la personne accusée l'occasion de faire face à ses accusateurs et de se défendre contre les accusations.

25:19	qvr4				Selon Festus, quelles accusations les Juifs ont-ils portées contre Paul ?	Festus dit que les accusations portent sur certaines disputes concernant leur religion et un certain Jésus qui était mort, mais Paul prétendait être vivant.

25:26	r9ht				Pourquoi Festus a-t-il fait venir Paul pour parler devant le roi Agrippa ?	Festus voulait que le roi Agrippa l'aide à écrire quelque chose de logique sur le cas de Paul à l'empereur.

25:27	cazj				Qu'est-ce que Festus a dit qu'il serait déraisonnable pour lui de faire en envoyant Paul à l'empereur ?	Festus a dit qu'il serait déraisonnable pour lui d'envoyer Paul à l'empereur sans énoncer les accusations portées contre lui.

26:3	lhsc				Pourquoi Paul était-il heureux de pouvoir faire sa défense devant le roi Agrippa ?	Paul était heureux de pouvoir présenter sa défense devant le roi Agrippa, car ce dernier était un expert de toutes les coutumes et questions juives.

26:5	npot				Comment Paul a-t-il vécu sa jeunesse à Jérusalem ?	Paul a vécu comme un pharisien, une secte très stricte du judaïsme.

26:6-8	tqyx				Quelle promesse de Dieu, selon Paul, les Juifs et lui espèrent-ils atteindre ?	Paul dit que lui et les Juifs espèrent atteindre la promesse de la résurrection.

26:9-11	z9dq				Avant sa conversion, que faisait Paul contre le nom de Jésus de Nazareth ?	Paul enfermait de nombreux saints en prison, approuvait lorsqu'ils étaient tués, et les poursuivait dans des villes étrangères.

26:13	u2n0				Qu'a vu Paul sur le chemin de Damas ?	Paul a vu une lumière venant du ciel qui était plus brillante que le soleil.

26:14	x3qr				Qu'a entendu Paul sur le chemin de Damas ?	Paul a entendu une voix qui disait : "Saul, Saul, pourquoi me persécutes-tu ?"

26:15	hugg				Qui parlait à Paul sur le chemin de Damas ?	Jésus parlait à Paul sur le chemin de Damas.

26:16-17	hapl				Quel rôle Jésus a-t-il confié à Paul ?	Jésus a désigné Paul pour être un serviteur et un témoin auprès des païens.

26:18	slk7				Qu'est-ce que Jésus a dit qu'il voulait que les Gentils reçoivent ?	Jésus a dit qu'il voulait que les païens reçoivent le pardon des péchés et l'héritage de Dieu.

26:20	wv4s				Quelles sont les deux choses que Paul dit avoir prêchées partout où il est allé ?	Paul dit qu'il a prêché pour que le peuple se repente et se tourne vers Dieu, en faisant des actes dignes de la repentance.

26:22-23	vys1				Qu'est-ce que les prophètes et Moïse ont dit qu'il arriverait ?	Les prophètes et Moïse ont dit que le Christ devait souffrir, être ressuscité d'entre les morts et proclamer la lumière au peuple juif et aux païens.

26:24-25	vcev				Qu'a pensé Festus de Paul après avoir entendu la défense de ce dernier ?	Festus pensait que Paul était fou.

26:28-29	awnl				Quel était le désir de Paul pour le roi Agrippa ?	Paul souhaitait que le roi Agrippa devienne chrétien.

26:31-32	sy5w				Quelle conclusion Agrippa, Festus et Bérénice ont-ils tirée des accusations portées contre Paul ?	Ils étaient d'accord pour dire que Paul n'avait rien fait qui mérite la mort ou la prison, et qu'il aurait pu être libéré s'il n'avait pas fait appel à César.

27:3	u21g				Comment le centurion Julius a-t-il traité Paul au début du voyage vers Rome ?	Julius a traité Paul avec gentillesse et lui a permis d'aller chez ses amis et de recevoir leurs soins.

27:7-8	exei				Quelle île le bateau de Paul a-t-il contourné avec difficulté ?	Le navire a navigué autour de l'île de Crète avec difficulté.

27:10-11	slb6				Pourquoi le centurion Julius n'a-t-il pas suivi l'avertissement de Paul sur les dangers de continuer à naviguer ?	Julius n'a pas suivi l'avertissement de Paul car il a prêté plus d'attention au propriétaire du bateau.

27:14	elvz				Après un début de voyage en douceur, quel vent a commencé à s'abattre sur le navire ?	Après un départ en douceur, un vent appelé "Northeaster" a commencé à s'abattre sur le navire.

27:20	vwtk				Après plusieurs jours, quel espoir a été abandonné par l'équipage du navire ?	Après plusieurs jours, l'équipage a abandonné tout espoir d'être sauvé.

27:23-24	qalr				Quel message un ange de Dieu a-t-il donné à Paul concernant les gens du voyage ?	L'ange a dit à Paul que lui et tous les marins survivraient.

27:27	j9uo				À minuit, la quatorzième nuit, qu'est-ce que les marins pensent qu'il arrive au navire ?	Les marins pensaient que le navire s'approchait d'une terre.

27:30	sfr8				Qu'est-ce que les marins cherchaient à faire ?	Les marins cherchaient un moyen d'abandonner le navire.

27:31	ecqb				Qu'a dit Paul au centurion et aux soldats au sujet des marins ?	Paul a dit au centurion et aux soldats que si les marins ne restaient pas sur le bateau, le centurion et les soldats ne pourraient pas être sauvés.

27:33	qjxi				Lorsque le jour se levait, qu'est-ce que Paul a demandé à tout le monde de faire ?	Paul a exhorté tout le monde à prendre de la nourriture.

27:39-41	ltfs				Comment l'équipage a-t-il décidé d'amener le bateau sur la plage, et que s'est-il passé ?	L'équipage a décidé d'amener le navire sur la plage en naviguant directement vers la plage, mais la proue du navire est restée coincée sur le sol et la poupe a commencé à se briser.

27:42	g9mo				Qu'allaient faire les soldats avec les prisonniers à ce moment-là ?	Les soldats allaient tuer les prisonniers pour qu'aucun d'entre eux ne puisse s'échapper.

27:43	vtui				Pourquoi le centurion a-t-il arrêté le plan des soldats ?	Le centurion a arrêté le plan des soldats parce qu'il voulait sauver Paul.

27:44	o5br				Comment toutes les personnes à bord du navire sont-elles arrivées à terre sans encombre ?	Ceux qui savaient nager sautaient d'abord par-dessus bord, et les autres suivaient sur des planches ou d'autres objets du navire.

28:2	bqf6				Comment les autochtones de l'île de Malte ont-ils traité Paul et l'équipage du navire ?	Les gens les ont traités avec une gentillesse non ordinaire.

28:4	h6xz				Qu'ont pensé les gens en voyant la vipère suspendue à la main de Paul ?	Le peuple pensait que Paul était un meurtrier à qui la justice ne permettait pas de vivre.

28:6	ivas				Qu'ont pensé les gens quand ils ont vu que Paul n'avait pas été tué par la vipère ?	Le peuple pensait que Paul était un dieu.

28:8-9	v6vr				Que s'est-il passé après que Paul ait guéri le père de Publius, le chef de l'île ?	Les autres malades de l'île sont également venus et ont été guéris.

28:11	ch6i				Combien de temps Paul et l'équipage sont-ils restés sur l'île de Malte ?	Paul et l'équipage sont restés sur l'île de Malte pendant trois mois.

28:15	iz0e				Qu'a fait Paul lorsqu'il a vu les frères de Rome qui étaient venus à sa rencontre ?	Quand il a vu les frères, Paul a remercié Dieu et a pris courage.

28:16	nat0				Quelles étaient les conditions de vie de Paul à Rome en tant que prisonnier ?	Paul a été autorisé à vivre seul avec un soldat qui le gardait.

28:20	is6p				Pour quelle raison Paul a-t-il dit aux chefs juifs de Rome qu'il avait été enchaîné ?	Paul a dit aux dirigeants juifs de Rome qu'il avait été enchaîné pour la confiance d'Israël.

28:22	gu6b				Que savaient les dirigeants juifs de Rome de la secte des chrétiens ?	Les dirigeants juifs de Rome savaient que la secte était dénoncée partout.

28:23	mj7v				Lorsque les chefs juifs sont revenus vers Paul dans sa maison, qu'est-ce que Paul a essayé de faire du matin au soir ?	Paul a essayé de les persuader au sujet de Jésus, à partir de la loi de Moïse et des prophètes.

28:24	ns9t				Quelle a été la réaction des chefs juifs à la présentation de Paul ?	Certains des chefs juifs étaient convaincus, tandis que d'autres ne croyaient pas.

28:26	dp9e				Que dit le dernier passage cité par Paul au sujet des chefs juifs qui n'ont pas cru ?	Le dernier texte biblique cité par Paul dit que ceux qui ne croient pas ne comprendront ni ne percevront ce qu'ils entendent et voient.

28:28	bq91				Où Paul a-t-il dit que le message de salut de Dieu avait été envoyé, et quelle serait la réponse ?	Paul a dit que le message de salut de Dieu avait été envoyé aux païens, et qu'ils allaient écouter.

28:31	cb7a				Qu'a fait Paul pendant qu'il était prisonnier à Rome ?	Paul a prêché le royaume de Dieu et a enseigné le Seigneur Jésus-Christ en toute hardiesse.

28:31	eea2				Qui a empêché Paul de prêcher et d'enseigner alors qu'il était prisonnier à Rome pendant deux ans ?	Personne ne l'a arrêté.
