1:1	l3ya				Qu'y avait-il au début ?	Au commencement était le Verbe.

1:1	ry4g				Quelle était la Parole ?	La Parole était Dieu.

1:1-2	jzv6				Avec qui le mot était-il ?	La Parole était avec Dieu.

1:3	ru6x				Est-ce que quelque chose a été fait sans la Parole ?	Toutes choses ont été faites par lui, et sans lui, rien de ce qui a été fait n'a été fait.

1:4	dpkl				Qu'y avait-il dans la Parole ?	En lui, il y avait la vie.

1:6	tk20				Quel était le nom de l'homme envoyé par Dieu ?	Il s'appelait John.

1:7	f3dc				Qu'est-ce que Jean est venu faire ?	Il est venu comme témoin pour attester de la lumière, afin que tous croient par lui.

1:8-11	ptgv				Le monde a-t-il connu ou reçu la lumière dont Jean est venu témoigner ?	Le monde ne connaissait pas la lumière dont Jean était venu témoigner, et le peuple de cette lumière ne l'a pas reçu.

1:12	reym				Qu'a fait la lumière pour ceux qui ont cru en son nom ?	À ceux qui ont cru en son nom, il a donné le droit de devenir enfants de Dieu.

1:13	q31j				Comment ceux qui ont cru en son nom ont-ils pu devenir des enfants de Dieu ?	Ils pouvaient devenir des enfants de Dieu en étant nés de Dieu.

1:14	sjn2				Y a-t-il ou y a-t-il eu une autre personne comme le Verbe, qui est venu du Père ?	Non ! Le Verbe est la seule personne unique qui est venue du Père.

1:16	iolm				Qu'avons-nous reçu de la plénitude de celui dont Jean a témoigné ?	De sa plénitude, nous avons tous reçu don gratuit après don gratuit.

1:17	ybwe				Qu'est-ce qui est venu par Jésus-Christ ?	La grâce et la vérité sont venues par Jésus-Christ.

1:18	e72t				Qui a vu Dieu à un moment donné ?	Aucun homme n'a vu Dieu à aucun moment.

1:18	ld5q				Qui nous a fait connaître Dieu ?	Celui qui est dans le sein du Père nous l'a fait connaître.

1:22-23	eomk				Qui Jean a-t-il dit être lorsqu'il a été interrogé par les prêtres et les lévites de Jérusalem ?	Il a dit : "Je suis la voix de celui qui crie dans le désert : "Aplanissez le chemin du Seigneur", comme l'a dit le prophète Isaïe."

1:29	zx0f				Qu'a dit Jean lorsqu'il a vu Jésus venir à lui ?	Il a dit : "Regardez, voici l'agneau de Dieu qui enlève le péché du monde."

1:31	ly5i				Pourquoi Jean est-il venu baptiser avec de l'eau ?	Il est venu baptiser avec de l'eau pour que Jésus, l'Agneau de Dieu qui enlève le péché du monde, puisse être révélé à Israël.

1:32-33	y48d				Quel est le signe qui a révélé à Jean que Jésus était le fils de Dieu ?	Le signe était que celui sur qui Jean voyait l'Esprit descendre et rester, celui-là est celui qui baptise dans l'Esprit Saint.

1:37	clti				Qu'ont fait deux des disciples de Jean lorsqu'ils ont entendu Jean appeler Jésus "l'agneau de Dieu" ?	Ils ont suivi Jésus.

1:40	qpto				Quel est le nom de l'un des deux qui ont entendu Jean parler et qui ont ensuite suivi Jésus ?	Le nom de l'un des deux est Andrew.

1:41	h1pc				Qu'est-ce qu'André a dit à son frère Simon à propos de Jésus ?	André dit à Simon : "Nous avons trouvé le Messie."

1:42	tuka				Comment Jésus a-t-il dit que Simon serait appelé ?	Jésus a dit que Simon serait appelé "Céphas" (ce qui signifie "Pierre").

1:44	el7h				Quelle était la ville d'André et de Pierre ?	La ville d'André et de Pierre était Bethsaïda.

1:49	z4w5				Qu'a dit Nathaniel à propos de Jésus ?	Nathanaël dit : "Rabbi, tu es le fils de Dieu ! Tu es le roi d'Israël."

1:51	qb8a				Qu'est-ce que Jésus a dit que Nathaniel verrait ?	Jésus a dit à Nathanaël qu'il verrait les cieux ouverts, et tous les anges de Dieu monter et descendre sur le Fils de l'homme.

2:1-2	aq26				Qui était présent aux noces de Cana de Galilée ?	Jésus, sa mère et ses disciples étaient aux noces de Cana en Galilée.

2:3-5	xywm				Pourquoi la mère de Jésus a-t-elle dit à Jésus : "Ils n'ont pas de vin" ?	Elle a dit cela à Jésus parce qu'elle s'attendait à ce qu'il fasse quelque chose pour remédier à la situation.

2:7-8	t8ai				Quelles sont les deux choses que Jésus a demandé aux serviteurs de faire ?	Il leur a d'abord demandé de remplir d'eau les pots à eau. Puis il a dit aux serviteurs d'apporter un peu de cette "eau" au maître d'hôtel.

2:10	gels				Qu'a dit le maître d'hôtel après avoir goûté l'eau qui était devenue du vin ?	Le maître d'hôtel dit : "Tout homme place d'abord le bon vin et ensuite le vin moins cher lorsque les hommes sont ivres. Mais vous avez gardé le bon vin jusqu'à maintenant."

2:11	wn5p				Quelle a été la réaction des disciples de Jésus en voyant ce signe miraculeux ?	Les disciples de Jésus croyaient en Jésus.

2:14	okuy				Qu'a trouvé Jésus lorsqu'il s'est rendu au temple de Jérusalem ?	Il trouva des changeurs de monnaie et ceux qui vendaient des bœufs, des moutons et des pigeons.

2:15	vgfe				Qu'a fait Jésus aux vendeurs et aux changeurs de monnaie ?	Il fit un fouet de cordes et les chassa tous du temple, y compris les brebis et les boeufs. Il répandit aussi l'argent des changeurs de monnaie et renversa leurs tables.

2:16	z5ts				Qu'a dit Jésus aux vendeurs de pigeons ?	Il a dit : "Enlevez ces choses d'ici. Arrêtez de faire de la maison de mon père un marché."

2:18	mqv9				Comment les autorités juives ont-elles réagi aux actions de Jésus dans le temple ?	Ils demandèrent à Jésus : "Quel signe vas-tu nous montrer, puisque tu fais ces choses ?"

2:19	qtx3				Comment Jésus a-t-il répondu aux autorités juives ?	Il leur répondit en disant : " Détruisez ce temple, et en trois jours je le relèverai. "

2:21	mcbv				À quel temple Jésus faisait-il référence ?	Jésus parlait du temple de son corps.

2:23	p87j				Pourquoi beaucoup ont-ils cru au nom de Jésus ?	Ils ont cru parce qu'ils ont vu tous les signes miraculeux qu'il faisait.

2:24-25	smxi				Pourquoi Jésus ne s'est-il pas confié au peuple ?	Il ne se confiait pas aux gens parce qu'il connaissait tous les gens, ce qui était dans l'humanité, et parce qu'il n'avait besoin de personne pour témoigner concernant l'humanité.

3:1	pup6				Qui était Nicodème ?	Nicodème était un pharisien, un membre du conseil juif.

3:2	csqd				Qu'est-ce que Nicodème a témoigné à Jésus ?	Nicodème dit à Jésus : " Rabbi, nous savons que tu es un maître venu de Dieu, car personne ne peut faire ces signes que tu fais si Dieu n'est pas avec lui. "

3:3-4	rc39				Qu'est-ce que Jésus a dit à Nicodème qui l'a rendu confus et perplexe ?	Jésus a dit à Nicodème qu'il fallait naître de nouveau pour entrer dans le royaume de Dieu.

3:4	a0ql				Quelles questions Nicodème a-t-il posées qui nous permettent de savoir que les déclarations de Jésus l'ont rendu confus et perplexe ?	Nicodème dit : "Comment un homme peut-il naître quand il est vieux ? Il ne peut pas entrer une seconde fois dans le ventre de sa mère et naître, n'est-ce pas ?"

3:10	p356				Comment Jésus a-t-il réprimandé Nicodème ?	Il a réprimandé Nicodème en disant : "Es-tu un maître d'Israël, et pourtant tu ne comprends pas ces choses ?"

3:13	bsrx				Qui est monté au ciel ?	Personne n'est monté au ciel, sinon celui qui est descendu du ciel, le Fils de l'homme.

3:14-15	a43t				Pourquoi le Fils de l'homme doit-il être élevé ?	Il doit être élevé pour que tous ceux qui croient en lui aient la vie éternelle.

3:16	th1d				Comment Dieu a-t-il montré qu'il aimait le monde ?	Il a montré son amour en donnant son Fils unique, afin que quiconque croit en lui ne périsse pas mais ait la vie éternelle.

3:17	tacq				Dieu a-t-il envoyé son fils pour condamner le monde ?	Non. Dieu a envoyé son fils pour que le monde soit sauvé par son fils.

3:19	vikb				Pourquoi les hommes tombent-ils sous le jugement ?	Les hommes tombent sous le jugement parce que la lumière est venue dans le monde, et les hommes ont aimé les ténèbres plutôt que la lumière parce que leurs œuvres étaient mauvaises.

3:20	xwkh				Pourquoi ceux qui font le mal ne viennent-ils pas à la lumière ?	Ceux qui font le mal détestent la lumière et ne veulent pas y entrer, parce qu'ils ne veulent pas que leurs actes soient exposés.

3:21	siam				Pourquoi ceux qui pratiquent la vérité viennent-ils à la lumière ?	Ils viennent à la lumière pour que leurs actes soient clairement visibles et pour faire savoir que leurs actes ont été accomplis dans l'obéissance à Dieu.

3:30	waok				Selon Jean, qu'arriverait-il au ministère de Jésus par rapport au ministère de Jean ?	Jean a dit : "Il doit croître, mais je dois décroître."

3:33	c74s				Qu'ont confirmé ceux qui ont accepté le témoignage de celui qui est venu d'en haut, du ciel ?	Ils ont confirmé que Dieu est vrai.

3:35	g7dc				Qu'est-ce que le Père a remis entre les mains du Fils ?	Il a remis toutes choses entre les mains du Fils.

3:36	flwy				Qu'ont ceux qui croient au Fils ?	Ils ont la lumière éternelle.

3:36	kmjq				Qu'arrive-t-il à ceux qui désobéissent au Fils ?	Ils ne verront pas la vie, mais la colère de Dieu demeure sur eux.

4:1-3	xy2z				Quand Jésus a-t-il quitté la Judée pour la Galilée ?	Jésus a quitté la Judée et est parti pour la Galilée après avoir appris aux Pharisiens qu'il faisait et baptisait plus de disciples que Jean.

4:5	sxm9				Où Jésus s'est-il arrêté sur son chemin vers la Galilée ?	Il est arrivé dans une ville samaritaine appelée Sychar.

4:7	ri38				Qui est venu au puits de Jacob pendant que Jésus y était ?	Une femme samaritaine est venue y puiser de l'eau.

4:7	fn94				Que dit d'abord Jésus à la Samaritaine ?	Il lui dit : "Donne-moi de l'eau à boire."

4:8	rp7k				Où étaient les disciples de Jésus ?	Ils étaient partis en ville pour acheter de la nourriture.

4:9	ne6j				Pourquoi la Samaritaine a-t-elle été surprise que Jésus lui parle ?	Elle était surprise car les Juifs n'avaient pas de relations avec les Samaritains.

4:10	rm00				Que dit Jésus pour orienter la conversation vers les choses de Dieu ?	Jésus lui dit que si elle avait connu le don de Dieu et qui lui parlait, elle aurait demandé, et il lui aurait donné de l'eau vive.

4:11	szga				Quelle déclaration la femme fait-elle pour indiquer qu'elle ne comprend pas la nature spirituelle des commentaires de Jésus ?	La femme répondit : "Monsieur, vous n'avez pas de seau, et le puits est profond. Où trouverais-tu cette eau vive ?"

4:14-15	mzyv				Que dit Jésus à la femme au sujet de l'eau qu'il va donner ?	Jésus dit à la femme que ceux qui boivent l'eau qu'il donne n'auront plus jamais soif, et que cette eau deviendra une source d'eau jaillissant dans la vie éternelle.

4:15	jp23				Pourquoi la femme veut-elle maintenant cette eau que Jésus lui offre ?	Elle veut l'eau pour ne pas avoir soif et ne pas avoir à venir au puits pour puiser de l'eau.

4:16	ltwl				Jésus change alors le sujet de la conversation. Que dit-il à la femme ?	Jésus lui dit : "Va, appelle ton mari, et reviens ici."

4:17	mecq				Comment la femme répond-elle à Jésus lorsqu'il lui dit d'appeler son mari ?	La femme dit à Jésus qu'elle n'a pas de mari.

4:18	ywaj				Que dit Jésus au sujet de la femme qu'il ne pouvait pas connaître par des moyens naturels ?	Il lui dit qu'elle a eu cinq maris et que l'homme qu'elle a maintenant n'est pas son mari.

4:20	stp2				Quelle controverse la femme soulève-t-elle auprès de Jésus concernant le culte ?	Elle a soulevé une controverse sur le lieu de culte approprié.

4:23-24	jlr1				Que dit Jésus à la femme sur le type d'adorateurs que le Père recherche ?	Jésus lui dit que Dieu est un Esprit, et que les vrais adorateurs doivent adorer Dieu en esprit et en vérité.

4:25-26	brqa				Que répond Jésus à la femme lorsqu'elle lui dit que lorsque le Messie (Christ) viendra, il leur annoncera tout ?	Jésus lui dit qu'il est le Messie (Christ).

4:28-29	dq5q				Qu'a fait la femme après sa conversation avec Jésus ?	La femme laissa son pot à eau, retourna en ville et dit aux gens : "Venez voir un homme qui m'a raconté toutes les choses que j'ai faites. Cela ne peut pas être le Christ, n'est-ce pas ?"

4:30	g71a				Qu'ont fait les habitants de la ville après avoir entendu le rapport de la femme ?	Ils ont quitté la ville et sont venus à Jésus.

4:34	eqo4				Qu'est-ce que Jésus dit que sa nourriture est ?	Jésus a dit que sa nourriture était de faire la volonté de celui qui l'a envoyé et d'achever son œuvre.

4:36	pxnp				Quel est l'avantage de la récolte ?	Le moissonneur reçoit un salaire et récolte des fruits pour la vie éternelle, afin que celui qui sème et celui qui récolte puissent se réjouir ensemble.

4:39	mhpi				Pourquoi beaucoup de Samaritains dans cette ville ont-ils cru en Jésus ?	Le rapport de la femme a amené de nombreux Samaritains de cette ville à croire en Jésus.

4:42	n9ft				Que croyaient beaucoup de ces Samaritains à propos de Jésus ?	Ils ont dit qu'ils savaient maintenant que Jésus était bien le Sauveur du monde.

4:45	g8ay				Lorsque Jésus est arrivé en Galilée, pourquoi les Galiléens l'ont-ils accueilli ?	Ils l'ont accueilli parce qu'ils avaient vu toutes les choses qu'il avait faites à Jérusalem lors de la fête.

4:46-47	ri8c				Après que Jésus ait quitté la Judée et soit retourné en Galilée, qui est venu le trouver et que voulait-il ?	Un fonctionnaire royal dont le fils était malade vint trouver Jésus, le suppliant de descendre et de guérir son fils.

4:48	fhdc				Qu'a dit Jésus au fonctionnaire royal au sujet des signes et des prodiges ?	Jésus lui a dit que les gens ne croiraient pas s'ils ne voyaient pas de signes et de prodiges.

4:50	j6p2				Qu'a fait le fonctionnaire royal lorsque Jésus n'est pas allé avec lui mais lui a dit : " Va, ton fils vit " ?	L'homme crut à la parole que Jésus lui adressa, et il s'en alla.

4:53	sdm1				Quel fut le résultat après que le père de l'enfant malade eut appris que son fils vivait et que la fièvre l'avait quitté la veille à la septième heure, à l'heure même où Jésus lui avait dit : "Ton fils vit." ?	Le résultat fut que le fonctionnaire royal et toute sa maison crurent.

5:2	amam				Quel était le nom de la piscine à Jérusalem près de la porte des brebis qui avait cinq portiques couverts ?	Cette piscine s'appelait Bethesda.

5:3-4	trgl				Qui était à Bethesda ?	Un grand nombre de malades, d'aveugles, de boiteux et de paralysés étaient couchés dans les portiques de Bethesda.

5:5-6	ypzi				À Bethesda, à qui Jésus a-t-il demandé : "Veux-tu être guéri ?"	Jésus a demandé à un certain homme qui était invalide depuis 38 ans et qui était allongé depuis longtemps.

5:7	vvae				Quelle a été la réponse du malade à la question de Jésus : "Veux-tu guérir ?"	Le malade répondit : "Monsieur, je n'ai personne, quand on remue l'eau, pour me mettre dans la piscine. Quand j'essaie, un autre descend devant moi."

5:8-9	vswj				Que s'est-il passé lorsque Jésus a dit au malade : "Lève-toi, prends ton grabat, et marche" ?	Aussitôt, l'homme fut guéri, prit son lit et marcha.

5:10	atbm				Pourquoi les chefs juifs ont-ils été bouleversés lorsqu'ils ont vu le malade marcher avec son lit (natte) ?	Cela les a contrariés parce que c'était un sabbat, et ils ont dit que l'homme n'avait pas le droit de porter son tapis le jour du sabbat.

5:14	jczi				Qu'a dit Jésus au malade qu'il avait guéri après l'avoir trouvé dans le temple ?	Jésus lui dit : "Tu vois, tu es guéri. Ne pèche plus, de peur qu'il ne t'arrive quelque chose de pire."

5:15	qkqh				Qu'a fait l'homme guéri après que Jésus lui ait dit d'arrêter de pécher ?	L'homme alla dire aux chefs juifs que c'était Jésus qui l'avait guéri.

5:17	war5				Comment Jésus a-t-il répondu aux chefs juifs qui le persécutaient parce qu'il faisait ces choses (guérisons) le jour du sabbat ?	Jésus leur a dit : "Mon Père travaille maintenant même, et moi aussi je travaille."

5:18	hctp				Pourquoi la déclaration de Jésus aux chefs juifs a-t-elle incité ces derniers à vouloir le tuer ?	Cela s'est produit parce que Jésus a non seulement rompu le sabbat (dans leur esprit), mais a également appelé Dieu son propre Père, se faisant ainsi l'égal de Dieu.

5:19	i3ca				Qu'a fait Jésus ?	Il a fait ce qu'il a vu le Père faire.

5:20	vkj2				Que ferait le Père pour que les chefs juifs soient stupéfaits ?	Le Père allait montrer au Fils des choses plus grandes que celles-ci, afin que les chefs juifs soient stupéfaits.

5:22-23	scku				Pourquoi le Père a-t-il donné tout jugement au Fils ?	Le Père a donné tout jugement au Fils afin que tous puissent honorer le Fils comme ils honorent le Père.

5:23	klx1				Que se passe-t-il si vous n'honorez pas le Fils ?	Si vous n'honorez pas le Fils, vous n'honorez pas le Père qui l'a envoyé.

5:24	uzn1				Que se passe-t-il si tu crois la parole de Jésus et si tu crois au Père qui l'a envoyé ?	Si c'est le cas, vous avez la vie éternelle et vous ne serez pas condamnés, mais vous êtes passés de la mort à la vie.

5:26	tozr				Qu'est-ce que le Père a donné au Fils concernant la vie ?	Le Père a donné au Fils d'avoir la vie en lui-même.

5:28-29	dl3d				Que se passera-t-il lorsque tous ceux qui sont dans les tombeaux entendront la voix du Père ?	Ils sortiront. Ceux qui ont fait le bien pour la résurrection de la vie, et ceux qui ont fait le mal pour la résurrection du jugement.

5:30	sqcr				Pourquoi le jugement de Jésus est-il juste ?	Son jugement est juste parce qu'il ne cherche pas sa propre volonté mais la volonté du Père qui l'a envoyé.

5:36	h1og				Quel témoignage, plus grand que celui de Jean, Jésus avait-il pour prouver qu'il était envoyé par le Père ?	Les œuvres que Jésus a faites témoignent qu'il a été envoyé par le Père.

5:37	oxd6				Qui n'avait pas entendu la voix du Père ni vu sa forme à aucun moment ?	Les chefs juifs n'avaient à aucun moment entendu sa voix ni vu sa forme.

5:39	zjjk				Pourquoi les dirigeants juifs ont-ils cherché dans les Écritures ?	Ils les ont recherchés parce qu'ils pensaient qu'en eux ils avaient la vie éternelle.

5:39	j52w				De qui les Écritures témoignent-elles ?	Les Écritures témoignent de Jésus.

5:44	b8t9				De qui les dirigeants juifs ne cherchaient-ils pas à obtenir des éloges ?	Ils ne cherchaient pas la louange qui vient du seul Dieu.

5:45	dm3s				Qui allait accuser les chefs juifs devant le Père ?	Moïse allait accuser les chefs juifs devant le Père.

5:46-47	bdsr				Selon Jésus, que feraient les chefs juifs s'ils croyaient Moïse ?	Il dit que les dirigeants juifs croiraient en Jésus s'ils croyaient Moïse, car Moïse a écrit sur Jésus.

6:1	pwc7				Quel était un autre nom pour la mer de Galilée ?	La mer de Galilée était également appelée la mer de Tibériade.

6:2	o36h				Pourquoi une grande foule suivait-elle Jésus ?	Ils l'ont suivi parce qu'ils voyaient les signes que Jésus faisait sur les malades.

6:4-5	hu6x				Qu'a vu Jésus après s'être assis sur le flanc de la montagne avec ses disciples et avoir regardé en l'air ?	Il a vu une grande foule venir à lui.

6:5-6	gx30				Pourquoi Jésus a-t-il demandé à Philippe : "Où allons-nous acheter du pain pour qu'ils puissent manger ?"	Jésus a dit ceci pour mettre Philippe à l'épreuve.

6:7	e63l				Quelle a été la réponse de Philippe à la question de Jésus : " Où allons-nous acheter du pain pour que ceux-ci puissent manger ? ".	Philippe dit : " Deux cents deniers de pain ne suffiraient pas pour que chacun en ait ne serait-ce qu'un peu. "

6:8-9	w7zg				Quelle a été la réponse d'André à la question de Jésus : "Où allons-nous acheter du pain pour que ceux-ci puissent manger ?"	André dit : "Il y a ici un garçon qui a cinq pains d'orge et deux poissons, mais qu'est-ce que cela représente parmi tant d'autres ?"

6:10	h2rp				Combien d'hommes environ y avait-il dans cet endroit ?	Il y avait environ 5 000 hommes là-bas.

6:11	nvvv				Qu'a fait Jésus avec les pains et les poissons ?	Jésus prit les pains et, après avoir rendu grâce, il les distribua à ceux qui étaient assis. Il a distribué les poissons de la même manière.

6:11	xred				Combien les gens ont-ils pu manger ?	Ils ont eu autant qu'ils voulaient manger.

6:13	ndo6				Combien de pain a-t-on ramassé après le repas ?	Les disciples ont rempli 12 paniers avec les morceaux des cinq pains d'orge - les morceaux laissés par ceux qui avaient mangé.

6:14-15	xi7z				Pourquoi Jésus s'est-il retiré à nouveau sur la montagne, seul ?	Jésus s'est retiré parce qu'il s'est rendu compte que les gens, après avoir vu le signe qu'il a fait (le repas des 5 000), étaient sur le point de venir le saisir par la force et de le faire roi.

6:18	m0kl				Qu'est-il arrivé au temps après que les disciples soient montés dans une barque et soient partis pour Capharnaüm ?	Un vent fort s'est mis à souffler et la mer a commencé à être agitée.

6:19	wwm2				Pourquoi les disciples ont-ils commencé à avoir peur ?	Ils ont eu peur parce qu'ils ont vu Jésus marcher sur la mer et s'approcher de la barque.

6:20	g42j				Qu'a dit Jésus aux disciples pour qu'ils acceptent de le recevoir dans la barque ?	Jésus leur dit : "C'est moi ! N'ayez pas peur."

6:26	svwr				Selon Jésus, quelle était la raison pour laquelle la foule le cherchait ?	Jésus dit qu'ils le cherchaient non pas parce qu'ils voyaient des signes, mais parce qu'ils avaient mangé des pains et avaient été rassasiés.

6:27	itzw				Qu'est-ce que Jésus a dit à la foule pour laquelle ils devraient et ne devraient pas travailler ?	Jésus leur a dit de ne plus travailler pour la nourriture qui périt, mais de travailler pour la nourriture qui dure jusqu'à la vie éternelle.

6:29	mbe5				Comment Jésus a-t-il défini l'œuvre de Dieu pour la foule ?	Jésus dit à la foule : "Voici l'œuvre de Dieu : que vous croyiez en celui qu'il a envoyé."

6:35	oump				Qu'est-ce que Jésus dit être le pain de la vie ?	Jésus dit qu'il est le pain de la vie.

6:37	hr4f				Qui viendra à Jésus ?	Tous ceux que le Père donne à Jésus viendront à lui.

6:39-40	t2yr				Quelle est la volonté du Père qui a envoyé Jésus ?	La volonté du Père est que Jésus ne perde rien de ce que le Père lui a donné et que quiconque voit le fils et croit en lui ait la vie éternelle ; et Jésus le ressuscitera au dernier jour.

6:44	oob4				Comment un homme peut-il venir à Jésus ?	Un homme ne peut venir à Jésus que si son Père l'attire.

6:46	uohs				Qui a vu le Père ?	Seul celui qui vient de Dieu a vu le Père.

6:51	c1gs				Quel est le pain que Jésus donnera pour la vie du monde ?	Le pain que Jésus donnera pour la vie du monde est sa propre chair.

6:53	wp0i				Que devez-vous faire pour avoir la vie en vous ?	Pour avoir la vie en vous, vous devez manger la chair du Fils de l'homme et boire son sang.

6:56	azgb				Comment pouvons-nous rester en Jésus et Jésus rester en nous ?	Si nous mangeons sa chair et buvons son sang, nous resterons en Jésus et lui en nous.

6:57	hje2				Pourquoi Jésus vit-il ?	Jésus vit à cause du Père.

6:60	r6hn				Comment beaucoup de disciples de Jésus ont-ils réagi après avoir entendu Jésus enseigner qu'il fallait manger sa chair et boire son sang ?	Lorsque les disciples ont entendu cet enseignement, beaucoup d'entre eux ont dit : "C'est un enseignement difficile ; qui peut l'accepter ?"

6:64	luy8				Qu'est-ce que Jésus savait sur les gens depuis le début ?	Jésus savait dès le début qui étaient ceux qui ne croiraient pas et qui étaient ceux qui le trahiraient.

6:67-68	imp3				Lorsque Jésus a demandé aux Douze : "Vous ne voulez pas vous en aller vous aussi, n'est-ce pas ?", qui a répondu et qu'a-t-il dit ?	Simon-Pierre lui répondit : "Seigneur, à qui irions-nous ? Tu as les paroles de la vie éternelle, et nous avons cru et connu que tu es le Saint de Dieu."

6:70-71	dtgw				De qui Jésus voulait-il parler quand il a dit que l'un des Douze était un démon ?	Jésus parle de Judas, le fils de Simon Iscariote, car c'est lui, l'un des Douze, qui trahira Jésus.

7:1	aeg8				Pourquoi Jésus ne voulait-il pas aller en Judée ?	Il ne voulait pas y aller, car les Juifs voulaient le tuer.

7:3-4	iyei				Pourquoi les frères de Jésus l'ont-ils incité à se rendre en Judée pour la fête des abris ?	Ils l'ont exhorté à partir pour que les disciples de Jésus puissent voir les actes qu'il accomplissait et pour que le monde le sache.

7:6	vwzs				Quelle raison Jésus a-t-il donnée pour ne pas aller à la fête ?	Jésus a dit à ses frères que son temps n'était pas encore venu, et que son temps n'était pas encore accompli.

7:7	o0fa				Pourquoi le monde déteste-t-il Jésus ?	Jésus a dit que le monde le haïssait parce qu'il témoigne du monde que ses actes sont mauvais.

7:10	qxx0				Quand et comment Jésus est-il monté à la fête ?	Jésus est monté après que ses frères soient montés à la fête, mais il y est allé en privé, pas en public.

7:12	fdtf				Que disaient les gens dans la foule à propos de Jésus ?	Certains ont dit : "C'est un homme bon." D'autres ont dit : "Non, il égare les foules."

7:13	ntn6				Pourquoi personne ne parlait ouvertement de Jésus ?	C'est par crainte des Juifs que personne ne parlait ouvertement de Jésus.

7:14	xvyc				Quand Jésus est-il monté dans le temple et a-t-il commencé à enseigner ?	Lorsque la fête fut à moitié terminée, Jésus monta dans le temple et se mit à enseigner.

7:17	lcbt				Comment Jésus a-t-il dit que l'on pouvait savoir si son enseignement venait de Dieu ou si Jésus parlait de lui-même ?	Jésus a dit que si quelqu'un voulait faire la volonté de celui qui a envoyé Jésus, il connaîtrait cet enseignement, qu'il vienne de Dieu ou non.

7:18	d2rm				Qu'a dit Jésus à propos de celui qui cherche la gloire de celui qui l'a envoyé ?	Jésus a dit que cette personne est vraie, et qu'il n'y a pas d'injustice en elle.

7:19	mif6				Selon Jésus, qui fait la loi ?	Jésus a dit qu'aucun de vous ne fait la loi.

7:23	av5v				Quel est l'argument de Jésus pour justifier la guérison le jour du sabbat ?	L'argument de Jésus était : Tu vas circoncire un homme le jour du sabbat pour que la loi de Moïse ne soit pas violée. Alors pourquoi es-tu en colère contre moi parce que j'ai fait un homme complètement guéri le jour du sabbat.

7:24	d5ml				Comment Jésus a-t-il dit aux gens de juger ?	Jésus leur a dit de ne pas juger selon l'apparence, mais de juger avec justice.

7:27	fzj3				Quel était l'un des arguments avancés par les gens pour ne pas croire que Jésus était le Christ ?	Les gens ont dit qu'ils savaient d'où venait Jésus, mais ils ont dit que lorsque le Christ viendra, personne ne saura d'où il vient.

7:32	skyo				Qui a envoyé des officiers pour arrêter Jésus ?	Les chefs des prêtres et les pharisiens ont envoyé des officiers pour arrêter Jésus.

7:35-36	hecu				Les Juifs ont-ils compris ce que Jésus voulait dire quand il a dit : "Je suis encore avec vous pour un peu de temps, puis je m'en vais vers celui qui m'a envoyé. Vous me chercherez, mais vous ne me trouverez pas ; là où je vais, vous ne pourrez pas venir." ?	Par leur conversation entre eux, ils ont indiqué qu'ils ne comprenaient pas la déclaration de Jésus.

7:37-39	npf8				À quoi Jésus faisait-il référence lorsqu'il a dit : "Si quelqu'un a soif, qu'il vienne à moi et qu'il boive. Celui qui croit en moi, comme l'a dit l'Écriture, des fleuves d'eau vive couleront de son sein."	Jésus a dit ceci à propos de l'Esprit, que ceux qui croient en lui recevront.

7:45-46	x31n				Comment les officiers ont-ils répondu aux chefs des prêtres et aux pharisiens qui leur disaient : "Pourquoi ne l'avez-vous pas amené (Jésus) ?"	Les officiers ont répondu : "Aucun homme n'a jamais parlé comme ça auparavant."

7:50-51	ome8				Comment Nicodème a-t-il répondu aux Pharisiens lorsque ceux-ci ont demandé aux officiers envoyés pour arrêter Jésus : "Vous aussi, vous êtes-vous égarés ? Est-ce qu'un seul des chefs a cru en lui, ou un seul des Pharisiens ?"	Nicodème dit aux Pharisiens : "Notre loi juge-t-elle un homme sans l'avoir d'abord entendu et sans savoir ce qu'il fait ?"

8:2-3	bf2n				Pendant que Jésus enseignait les gens dans le temple, que faisaient les scribes et les pharisiens ?	Ils ont amené une femme prise en flagrant délit d'adultère, l'ont placée au milieu d'eux et ont demandé à Jésus ce qu'il avait à dire à son sujet (pour la juger).

8:4-6	nhf3				Pourquoi les scribes et les pharisiens ont-ils vraiment amené cette femme à Jésus ?	Ils ont vraiment amené cette femme à Jésus pour le piéger afin d'avoir quelque chose à lui reprocher.

8:7	hh7q				Qu'a dit Jésus aux scribes et aux pharisiens après qu'ils l'aient interrogé sur la femme surprise en adultère ?	Jésus leur dit : "Que celui d'entre vous qui est sans péché soit le premier à lui jeter une pierre."

8:9	tjzn				Qu'ont fait les gens après que Jésus leur ait parlé de qui devait être le premier à jeter une pierre à la femme surprise en adultère ?	Après que Jésus eut parlé, ils sortirent un par un, en commençant par le plus âgé et en terminant par le dernier.

8:11	hl8b				Qu'est-ce que Jésus a dit à la femme (prise en flagrant délit d'adultère) de faire ?	Jésus lui dit de s'en aller et de ne plus pécher à partir de ce moment-là.

8:13	bdci				Quelle était la plainte des pharisiens après que Jésus ait dit : "Je suis la lumière du monde ; celui qui me suit ne marchera pas dans les ténèbres mais aura la lumière de la vie."	Les Pharisiens se sont plaints que Jésus rendait un témoignage sur lui-même et que son témoignage n'était pas vrai.

8:17-18	m8be				Comment Jésus a-t-il défendu son témoignage comme étant vrai ?	Jésus dit que dans leur loi, il est écrit que le témoignage de deux hommes est vrai. Il a ensuite déclaré que lui et le Père qui l'a envoyé rendent tous deux témoignage de Jésus.

8:23-24	vtgs				Sur quoi Jésus s'appuie-t-il pour dire aux Pharisiens qu'ils mourront dans leurs péchés ?	Jésus a fondé cette déclaration sur la connaissance qu'il avait d'eux, à savoir qu'ils étaient d'en bas et que lui était d'en haut. Ils étaient de ce monde et lui n'était pas de ce monde.

8:24	b1xk				Comment le pharisien pouvait-il échapper à la mort dans ses péchés ?	Jésus a dit qu'ils mourraient dans leurs péchés s'ils ne croyaient pas "que je suis".

8:26-27	eu6m				Quelles sont les choses que Jésus a dites au monde ?	Jésus a dit au monde les choses qu'il a entendues du Père.

8:29	vpum				Pourquoi le Père qui a envoyé Jésus est-il resté avec lui et ne l'a pas laissé seul ?	Le Père était avec Jésus et ne l'a pas laissé seul parce que Jésus a toujours fait les choses qui plaisaient au Père.

8:31	jb9q				Comment Jésus a-t-il dit que les Juifs qui avaient cru en lui pouvaient savoir qu'ils étaient vraiment ses disciples ?	Ils pouvaient savoir qu'ils étaient vraiment des disciples de Jésus en restant dans sa parole.

8:33	h52q				À quoi les Juifs qui ont cru Jésus pensaient-ils que Jésus faisait référence lorsqu'il a dit : "... et vous connaîtrez la vérité, et la vérité vous rendra libres." ?	Ces Juifs pensaient que Jésus parlait d'être l'esclave des hommes, ou d'être asservi à eux.

8:34	vqqz				À quoi Jésus se référait-il lorsqu'il a dit "et vous connaîtrez la vérité et la vérité vous rendra libres" ?	Jésus faisait référence au fait d'être libéré de l'esclavage du péché.

8:37	ydmk				Quelle est la raison pour laquelle, selon Jésus, les Juifs ont cherché à le tuer ?	Ils ont cherché à tuer Jésus parce que sa parole n'avait pas sa place chez eux.

8:39-40	ot2o				Pourquoi Jésus a-t-il dit que ces Juifs n'étaient pas les enfants d'Abraham ?	Jésus a dit qu'ils n'étaient pas les enfants d'Abraham parce qu'ils ne faisaient pas les œuvres d'Abraham. Au contraire, ils ont cherché à tuer Jésus.

8:42	n5sg				Lorsque ces Juifs disent qu'ils ont un seul Père, Dieu, comment Jésus les réfute-t-il ?	Jésus leur dit : "Si Dieu était votre Père, vous m'auriez aimé, car je suis venu de Dieu et je suis ici ; je ne suis pas venu de moi-même, mais c'est celui qui m'a envoyé."

8:44	d512				Qui, selon Jésus, est le père de ces Juifs ?	Jésus dit que leur père est le diable.

8:44	uddf				Qu'a dit Jésus à propos du diable ?	Jésus a dit que le diable était un meurtrier dès le commencement et qu'il ne se tient pas dans la vérité, car il n'y a pas de vérité en lui. Lorsque le diable dit un mensonge, il parle selon sa propre nature, car il est menteur et père du mensonge.

8:47	cjdf				Qui entend les paroles de Dieu ?	Celui qui vient de Dieu entend les paroles de Dieu.

8:51	eg00				Selon Jésus, que se passera-t-il si quelqu'un garde la parole de Jésus ?	Si quelqu'un garde la parole de Jésus, il ne verra jamais la mort.

8:52	zlvm				Pourquoi les Juifs ont-ils dit que Jésus avait un démon ?	Ils ont dit cela parce que Jésus a dit : "En vérité, en vérité, je vous le dis, si quelqu'un garde ma parole, il ne verra jamais la mort."

8:52-53	ctnb				Pourquoi les juifs ont-ils pensé que la déclaration de Jésus selon laquelle il ne verrait jamais la mort était excentrique ?	Ils pensaient cela parce qu'ils pensaient à la mort physique du corps. Même Abraham et les prophètes sont morts (leur corps physique).

8:58	n7yo				Quelles déclarations Jésus fait-il pour dire qu'il était vivant avant Abraham ?	Jésus a dit : "En vérité, en vérité, je vous le dis, avant qu'Abraham ne soit né, JE SUIS."

9:2	olqb				Quelle est la supposition faite par les disciples quant à la raison pour laquelle l'homme est né aveugle ?	Les disciples supposent que la raison pour laquelle l'homme est né aveugle est que l'homme ou ses parents ont péché.

9:3	s099				Selon Jésus, quelle est la raison pour laquelle l'homme est né aveugle ?	Jésus dit que l'homme est né aveugle pour que les œuvres de Dieu soient révélées en lui.

9:6-7	b1oc				Qu'a fait et dit Jésus à l'aveugle ?	Jésus cracha sur le sol, fit de la boue et oignit les yeux de l'homme avec cette boue.

9:7	i329				Que s'est-il passé après que l'aveugle se soit lavé dans la piscine de Siloé ?	Il est revenu en voyant.

9:9	ow07				De quoi l'homme a-t-il témoigné lorsqu'une dispute a éclaté pour savoir s'il était ou non l'aveugle-né qui avait l'habitude de s'asseoir et de mendier ?	L'homme a témoigné qu'il était le mendiant aveugle.

9:13	xpro				Qu'ont fait les gens qui étaient avec le mendiant autrefois aveugle ?	Ils ont emmené l'homme chez les Pharisiens.

9:14	zms3				Quand la guérison a-t-elle eu lieu ?	La guérison de l'aveugle a eu lieu le jour du sabbat.

9:15	yehz				Qu'est-ce que les Pharisiens ont demandé à l'ancien aveugle ?	Ils lui demandèrent comment il avait recouvré la vue.

9:16	n3ey				Quelle était la division qui a surgi parmi les Pharisiens ?	Certains pharisiens disaient que Jésus ne venait pas de Dieu parce qu'il ne respectait pas le sabbat (il guérissait le jour du sabbat) et certains pharisiens disaient comment un homme qui est un pécheur peut faire de tels signes.

9:17	ob9x				Qu'a dit l'ancien aveugle à propos de Jésus lorsqu'on lui a posé la question ?	L'ancien aveugle a dit : "C'est un prophète."

9:18	c9g8				Pourquoi les Juifs ont-ils fait appel aux parents de l'aveugle qui avait recouvré la vue ?	Ils ont appelé les parents de l'homme car ils ne croyaient toujours pas que l'homme était celui qui avait été aveugle.

9:20	pwvb				Qu'ont témoigné les parents de l'homme au sujet de leur fils ?	Les parents ont témoigné que l'homme était bien leur fils et qu'il était né aveugle.

9:21	ikmp				Qu'est-ce que les parents de l'homme ont dit qu'ils ne savaient pas ?	Ils ont dit qu'ils ne savaient pas comment il pouvait maintenant voir, ni qui lui a ouvert les yeux.

9:22	u52p				Pourquoi les parents de l'homme ont-ils dit : "C'est un adulte. Demandez-lui."	Ils disaient cela parce qu'ils avaient peur des Juifs. Car les Juifs avaient déjà décidé que si quelqu'un confessait que Jésus est le Christ, il devait être exclu de la synagogue.

9:24	oilc				Qu'ont dit les Pharisiens à l'ancien aveugle lorsqu'ils l'ont convoqué pour la deuxième fois ?	Ils ont dit : "Rendez gloire à Dieu. Nous savons que cet homme (Jésus) est un pécheur."

9:25	n0gk				Quelle a été la réponse de l'ancien aveugle aux Pharisiens lorsqu'ils ont traité Jésus de pécheur ?	Il a répondu : "Je ne sais pas s'il est pécheur. Mais il y a une chose que je sais : J'étais aveugle, et maintenant je vois."

9:27	ugup				Quelles questions l'ancien aveugle a-t-il posées aux Pharisiens ?	L'ancien aveugle dit : "Pourquoi veux-tu l'entendre à nouveau ? Vous ne voulez pas vous aussi devenir ses disciples, n'est-ce pas ?"

9:31	goby				Lorsque les Pharisiens ont injurié l'homme, qu'est-ce que l'ancien aveugle a dit que tout le monde savait ?	L'ancien aveugle a dit que tout le monde savait que Dieu n'écoute pas les pécheurs.

9:34	m34f				Comment les Pharisiens ont-ils répondu à la réplique de l'aveugle ?	Ils reprochèrent à l'homme d'être né dans le péché et pourtant il osait les enseigner. Puis ils ont chassé l'homme de la synagogue.

9:35	douh				Qu'a fait Jésus lorsqu'il a appris que l'ancien aveugle avait été chassé de la synagogue ?	Jésus est allé chercher l'homme et l'a trouvé.

9:35-36	kqxo				Qu'a dit Jésus à l'ancien aveugle après l'avoir trouvé ?	Jésus a demandé à l'homme s'il croyait au Fils de l'homme, puis il a dit à l'ancien aveugle qu'il (Jésus) était le Fils de l'homme.

9:38	j429				Comment l'ancien aveugle a-t-il réagi lorsqu'on lui a dit que Jésus était le Fils de l'homme ?	L'ancien aveugle a dit à Jésus qu'il croyait, et il a adoré Jésus.

9:41	keu8				Qu'a dit Jésus à propos des péchés des pharisiens ?	Jésus leur dit : "Si vous étiez aveugles, vous n'auriez pas de péché. Mais maintenant, vous dites : "Nous voyons". Ainsi, votre péché demeure."

10:1	v1ch				Selon Jésus, qui est un voleur et un brigand ?	Celui qui n'entre pas par la porte dans la bergerie, mais qui grimpe par un autre chemin, celui-là est un voleur et un brigand.

10:2	lxqd				Qui entre dans la bergerie par la porte ?	Celui qui entre dans la bergerie par la porte est le berger des brebis.

10:3-4	huqw				Pourquoi les moutons suivent-ils le berger lorsqu'il les appelle ?	Ils suivent le berger parce qu'ils connaissent sa voix.

10:5	i22w				Les moutons suivront-ils un étranger ?	Non. Les moutons ne suivront pas un étranger.

10:7-8	k1q1				Qu'étaient tous ceux qui sont venus avant Jésus ?	Tous ceux qui sont venus avant Jésus étaient des voleurs et des brigands, et les brebis ne les ont pas écoutés.

10:9	egd2				Jésus a dit qu'il était la porte. Qu'arrive-t-il à ceux qui entrent par cette porte ?	Ceux qui entrent par Jésus, la porte, seront sauvés ; ils entreront et sortiront et trouveront un pâturage.

10:11	p5o9				Que fait le bon berger, Jésus, pour ses brebis ?	Jésus, le bon berger, donne sa vie pour ses brebis.

10:16	qx4r				Jésus a-t-il une autre bergerie, et si oui, que leur arrivera-t-il ?	Jésus a dit qu'il avait d'autres brebis qui n'étaient pas de cette bergerie. Il a dit qu'il devait les amener, et qu'elles entendraient sa voix afin qu'il y ait un seul troupeau et un seul berger.

10:17	jjc6				Pourquoi le Père aime-t-il Jésus ?	Le Père aime Jésus parce que Jésus donne sa vie pour la reprendre.

10:18	gpj0				Est-ce que quelqu'un enlève la vie de Jésus ?	Non. Il le fait de lui-même.

10:18	wyo7				Où Jésus a-t-il obtenu l'autorité de donner sa vie et de la reprendre ?	Jésus a reçu ce commandement de son Père.

10:19-21	ydga				Qu'ont dit les Juifs à cause des paroles de Jésus ?	Beaucoup disaient : "Il a un démon et est fou. Pourquoi l'écoutez-vous ?" D'autres disaient : "Ce ne sont pas les propos d'une personne possédée par un démon. Un démon peut-il ouvrir les yeux d'un aveugle ?"

10:24	y4z7				Qu'ont dit les Juifs à Jésus lorsqu'ils l'ont entouré dans le Temple sous le porche de Salomon ?	Ils dirent : "Jusqu'à quand vas-tu nous tenir en haleine ? Si tu es le Christ, dis-le-nous franchement."

10:25-26	txj1				Comment Jésus a-t-il répondu aux Juifs sous le porche de Salomon ?	Jésus dit qu'il leur avait déjà dit (qu'il était le Christ) et qu'ils ne l'ont pas cru parce qu'ils n'étaient pas ses brebis.

10:28	f1k2				Que dit Jésus à propos du soin et de la protection qu'il accorde à ses brebis ?	Jésus a dit qu'il donne à ses brebis la vie éternelle, qu'elles ne périront jamais et que personne ne les arrachera de sa main.

10:29	fsd6				Qui a donné les moutons à Jésus ?	Le Père a donné les brebis à Jésus.

10:29	copl				Quelqu'un est-il plus grand que le Père ?	Non. Le Père est plus grand que tous les autres.

10:33	qzjf				Pourquoi les Juifs ont-ils pris des pierres pour lapider Jésus ?	Parce qu'ils croyaient que Jésus blasphémait et se faisait passer pour Dieu alors qu'il était un homme.

10:34-36	efao				Quelle est la défense de Jésus contre l'accusation de blasphème ?	Jésus se défend en disant : "N'est-il pas écrit dans votre loi : "J'ai dit : "Vous êtes des dieux"" ? S'il les a appelés dieux, eux à qui la parole de Dieu est parvenue (et l'Écriture ne peut être brisée), dites-vous de celui que le Père a sanctifié et envoyé dans le monde : "Vous blasphémez, parce que j'ai dit : "Je suis le Fils de Dieu" ?"

10:37-38	wwoc				Que dit Jésus aux Juifs pour qu'ils déterminent s'ils doivent le croire ou non ?	Jésus dit aux Juifs de regarder ses œuvres. Si Jésus ne fait pas les œuvres de son Père, ne le croyez pas.

10:38	cwt2				Qu'est-ce que Jésus dit que les Juifs pourraient connaître et comprendre s'ils croyaient aux œuvres qu'il a accomplies ?	Jésus a dit qu'ils pouvaient savoir et comprendre que le Père est en Jésus et que Jésus est dans le Père.

10:39	id03				Quelle a été la réponse des Juifs à la déclaration de Jésus selon laquelle le Père est en Jésus et Jésus est dans le Père ?	Les Juifs ont encore essayé de s'emparer de Jésus.

10:40	rxzl				Où Jésus est-il allé après cet événement ?	Jésus s'en alla de nouveau au-delà du Jordon, au lieu où Jean avait d'abord baptisé.

10:41-42	dmz5				Qu'ont dit et fait les nombreuses personnes qui sont venues à Jésus ?	Ils ne cessaient de dire : "Jean n'a certes pas fait de signe, mais tout ce que Jean a dit de celui-ci était vrai." Là, beaucoup de gens ont cru en Jésus.

11:1-2	w6xa				Qui était ce Lazare ? Et qui était Marie ?	Lazare était un homme de Béthanie. Ses sœurs étaient Marie et Marthe. C'était la même Marie qui oignait le Seigneur avec de la myrrhe et lui essuyait les pieds avec ses cheveux.

11:4	ng64				Qu'a dit Jésus au sujet de Lazare et de sa maladie lorsqu'il a appris qu'il était malade ?	Jésus a dit : " Cette maladie ne doit pas se terminer par la mort, mais elle est au contraire pour la gloire de Dieu, afin que le Fils de Dieu soit glorifié en elle. "

11:6	oerp				Qu'a fait Jésus lorsqu'il a appris que Lazare était malade ?	Jésus est resté deux jours de plus à l'endroit où il se trouvait.

11:8	z61h				Qu'ont dit les disciples de Jésus quand il leur a dit : "Retournons en Judée." ?	Les disciples dirent à Jésus : "Rabbi, les Juifs voulaient à l'instant te lapider, et tu y retournes ?"

11:9	onao				Qu'a dit Jésus à propos de la marche dans le jour ?	Jésus a dit que si quelqu'un marche en plein jour, il ne trébuchera pas car il voit à la lumière du jour.

11:10	pnyu				Qu'a dit Jésus à propos de la marche dans la nuit ?	Si quelqu'un marche la nuit, il trébuche parce que la lumière n'est pas en lui.

11:12-13	mz3e				De quelle manière les disciples ont-ils pensé que Lazare s'était endormi ?	Les disciples pensaient que Lazare s'était endormi pour se reposer.

11:13	lrft				Que voulait dire Jésus quand il a dit que Lazare s'était endormi ?	Lorsque Jésus a dit que Lazare s'était endormi, il parlait de la mort de Lazare.

11:15	v7pv				Pourquoi Jésus était-il heureux de ne pas être là quand Lazare est mort ?	Jésus dit : "Je me réjouis pour vous de n'avoir pas été là, afin que vous croyiez."

11:16	oke9				Qu'est-ce que Thomas pensait qu'il arriverait s'ils retournaient en Judée ?	Thomas pensait qu'ils allaient tous mourir.

11:17	yrpx				Depuis combien de temps Lazare était-il dans le tombeau quand Jésus est arrivé ?	Lazare était dans le tombeau depuis quatre jours.

11:20	gjv6				Qu'a fait Marthe lorsqu'elle a appris que Jésus allait venir ?	Lorsque Marthe apprit que Jésus allait venir, elle alla à sa rencontre.

11:22	jitv				Qu'est-ce que Marthe pensait que Dieu ferait pour Jésus ?	Marthe dit : "Maintenant encore, je sais que tout ce que tu demanderas à Dieu, il te le donnera."

11:24	ym0q				Lorsque Jésus a dit à Marthe : " Ton frère ressuscitera ", quelle a été sa réponse à Jésus ?	Elle dit à Jésus : "Je sais qu'il ressuscitera dans la résurrection au dernier jour."

11:25-26	y5un				Qu'est-ce que Jésus a dit qu'il arriverait à ceux qui croient en lui ?	Jésus a dit que quiconque croit en Jésus, même s'il meurt, vivra ; et que quiconque vit et croit en Jésus ne mourra jamais.

11:27	kk3u				Quel était le témoignage de Marthe sur qui est Jésus ?	Marthe dit à Jésus : "Oui, Seigneur, je crois que tu es le Christ, le Fils de Dieu, celui qui vient dans le monde."

11:29	weu3				Où allait Mary ?	Marie allait rencontrer Jésus.

11:31	ndjp				Lorsque Marie se leva rapidement et sortit, que pensèrent et firent les Juifs qui étaient avec elle ?	Les Juifs qui étaient dans la maison avec Marie supposèrent qu'elle allait au tombeau pour y pleurer, et ils la suivirent.

11:33-35	zrnt				Qu'est-ce qui semble avoir incité Jésus à gémir en esprit, à être troublé et à pleurer ?	Jésus gémissait en esprit, était troublé et pleurait après avoir vu Marie pleurer et les Juifs qui étaient venus avec elle pleurer.

11:36	fbsz				Qu'ont conclu les Juifs en voyant Jésus pleurer ?	Ils en ont conclu que Jésus aimait Lazare.

11:39	ldws				Quelle était l'objection de Marthe à l'ordre de Jésus d'enlever la pierre de l'entrée de la grotte où ils avaient déposé Lazare ?	Marthe dit : "Seigneur, à cette heure-ci, le corps va puer, car il est mort depuis quatre jours."

11:40	eibs				Quelle est la réponse de Jésus à l'objection de Marthe concernant le retrait de la pierre ?	Jésus dit à Marthe : "Ne t'ai-je pas dit que, si tu crois, tu verras la gloire de Dieu ?"

11:41	qwho				Qu'a fait Jésus immédiatement après que la pierre ait été enlevée de la grotte ?	Jésus a levé les yeux et a prié à haute voix son Père.

11:42	yhak				Pourquoi Jésus a-t-il prié à haute voix et dit ce qu'il a dit à son Père ?	Il a prié à haute voix et a dit ce qu'il a fait à cause de la foule qui se tenait autour de lui, afin qu'ils croient que le Père l'avait envoyé.

11:44	crlg				Que s'est-il passé lorsque Jésus a crié d'une voix forte : "Lazare, sors !" ?	Le mort est sorti, pieds et poings liés par des linges funéraires, et son visage était entouré d'un linge.

11:45-46	swt7				Quelle a été la réaction des Juifs lorsqu'ils ont vu Lazare sortir de la grotte ?	Beaucoup de Juifs, voyant ce que Jésus faisait, crurent en lui, mais certains allèrent trouver les Pharisiens et leur racontèrent ce que Jésus avait fait.

11:50	cyq5				Lors de la réunion du conseil des chefs des prêtres et des pharisiens, qu'a prophétisé Caïphe ?	Caïphe dit qu'il était opportun pour eux qu'un seul homme meure pour le peuple plutôt que de faire périr toute la nation.

11:53	ao76				A partir de ce jour, qu'a prévu le conseil ?	Ils ont planifié comment mettre Jésus à mort.

11:54	bjq1				Qu'a fait Jésus après avoir ressuscité Lazare ?	Jésus ne marchait plus ouvertement parmi les Juifs, mais il quitta Béthanie pour se rendre dans la campagne, près du désert, dans une ville appelée Ephraïm. Il y resta avec ses disciples.

11:57	wlp5				Quel ordre les chefs des prêtres et les pharisiens ont-ils donné ?	Ils donnèrent l'ordre que si quelqu'un savait où se trouvait Jésus, il devait le signaler afin qu'ils puissent le saisir.

12:1	n83o				Quand Jésus est-il revenu à Béthanie ?	Il est venu à Béthanie six jours avant la Pâque.

12:3	nuxk				Qu'a fait Marie au cours du repas qui avait été préparé pour Jésus ?	Marie prit une litra de parfum faite de nard pur très précieux, en oignit les pieds de Jésus et lui essuya les pieds avec ses cheveux.

12:4-6	yu1j				Pourquoi Judas Iscariote, l'un des disciples de Jésus, s'est-il plaint que le parfum aurait dû être vendu et l'argent donné aux pauvres ?	Judas a dit cela non pas parce qu'il se souciait des pauvres, mais parce qu'il était un voleur : Il avait la responsabilité du sac d'argent et voulait prendre une partie de ce qu'il contenait pour lui-même.

12:7-8	ng8f				Comment Jésus a-t-il défendu l'utilisation du parfum (nard) par Marie ?	Jésus dit : "Permettez-lui de garder ce qu'elle a pour le jour de ma sépulture. Les pauvres, vous les aurez toujours avec vous ; mais moi, vous ne m'aurez pas toujours."

12:9	layl				Pourquoi une grande foule s'est-elle rassemblée à Béthanie ?	Ils sont venus à cause de Jésus et aussi pour voir Lazare, que Jésus avait ressuscité des morts.

12:10-11	koqn				Pourquoi les chefs des prêtres voulaient-ils mettre Lazare à mort ?	Ils voulaient mettre Lazare à mort parce que c'est à cause de lui que beaucoup de Juifs sont partis et ont cru en Jésus.

12:13	ufw4				Qu'a fait la foule de la fête quand elle a appris que Jésus venait ?	Ils prirent les branches des palmiers, sortirent à sa rencontre et s'écrièrent : "Hosanna ! Béni soit celui qui vient au nom du Seigneur, le roi d'Israël."

12:14-15	tq7a				Quelle prophétie concernant Jésus s'est accomplie lorsque Jésus est entré dans la ville sur un âne ?	La prophétie selon laquelle le roi de Sion viendrait, assis sur le petit d'un âne, s'est accomplie.

12:17-18	afui				Pourquoi la foule de la fête est-elle allée à la rencontre de Jésus ?	Ils sont allés à la rencontre de Jésus parce qu'ils avaient entendu dire par des témoins oculaires que Jésus avait appelé Lazare hors du tombeau et l'avait ressuscité des morts.

12:23	m1yz				Qu'a dit Jésus au départ après qu'André et Philippe lui aient dit que des Grecs voulaient le voir ?	Jésus leur répondit : "L'heure est venue pour le Fils de l'homme d'être glorifié."

12:24	nm85				Qu'est-ce que Jésus a dit qu'il arriverait à un grain de blé s'il tombait dans la terre et mourait ?	Jésus a dit que si elle mourait, elle porterait beaucoup de fruits.

12:25	h4dh				Qu'est-ce que Jésus a dit qu'il arriverait à celui qui aime sa vie et à celui qui déteste sa vie dans ce monde ?	Jésus a dit que celui qui aime sa vie la perdra, mais que celui qui déteste sa vie dans ce monde la gardera pour la vie éternelle.

12:26	llbd				Comment Dieu traitera-t-il quiconque sert Jésus ?	Le Père l'honorera.

12:28	menj				Que s'est-il passé lorsque Jésus a dit : "Père, glorifie ton nom" ?	Une voix est sortie du ciel et a dit : "Je l'ai glorifié et je le glorifierai encore."

12:30	ovfh				Quelle est, selon Jésus, la raison de la voix venant du ciel ?	Jésus a dit que la voix n'était pas pour lui, mais pour les Juifs.

12:31	czej				Qu'est-ce que Jésus a dit qui allait se passer maintenant ?	Jésus a dit : "Maintenant, c'est le jugement de ce monde : Maintenant le prince de ce monde sera jeté dehors."

12:32-33	nvsm				Pourquoi Jésus a-t-il dit : "Et moi, si je suis élevé de la terre, j'attirerai tous les peuples à moi."	Jésus a dit cela pour signifier de quelle manière il allait mourir.

12:34-35	trua				Lorsque la foule a posé des questions sur ce qu'il avait dit, Jésus leur a-t-il répondu directement ?	Non. Il n'a pas répondu directement à leurs questions.

12:35-36	yxi3				Qu'a dit Jésus à propos de la lumière ?	Jésus a dit : "La lumière est encore un peu au milieu de vous. Marchez pendant que vous avez la lumière..." Il a également dit : "Pendant que vous avez la lumière, croyez en la lumière, afin de devenir des fils de lumière."

12:37-38	shfv				Pourquoi les gens ne croyaient-ils pas en Jésus ?	Ils n'ont pas cru, afin que s'accomplisse la parole du prophète Isaïe, qui a dit : "Seigneur, qui a cru à notre rapport ? Et à qui le bras du Seigneur a-t-il été révélé ?"

12:39-40	h873				Pourquoi les gens ne pouvaient-ils pas croire en Jésus ?	Ils ne pouvaient pas croire parce que, comme l'a dit Isaïe : "Il a aveuglé leurs yeux et il a endurci leur cœur ; autrement, ils verraient de leurs yeux et percevraient de leur cœur, ils se tourneraient, et je les guérirais."

12:41	reql				Pourquoi Isaïe a-t-il dit ces choses ?	Il a dit ces choses parce qu'il a vu la gloire de Jésus et a parlé de lui.

12:42-43	l0xo				Pourquoi les dirigeants qui ont cru en Jésus ne l'ont-ils pas admis ?	Ils ne voulaient pas l'admettre, car ils avaient peur des Pharisiens et ne voulaient pas être bannis de la synagogue. Ils aimaient les louanges qui viennent des gens plus que les louanges qui viennent de Dieu.

12:44-45	pb2u				Quelle déclaration Jésus fait-il à propos de lui-même et de son Père ?	Jésus a dit : " Celui qui croit en moi, croit non seulement en moi, mais aussi en celui qui m'a envoyé, et celui qui me voit voit celui qui m'a envoyé. "

12:47	apap				Qu'est-ce que Jésus a dit qu'il était venu dans le monde pour faire ?	Jésus a dit qu'il était venu pour sauver le monde.

12:48	z5qh				Qu'est-ce qui jugera ceux qui rejettent Jésus et ne reçoivent pas ses paroles ?	La parole que Jésus a prononcée jugera ceux qui le rejettent au dernier jour.

12:49	tl6p				Jésus a-t-il parlé de son propre chef ?	Non. Le Père qui a envoyé Jésus lui a ordonné ce qu'il devait dire et parler.

12:50	m2hi				Pourquoi Jésus a-t-il dit aux gens ce que le Père lui avait dit ?	Jésus a fait cela parce qu'il savait que le commandement de son Père est la vie éternelle.

13:1	pu8m				Combien de temps Jésus a-t-il aimé les siens ?	Il les a aimés jusqu'à la fin.

13:2	v76z				Qu'avait fait le diable à Judas Iscariot ?	Le diable avait mis dans le cœur de Judas Iscariot la volonté de trahir Jésus.

13:3	rjio				Qu'est-ce que le Père avait donné à Jésus ?	Le Père a remis toutes choses entre les mains de Jésus.

13:3	pf8z				D'où venait Jésus et où allait-il ?	Jésus était venu de Dieu et retournait à Dieu.

13:4-5	tlky				Qu'a fait Jésus quand il s'est levé du souper ?	Il mit de côté ses vêtements de dessus, prit un linge et s'en enveloppa, versa de l'eau dans un bassin et commença à laver les pieds des disciples et à les essuyer avec le linge.

13:8	vqie				Qu'a dit Jésus lorsque Pierre s'est opposé à ce que Jésus lui lave les pieds ?	Jésus a dit : "Si je ne vous lave pas, vous ne pouvez pas avoir de part avec moi."

13:11	k5im				Pourquoi Jésus a-t-il dit à ses disciples : "Vous n'êtes pas tous purs" ?	Jésus a dit cela parce qu'il savait qui allait le trahir.

13:14-15	b709				Pourquoi Jésus a-t-il lavé les pieds des disciples ?	Jésus a lavé les pieds des disciples pour leur donner un exemple afin qu'ils fassent les uns pour les autres comme il a fait pour eux.

13:16	cfuj				Le serviteur est-il plus grand que son maître ou l'envoyé plus grand que celui qui l'a envoyé ?	Le serviteur n'est pas plus grand que son maître et l'envoyé n'est pas plus grand que celui qui l'a envoyé.

13:18	v8me				Qui a levé le talon contre Jésus ?	Celui qui a mangé le pain de Jésus a levé le talon contre lui.

13:19	zpwf				Pourquoi Jésus a-t-il dit à ses disciples : "Vous n'êtes pas tous purs" et "Celui qui mange mon pain a levé son talon contre moi" ?	Jésus leur a dit cela avant que cela n'arrive afin que, lorsque cela arriverait, ils puissent croire qu'il est le JE SUIS.

13:20	i84h				Qui recevrez-vous si vous recevez celui que Jésus envoie ?	Si vous recevez celui que Jésus envoie, vous recevez Jésus, et vous recevez aussi celui qui a envoyé Jésus.

13:24	f12e				Lorsque Jésus a dit à ses disciples que l'un d'entre eux le trahirait, qu'a fait Simon Pierre ?	Simon-Pierre fit signe au disciple que Jésus aimait et dit : " Dis-nous qui est celui dont il parle. "

13:26	lyz4				Comment Jésus a-t-il répondu lorsque le disciple que Jésus aimait lui a demandé qui allait le trahir ?	Jésus répondit : "C'est celui pour qui je vais tremper le morceau de pain et le lui donner." Alors Jésus trempa le pain et le donna à Judas, le fils de Simon Iscariot.

13:27	rjce				Qu'est-il arrivé à Judas et qu'a-t-il fait après que Jésus lui ait donné le pain ?	Après que Judas eut pris le pain, Satan entra en lui, et il sortit aussitôt.

13:30	wdt9				Qu'est-il arrivé à Judas et qu'a-t-il fait après que Jésus lui ait donné le pain ?	Après que Judas eut pris le pain, Satan entra en lui et il sortit aussitôt.

13:31	ogmt				Comment Dieu allait-il être glorifié ?	Dieu allait être glorifié dans le Fils de l'homme. Lorsque le Fils de l'homme a été glorifié, cela a glorifié Dieu.

13:33	bwo0				Simon-Pierre a-t-il compris où Jésus allait quand il leur a dit : " Là où je vais, vous ne pouvez pas venir " ?	Non, Simon Pierre n'a pas compris, car il a demandé à Jésus : "Seigneur, où vas-tu ?"

13:34	ujpl				Quel est le nouveau commandement que Jésus a donné à ses disciples ?	Le nouveau commandement était qu'ils devaient s'aimer les uns les autres comme Jésus les avait aimés.

13:35	g6fk				Qu'est-ce que Jésus a dit qu'il arriverait si ses disciples obéissaient au commandement de s'aimer les uns les autres ?	Jésus a dit qu'en obéissant à ce commandement, tous les gens sauraient qu'ils étaient ses disciples.

13:38	prz7				Comment Jésus a-t-il répondu lorsque Simon Pierre a dit : " Je donnerai ma vie pour toi " ?	Jésus répondit : "Veux-tu donner ta vie pour moi ? En vérité, en vérité, je te le dis, le coq ne chantera pas avant que tu ne m'aies renié trois fois."

14:1-3	som9				Pourquoi le cœur des disciples ne serait-il pas troublé ?	Leur cœur ne doit pas être troublé car Jésus va leur préparer une place, et Jésus reviendra pour les recevoir à lui, afin que là où Jésus est, ils soient aussi.

14:2	rbi1				Qu'y a-t-il dans la maison du Père ?	Il y a de nombreuses demeures dans la maison du Père.

14:3	arv6				Qu'est-ce que Jésus allait faire pour les disciples ?	Jésus allait leur préparer une place et revenir ensuite pour eux.

14:6	q0de				Quel est le seul moyen de venir au Père ?	Le seul moyen d'accéder au Père est de passer par Jésus.

14:8	adjk				Qu'est-ce que Philippe dit à Jésus de faire qui serait suffisant pour les disciples ?	Philippe dit à Jésus : "Seigneur, montre-nous le Père, et cela nous suffira."

14:10	yvgc				Jésus parle-t-il aux disciples de son propre chef ?	Jésus ne parle pas de son propre chef. C'est le Père vivant en lui qui fait l'œuvre du Père.

14:11	xrek				Ne serait-ce que pour cette raison, pourquoi Jésus dit-il que les disciples doivent croire que Jésus est dans le Père et que le Père est en Jésus ?	Jésus dit qu'ils doivent le croire, ne serait-ce qu'en raison des œuvres mêmes de Jésus.

14:12	tdjp				Pourquoi Jésus dit-il que les disciples seront capables d'accomplir des œuvres encore plus grandes que les siennes ?	Jésus dit que les disciples feront des œuvres encore plus grandes parce que Jésus va vers le Père.

14:13	f67k				Pourquoi Jésus fait-il tout ce que les disciples demandent en son nom ?	Jésus le fera pour que le Père soit glorifié dans le Fils.

14:15	j3nk				Qu'est-ce que Jésus dit que vous ferez si vous l'aimez ?	Jésus dit que vous garderez ses commandements si vous l'aimez.

14:17	w2gu				Comment Jésus appelle-t-il l'autre consolateur que le Père donnera pour être avec les disciples pour toujours ?	Jésus l'appelle l'Esprit de Vérité.

14:17	dv7d				Pourquoi le monde ne peut-il pas recevoir l'Esprit de Vérité ?	Le monde ne peut pas recevoir l'Esprit de Vérité, car il ne le voit pas et ne le connaît pas.

14:17	pca1				Où Jésus dit-il que l'Esprit de Vérité sera ?	Jésus a dit que l'Esprit de Vérité resterait avec les disciples et serait en eux.

14:21	lrc5				Qu'arrivera-t-il à celui qui a les commandements de Jésus et les garde ?	Ces personnes seront aimées par Jésus et son Père et Jésus se montrera à ces personnes.

14:26	cmhz				Que fera le consolateur, le Saint-Esprit, lorsque le Père l'enverra ?	Le consolateur, l'Esprit Saint, enseignera toutes choses aux disciples et leur rappellera tout ce que Jésus leur a dit.

14:28	r1or				Pourquoi les disciples auraient-ils dû se réjouir que Jésus s'en aille ?	Jésus a dit qu'ils devaient se réjouir parce que Jésus allait vers le Père, car le Père est plus grand que Jésus.

14:30	ckrg				Quelle raison Jésus donne-t-il pour dire qu'il ne parlera plus beaucoup avec les disciples ?	La raison que Jésus donne est que le prince de ce monde va venir.

15:1	ikfx				Qui est la vraie vigne ?	Jésus est la vraie vigne.

15:1	vf2h				Qui est le viticulteur ?	Le Père est le vigneron.

15:2	wvdo				Que fait le Père avec les branches qui sont en Christ ?	Le Père enlève les branches qui ne portent pas de fruit, et il émonde chaque branche qui porte du fruit pour qu'elle en porte davantage.

15:3	rqxe				Pourquoi les disciples sont-ils propres ?	Ils sont propres à cause du message que Jésus leur a adressé.

15:5	qnu9				Qui sont les branches ?	Nous sommes les branches.

15:5	dd8z				Que devons-nous faire pour porter du fruit ?	Pour porter du fruit, vous devez rester en Jésus.

15:6	nxbd				Que se passe-t-il si vous ne restez pas en Jésus ?	Si quelqu'un ne demeure pas en Jésus, il est jeté comme un rameau, il sèche et il est brûlé.

15:7	hca1				Que devons-nous faire pour que tout ce que nous demandons soit fait pour nous ?	Nous devons rester en Jésus et sa parole doit rester en nous. Alors nous pourrons demander tout ce que nous désirons, et cela sera fait pour nous.

15:8	l0ye				Quelles sont les deux façons dont le Père est glorifié ?	Le Père est glorifié lorsque nous portons beaucoup de fruits et lorsque nous sommes disciples de Jésus.

15:10	n4ln				Que devons-nous faire pour rester dans l'amour de Jésus ?	Nous devons respecter ses commandements.

15:13	x0fd				Quel est le plus grand amour qu'une personne puisse avoir ?	Personne n'a un plus grand amour que celui-ci, celui de donner sa vie pour ses amis.

15:14	ykuh				Comment savons-nous si nous sommes les amis de Jésus ou non ?	Nous sommes les amis de Jésus si nous faisons les choses qu'il nous a commandées.

15:15	tkbc				Pourquoi Jésus a-t-il appelé les disciples ses amis ?	Il les a appelés amis, car il leur a fait connaître tout ce qu'il avait entendu de son Père.

15:19	asbt				Pourquoi le monde déteste-t-il ceux qui suivent Jésus ?	Le monde déteste ceux qui suivent Jésus parce qu'ils ne sont pas de ce monde et parce que Jésus les a choisis hors du monde.

15:24	ftak				Qu'a fait Jésus pour que le monde n'ait aucune excuse pour son péché ?	Le monde n'a aucune excuse pour son péché parce que Jésus est venu et a fait parmi eux les œuvres que personne d'autre n'a faites.

15:26-27	hahe				Qui témoignera de Jésus ?	L'assistant, c'est-à-dire l'Esprit de vérité, rendra témoignage de Jésus.

15:27	bno7				Pourquoi les disciples témoignent-ils de Jésus ?	Ils témoigneraient de Jésus parce qu'ils étaient avec lui depuis le début.

16:1	ogt5				Pourquoi Jésus a-t-il dit ces choses aux disciples ?	Jésus leur a dit ces choses afin qu'ils ne soient pas mis en difficulté.

16:3	k9kj				Pourquoi les gens chassent-ils les disciples de Jésus des synagogues et tuent-ils certains d'entre eux ?	Ils agiront ainsi parce qu'ils n'ont pas connu le Père ou Jésus.

16:4	ftdc				Pourquoi Jésus n'a-t-il pas parlé de ces choses aux disciples dès le début ?	Jésus ne leur a pas dit au début parce qu'il était avec eux.

16:7	q1m4				Pourquoi est-il préférable que Jésus s'en aille ?	Il vaut mieux que Jésus s'en aille, car le Consolateur ne viendra pas à eux si Jésus ne s'en va pas ; mais si Jésus s'en va, Jésus leur enverra le Consolateur.

16:8	thk3				Sur quoi le Consolateur convaincra-t-il le monde ?	Le Consolateur convaincra le monde en ce qui concerne le péché, la justice et le jugement.

16:13	xz85				Que fera l'Esprit de Vérité pour les disciples lorsqu'il viendra ?	Il guidera les disciples dans toute la vérité ; car il ne parlera pas de lui-même ; mais tout ce qu'il entendra, il le dira et leur annoncera les choses à venir.

16:14	jram				Comment l'Esprit de Vérité glorifiera-t-il Jésus ?	Il glorifiera Jésus en prenant des choses de Jésus et en les déclarant aux disciples.

16:15	tt3t				Que fera l'Esprit de Vérité avec les choses de Jésus ?	L'Esprit de Vérité prendra les choses de Jésus et les annoncera aux disciples.

16:17-18	uhqr				Quelles sont les paroles de Jésus que les disciples n'ont pas comprises ?	Ils n'ont pas compris quand Jésus a dit : " Dans un peu de temps, vous ne me verrez plus ; après un peu de temps encore, vous me verrez ", et quand il a dit : " Parce que je vais au Père. "

16:20	adrw				Qu'adviendra-t-il de la tristesse des disciples ?	Elle sera transformée en joie.

16:22	sm8m				Que va-t-il se passer pour que les disciples se réjouissent ?	Ils reverront Jésus, et leur cœur se réjouira.

16:24	a8kg				Pourquoi Jésus dit-il aux disciples de demander et de recevoir ?	Jésus dit de faire cela pour que leur joie soit complète.

16:27	wtkv				Pour quelle raison le Père lui-même aime-t-il les disciples de Jésus ?	Le Père aime les disciples parce que les disciples ont aimé Jésus et ont cru qu'il venait du Père.

16:28	bkbw				D'où vient Jésus et où va-t-il ?	Jésus est venu dans le monde de la part du Père et allait quitter le monde et retourner auprès du Père.

16:32	kbzn				Qu'est-ce que Jésus a dit que les disciples feraient à cette heure-là ?	Jésus a dit que les disciples seraient dispersés, chacun dans ses possessions, et qu'ils laisseraient Jésus tout seul.

16:32	c3yv				Qui allait encore être avec Jésus après que les disciples l'aient laissé seul ?	Le Père allait encore être avec Jésus.

16:33	ee68				Pourquoi Jésus a-t-il dit aux disciples d'être encouragés même si, dans le monde, ils avaient des problèmes ?	Jésus leur a dit d'être encouragés car il avait vaincu le monde.

17:2	ki28				Pourquoi le Père a-t-il donné à Jésus l'autorité sur toute chair ?	Le Père a fait cela pour que Jésus donne la vie éternelle à tous ceux que le Père lui a donnés.

17:3	whcj				Qu'est-ce que la vie éternelle ?	La vie éternelle consiste à connaître le Père, le seul vrai Dieu, et celui qu'il a envoyé, Jésus-Christ.

17:4	cnst				Comment Jésus a-t-il glorifié Dieu sur la terre ?	Il l'a fait en accomplissant l'œuvre que le Père lui a donnée à faire.

17:5	r1ze				Quelle gloire Jésus veut-il ?	Il veut la gloire qu'il avait avec le Père avant la création du monde.

17:6	orkr				A qui Jésus a-t-il révélé le nom du Père ?	Jésus a révélé le nom du Père aux personnes que le Père lui a données du monde.

17:8	rad1				Comment les personnes que le Père a données à Jésus ont-elles répondu aux paroles de Jésus ?	Ils ont reçu les paroles de Jésus et ont vraiment su que Jésus venait du Père et ils ont cru que le Père avait envoyé Jésus.

17:9	cpl2				Pour qui Jésus dit-il qu'il ne prie pas ?	Jésus dit qu'il ne prie pas pour le monde.

17:11	ekla				En bref, que demande Jésus au Père de faire pour ceux que le Père a donnés à Jésus ?	Jésus demande au Père de les garder au nom du Père pour qu'ils soient un comme le Père et le Fils sont un.

17:12	azy5				Pendant que Jésus était dans le monde, qu'a-t-il fait pour ceux que le Père lui avait donnés ?	Jésus les a protégés, de sorte qu'aucun ne périt.

17:15	pqcl				En bref, que demande Jésus au Père de faire pour ceux que le Père a donnés à Jésus ?	Jésus demande au Père de les garder du malin.

17:19	ujoo				Pourquoi Jésus s'est-il sanctifié ?	Jésus s'est sanctifié lui-même afin que ceux que le Père lui a donnés soient aussi sanctifiés dans la vérité.

17:20	i7t0				Pour qui d'autre Jésus prie-t-il ?	Jésus prie pour que des personnes croient en lui par la parole de ceux qui l'ont suivi à l'époque.

17:21	dg05				Que demande Jésus au Père de faire pour ceux que le Père a donnés à Jésus ?	Jésus demande au Père de les garder au nom du Père pour qu'ils soient un, pour qu'ils soient un en Jésus et en Père afin que le monde croie que Dieu a envoyé Jésus.

17:23	f967				Comment le Père aime-t-il ceux qu'il a donnés à Jésus ?	Le Père les aime comme il a aimé Jésus.

17:24	s598				Que demande Jésus au Père de faire pour ceux que le Père a donnés à Jésus ?	Jésus demande que ses disciples puissent être avec lui là où il est, pour voir sa gloire.

17:26	xzaw				Pourquoi Jésus a-t-il fait et fera-t-il connaître le nom du Père à ceux que le Père lui a donnés ?	Jésus l'a fait et le fera connaître afin que l'amour dont le Père a aimé Jésus soit en eux et que Jésus soit en eux.

18:1	kp1u				Après avoir prononcé ces paroles, où Jésus est-il allé ?	Il traversa avec ses disciples le ruisseau du Cédron jusqu'à un jardin, et il y entra.

18:2	no6n				Comment Judas a-t-il su pour le jardin ?	Il le savait parce que Jésus y allait souvent avec ses disciples.

18:3	bbn7				Qui d'autre est venu au jardin avec des lanternes, des torches et des armes ?	Judas, à la tête d'un groupe de soldats et d'officiers des chefs des prêtres et des pharisiens, est également venu au jardin.

18:4	avtj				Qu'est-ce que Jésus a demandé à ce groupe de personnes dans le jardin ?	Jésus leur demanda : "Qui cherchez-vous ?"

18:6	cbql				Que s'est-il passé lorsque le groupe de personnes a dit qu'il cherchait Jésus de Nazareth et que Jésus a répondu : "Je suis" ?	Les soldats et d'autres personnes avec eux ont reculé et sont tombés au sol.

18:8-9	awi4				Pourquoi Jésus a-t-il dit : "Je vous ai dit que c'est moi ; si vous me cherchez, laissez partir les autres" ?	Jésus a dit cela afin que s'accomplisse la parole qu'il a dite : "De ceux que vous m'avez donnés, je n'en ai perdu aucun."

18:10-11	ifb6				Que dit Jésus à Pierre après que celui-ci ait coupé l'oreille de Malchus, le serviteur du grand prêtre ?	Jésus dit à Pierre : "Remets ton épée dans son fourreau. La coupe que le Père m'a donnée, ne dois-je pas la boire ?"

18:13	lo71				Après que le groupe de soldats, leur capitaine et les officiers des Juifs se soient emparés de Jésus, où l'ont-ils emmené ?	Ils ont d'abord emmené Jésus chez Annas.

18:13	lblj				Qui était Annas ?	Annas était le beau-père de Caïphe, qui était grand prêtre cette année-là.

18:16	kjvn				Comment Pierre est-il entré dans la cour du grand prêtre ?	Un autre disciple, qui était connu du grand prêtre, sortit et parla à la servante qui gardait la porte, et il fit entrer Pierre.

18:17, 25-26	kfls				Qui a demandé à Pierre s'il était un disciple de Jésus ?	La femme qui gardait la porte de la cour, les gens qui se tenaient autour du feu de charbons et l'un des serviteurs du grand prêtre, qui était un parent de l'homme à qui Pierre avait coupé l'oreille, ont tous demandé à Pierre s'il était avec Jésus ou un disciple de Jésus.

18:19-21	rrqf				En bref, comment Jésus a-t-il répondu lorsque le grand prêtre l'a interrogé sur ses disciples et son enseignement ?	Jésus a dit qu'il parlait ouvertement au monde en public. Il a dit au grand prêtre d'interroger ceux qui l'ont entendu sur ce qu'il a dit.

18:24	w70g				Après qu'Annas ait interrogé Jésus, où a-t-il envoyé Jésus ?	Annas a envoyé Jésus à Caïphe, le grand prêtre.

18:27	ojmc				Que s'est-il passé immédiatement après que Pierre ait nié être associé au Christ pour la troisième fois ?	Immédiatement après la troisième fois où Pierre a nié être associé au Christ, le coq a chanté.

18:28	r0v6				Pourquoi ceux qui ont emmené Jésus au prétoire n'y sont pas entrés ?	Ils ne sont pas entrés dans le prétoire pour ne pas être souillés et pour pouvoir manger la Pâque.

18:29-30	xi2x				Comment les accusateurs de Jésus ont-ils répondu à Pilate lorsqu'il leur a demandé : "Quelle accusation portez-vous contre cet homme ?"	Ils lui répondirent : " Si cet homme n'était pas un malfaiteur, nous ne te l'aurions pas livré. "

18:31	usai				Pourquoi les Juifs ont-ils amené Jésus à Pilate au lieu de le punir eux-mêmes ?	Les Juifs voulaient tuer Jésus, mais il ne leur était pas permis de mettre un homme à mort sans l'autorisation des autorités romaines (Pilate).

18:33-35	dclt				Qu'est-ce que Pilate a demandé à Jésus ?	Pilate demande à Jésus : "Es-tu le roi des Juifs ?"

18:36	l3xr				Qu'a dit Jésus à Pilate au sujet du royaume de Jésus ?	Jésus a dit à Pilate que son royaume ne fait pas partie de ce monde et ne vient pas d'ici.

18:37	bmn7				Dans quel but Jésus est-il né ?	Jésus est né pour être un roi et pour témoigner de la vérité.

18:38	vozv				Quel jugement Pilate porte-t-il sur Jésus après avoir parlé avec lui ?	Pilate dit aux Juifs : "Je ne trouve aucune culpabilité en cet homme."

18:39-40	lhjm				Lorsque Pilate a proposé de libérer Jésus, qu'ont crié les Juifs à Pilate ?	Les Juifs crièrent à nouveau et dirent : "Pas cet homme, mais Barabbas."

19:2-3	m40v				Qu'ont fait les soldats à Jésus après que Pilate l'ait fait fouetter ?	Les soldats tordirent des épines pour en faire une couronne, la mirent sur la tête de Jésus, et le revêtirent d'un vêtement de pourpre. Ils s'approchèrent de lui et dirent : "Salut, roi des Juifs !" et ils le frappèrent de leurs mains.

19:4	s2re				Pourquoi Pilate a-t-il à nouveau fait sortir Jésus devant le peuple ?	Pilate a fait sortir Jésus devant le peuple pour qu'il sache que Pilate ne trouve aucune culpabilité en Jésus.

19:5	l3it				Que portait Jésus lorsque Pilate l'a ramené devant le peuple ?	Jésus portait la couronne d'épines et le vêtement de pourpre.

19:6	jber				Qu'ont dit les chefs des prêtres et les officiers quand ils ont vu Jésus ?	Ils criaient et disaient : "Crucifie-le, crucifie-le !"

19:7-8	o2x8				Qu'ont dit les Juifs pour que Pilate ait encore plus peur ?	Les Juifs ont dit à Pilate : "Nous avons une loi, et selon cette loi, il doit mourir parce qu'il s'est fait Fils de Dieu."

19:9	vhwh				Qu'a répondu Jésus lorsque Pilate lui a demandé : "D'où viens-tu ?"	Jésus n'a pas donné de réponse à Pilate.

19:11	zkbw				Selon Jésus, qui a donné à Pilate le pouvoir sur Jésus ?	Jésus a dit : "Vous n'auriez aucun pouvoir contre moi, si cela ne vous avait été donné d'en haut."

19:12	df5p				Bien que Pilate ait voulu libérer Jésus, qu'ont dit les Juifs pour l'en empêcher ?	Les Juifs s'écrièrent : "Si tu relâches cet homme, tu n'es pas l'ami de César. Quiconque se fait roi parle contre César."

19:15-16	d09r				Quelle est la dernière chose que les chefs des prêtres ont dite avant que Pilate ne leur remette Jésus pour qu'il soit crucifié ?	Les grands prêtres ont dit : "Nous n'avons pas d'autre roi que César."

19:17-18	omad				Où ont-ils crucifié Jésus ?	Ils ont crucifié Jésus à Golgotha, qui signifie "le lieu du crâne".

19:18	a4gb				Jésus a-t-il été le seul à être crucifié à cet endroit ce jour-là ?	Non. Deux autres hommes, un de chaque côté de Jésus, ont été crucifiés avec lui.

19:19	rczx				Qu'est-ce que Pilate a écrit sur le signe qui a été mis sur la croix de Jésus ?	Sur le panneau, il a écrit : "JESUS THF NAZARENE, LE ROI DES JUIFS".

19:20	t0ua				En quelles langues était écrit le signe sur la croix de Jésus ?	Le signe était écrit en hébreu, en latin et en grec.

19:23	h0nl				Qu'est-ce que les soldats ont fait des vêtements de Jésus ?	Les soldats ont partagé les vêtements de Jésus en quatre parties, une partie pour chaque soldat. Mais ils tirèrent au sort pour savoir qui aurait la chemise de Jésus, qui était sans coutures.

19:23-24	g2ym				Pourquoi les soldats ont-ils fait ce qu'ils ont fait avec les vêtements de Jésus ?	Cela est arrivé afin que s'accomplisse l'Écriture qui dit : "Ils se sont partagé mes vêtements."

19:24	up6d				Qu'est-ce que les soldats ont fait des vêtements de Jésus ?	Les soldats ont partagé les vêtements de Jésus en quatre parties, une partie pour chaque soldat. Mais ils tirèrent au sort pour savoir qui aurait la chemise de Jésus, qui était sans coutures.

19:25-26	h5o3				Qui se tenait près de la croix de Jésus ?	La mère de Jésus, la sœur de sa mère, Marie, la femme de Clopas, Marie-Madeleine et le disciple que Jésus aimait se tenaient près de la croix de Jésus.

19:26	b9pu				Qu'a dit Jésus à sa mère lorsqu'il a vu sa mère et le disciple qu'il aimait se tenir à proximité ?	Jésus lui dit : "Femme, vois, voici ton fils !"

19:27	cm52				Qu'a fait le disciple que Jésus aimait après que Jésus lui ait dit : "Voici ta mère !" ?	Dès cette heure-là, le disciple que Jésus aimait prit la mère de Jésus chez lui.

19:28	r16v				Pourquoi Jésus a-t-il dit : "J'ai soif."	Jésus a dit cela pour que les Écritures deviennent vraies.

19:29-30	q3l9				Qu'a fait Jésus après avoir pris le vinaigre dans l'éponge qu'il portait à sa bouche ?	Après avoir pris le vinaigre, Jésus dit : "Tout est accompli." Puis il a baissé la tête et a rendu l'esprit.

19:31	g7fv				Pourquoi les Juifs voulaient-ils que Pilate brise les jambes des hommes exécutés ?	C'était la Préparation, et pour que les corps ne restent pas sur la croix pendant le sabbat (car ce sabbat était un jour important), les Juifs demandèrent à Pilate que les jambes des hommes exécutés soient brisées afin qu'ils meurent rapidement et que leurs corps puissent être descendus.

19:33	ptwe				Pourquoi les soldats n'ont-ils pas brisé les jambes de Jésus ?	Ils n'ont pas brisé les jambes de Jésus, car ils ont vu qu'il était déjà mort.

19:34	pvbr				Qu'ont fait les soldats à Jésus après avoir vu qu'il était déjà mort ?	L'un des soldats a percé le côté de Jésus avec une lance, de sorte que du sang et de l'eau en sont sortis.

19:35	w539				Pourquoi celui qui a vu toutes ces choses concernant la crucifixion de Jésus en a-t-il rendu témoignage ?	Celui-ci a été témoin de ces événements afin que vous puissiez aussi croire.

19:36-37	kfqu				Pourquoi les jambes de Jésus n'ont-elles pas été brisées et pourquoi Jésus a-t-il été transpercé par une lance ?	Ces choses sont arrivées afin que s'accomplisse l'Écriture : "Pas un seul de ses os ne sera brisé." et encore : "Ils regarderont celui qu'ils ont percé."

19:38	fze5				Qui est venu et a demandé à emporter le corps de Jésus ?	Joseph d'Arimathie demanda à Pilate de pouvoir emporter le corps de Jésus.

19:39	fgud				Qui est venu avec Joseph d'Arimathie pour emporter le corps de Jésus ?	Nicodème est venu avec Joseph d'Arimathie.

19:40-41	kj61				Qu'ont fait Joseph d'Arimathie et Nicodème avec le corps de Jésus ?	Ils enveloppèrent le corps de Jésus dans des linges avec des épices. Puis ils déposèrent le corps de Jésus dans un tombeau neuf qui se trouvait dans un jardin.

20:1	ab19				Quand Marie-Madeleine s'est-elle rendue au tombeau ?	Elle est venue au tombeau très tôt le premier jour de la semaine.

20:1	gmgd				Qu'a vu Marie-Madeleine en arrivant au tombeau ?	Elle vit que la pierre avait été roulée loin du tombeau.

20:2	iy32				Qu'a dit Marie-Madeleine aux deux disciples ?	Elle leur dit : "Ils ont enlevé le Seigneur du tombeau, et nous ne savons pas où ils l'ont mis."

20:3-4	chgr				Qu'ont fait Simon Pierre et l'autre disciple après avoir entendu ce que Marie-Madeleine a dit ?	Ils sont tous deux allés au tombeau.

20:6-7	evfi				Qu'a vu Simon Pierre dans le tombeau ?	Pierre vit les linges qui étaient là. Le linge qui avait été sur sa tête n'était pas couché avec les linges, mais était replié à sa place, tout seul.

20:8	y006				Quelle a été la réaction de l'autre disciple à ce qu'il a vu dans le tombeau ?	Il a vu et a cru.

20:12	l2l1				Qu'a vu Marie lorsqu'elle s'est baissée pour regarder dans le tombeau ?	Elle vit deux anges en blanc assis, l'un à la tête, l'autre au pied, là où le corps de Jésus avait été couché.

20:13	zlgx				Qu'ont dit les anges à Marie ?	Ils lui demandèrent : "Femme, pourquoi pleures-tu ?"

20:14	fnu0				Quand Marie s'est retournée, qu'a-t-elle vu ?	Elle a vu Jésus qui se tenait là, mais elle ne savait pas que c'était Jésus.

20:15	fgpt				Pour Marie, qui était Jésus ?	Elle pensait que c'était le jardinier.

20:16	ivxl				Quand Marie a-t-elle reconnu Jésus ?	Elle a reconnu Jésus quand il a prononcé son nom, "Marie".

20:17	th8c				Pourquoi Jésus a-t-il dit à Marie de ne pas s'accrocher à lui ?	Jésus lui dit de ne pas s'accrocher à lui car il n'est pas encore monté vers le Père.

20:17	o22d				Qu'est-ce que Jésus a dit à Marie de dire à ses frères ?	Jésus lui dit de dire à ses frères qu'il montera vers son Père et leur Père, vers son Dieu et leur Dieu.

20:18	rrcg				Qu'a fait Marie-Madeleine après avoir vu la pierre roulée du tombeau ?	Elle a couru et a raconté aux autres disciples le message de Jésus à leur intention.

20:19	wkct				Que s'est-il passé là où se trouvaient les disciples le soir du premier jour de la semaine ?	Jésus vint et se tint au milieu d'eux.

20:20	lw6r				Qu'est-ce que Jésus a montré aux disciples ?	Il leur a montré ses mains et son côté.

20:21	vdw0				Qu'est-ce que Jésus a dit aux disciples qu'il ferait ?	Jésus a dit qu'il envoyait les disciples comme son Père l'avait envoyé.

20:22-23	z7oo				Qu'a dit Jésus à ses disciples après avoir soufflé sur eux ?	Il leur dit : "Recevez le Saint-Esprit. Ceux à qui vous pardonnerez les péchés, ils leur seront pardonnés ; ceux à qui vous retiendrez les péchés, ils leur seront retirés."

20:24	vphn				Lequel des disciples n'était pas présent avec les autres disciples lorsqu'ils ont vu Jésus ?	Thomas, l'un des douze, appelé Didyme, n'était pas avec les autres disciples lorsque Jésus est venu.

20:25	ejpa				Que fallait-il, selon Thomas, pour qu'il croie que Jésus était vivant ?	Thomas a dit qu'il devrait voir l'empreinte des clous dans les mains de Jésus, mettre ses doigts dans l'empreinte des clous et mettre sa main dans le côté de Jésus avant de croire.

20:26	dn96				Quand Thomas a-t-il vu Jésus ?	Huit jours plus tard, alors que les portes étaient fermées, Thomas était avec les autres disciples lorsque Jésus est venu et s'est tenu au milieu d'eux.

20:27	tzb2				Qu'est-ce que Jésus a dit à Thomas de faire ?	Jésus dit à Thomas d'atteindre avec son doigt et de voir les mains de Jésus et d'atteindre avec sa main et de la mettre dans le côté de Jésus. Jésus dit ensuite à Thomas de ne pas être incrédule, mais de croire.

20:28	yrci				Qu'a dit Thomas à Jésus ?	Thomas a dit : "Mon Seigneur et mon Dieu."

20:29	q5kh				Qui, selon Jésus, était béni ?	Jésus a dit : "Heureux ceux qui n'ont pas vu et qui ont cru."

20:30	edxy				Jésus a-t-il fait d'autres signes qui n'étaient pas écrits dans le livre ?	Oui, Jésus a fait beaucoup d'autres signes en présence des disciples qui ne sont pas écrits dans le livre de Jean.

20:31	ujf7				Pourquoi les signes ont-ils été écrits dans le livre ?	Ils ont été écrits pour que vous croyiez que Jésus est le Christ, le Fils de Dieu, et pour que, en croyant, vous ayez la vie en son nom.

21:1	mkmc				Où étaient les disciples lorsque Jésus s'est à nouveau montré à eux ?	Les disciples étaient au bord de la mer de Tibériade lorsque Jésus se montra à nouveau à eux.

21:2	t40q				Quels disciples se trouvaient au bord de la mer de Tibériade ?	Simon Pierre, Thomas, appelé Didyme, Nathanaël de Cana en Galilée, les fils de Zébédée et deux autres disciples de Jésus se trouvaient au bord de la mer de Tibériade.

21:3	wcub				Que faisaient ces disciples ?	Ces disciples étaient partis pêcher mais n'avaient rien attrapé de toute la nuit.

21:6	onpq				Qu'est-ce que Jésus a dit aux disciples de faire ?	Jésus dit aux disciples de jeter leur filet sur le côté droit du bateau et ils prendront des poissons.

21:6	vcs9				Que s'est-il passé lorsque les disciples ont jeté leur filet ?	Ils ne pouvaient pas tirer leur filet car il y avait beaucoup de poissons dedans.

21:7	i3n4				Qu'a fait Simon Pierre quand le disciple que Jésus aimait a dit : "C'est le Seigneur."	Il replia sur lui son vêtement de dessus et se jeta dans la mer.

21:8	lxne				Qu'ont fait les autres disciples ?	Les autres disciples sont venus dans la barque, tirant le filet plein de poissons.

21:10	gjyo				Qu'est-ce que Jésus a dit aux disciples de faire avec certains des poissons qu'ils avaient pêchés ?	Jésus dit aux disciples d'apporter quelques-uns des poissons qu'ils viennent de pêcher.

21:14	r6qv				Combien de fois Jésus s'était-il montré aux disciples depuis qu'il était ressuscité ?	C'était la troisième fois que Jésus se montrait aux disciples depuis sa résurrection.

21:15	a24p				Après le petit-déjeuner, quelle est la première chose que Jésus a demandée à Simon-Pierre ?	Jésus a demandé à Simon-Pierre si Simon aimait Jésus plus que ceux-ci.

21:17	qiwi				Comment Simon Pierre a-t-il répondu à Jésus la troisième fois que Jésus lui a demandé s'il aimait Jésus ?	La troisième fois qu'on lui a posé la question, Pierre a répondu : "Seigneur, tu sais toutes choses ; tu sais que je t'aime."

21:17	pcvq				La troisième fois que Pierre répond à la question de Jésus : " M'aimes-tu ? ", que lui dit Jésus ?	La troisième fois, Jésus lui a dit : "Pais mes brebis".

21:18	ubw3				Qu'est-ce que Jésus a dit à Simon-Pierre qui allait lui arriver quand Simon deviendrait vieux ?	Jésus a dit à Simon-Pierre que lorsqu'il deviendrait vieux, il tendrait les mains et qu'une autre personne le vêtirait et le porterait là où il ne voulait pas aller.

21:19	gg2w				Pourquoi Jésus a-t-il dit à Pierre ce qui allait lui arriver quand il serait vieux ?	Jésus a dit cela afin de signaler par quel genre de mort Pierre glorifierait Dieu.

21:21	vro6				Qu'est-ce que Simon-Pierre a demandé à Jésus concernant le disciple que Jésus aimait ?	Pierre a demandé à Jésus : "Seigneur, que va faire cet homme ?"

21:22	xy02				Comment Jésus a-t-il répondu à la question de Pierre : "Seigneur, que va faire cet homme ?"	Jésus a dit à Pierre : "Tu me suis."

21:24	vzk8				Qui a écrit ce livre et de quoi témoigne-t-il ?	Le disciple que Jésus aimait a écrit ce livre et témoigne que les événements décrits dans le livre sont vrais.
