1:2	kowp				Qui étaient les "témoins oculaires" que Luc mentionne ?	Les "témoins oculaires" étaient ceux qui étaient avec les apôtres dès le début du ministère de Jésus.

1:2	gjx5				Qu'ont fait certains des témoins oculaires après avoir vu ce que Jésus a fait ?	Ils ont écrit un récit ou une histoire de ce que Jésus a fait.

1:4	b5g8				Pourquoi Luc a-t-il décidé d'écrire son propre récit de ce que Jésus a dit et fait ?	Il voulait que Théophile connaisse la certitude concernant les choses qui lui avaient été enseignées.

1:6	ykne				Pourquoi Dieu a-t-il considéré Zacharie et Elisabeth comme des justes ?	Dieu les considérait comme des justes parce qu'ils marchaient de manière irréprochable dans ses commandements.

1:7	lyss				Pourquoi Zacharie et Elizabeth n'ont-ils pas eu d'enfants ?	Ils n'ont pas eu d'enfants parce qu'Elisabeth n'a pas pu porter d'enfant. Elle et Zacharie étaient maintenant très âgés.

1:8	ndy2				Quel travail Zacharie faisait-il devant Dieu ?	Zacharie servait en tant que prêtre.

1:9	am5d				Qu'a fait Zacharie dans le temple ?	Il a brûlé de l'encens à Dieu.

1:10	i1yp				Que faisaient les gens pendant que Zacharie était dans le temple ?	Les gens sont restés à l'extérieur du temple et priaient.

1:11	aeen				Qui est apparu à Zacharie pendant qu'il était dans le temple ?	Un ange du Seigneur est apparu à Zacharie dans le temple.

1:12	x8vw				Comment Zacharie a-t-il agi lorsqu'il a vu l'ange ?	Lorsque Zacharie a vu l'ange, il a été troublé et a eu très peur.

1:13	di28				Qu'a dit l'ange à Zacharie ?	L'ange a dit à Zacharie de ne pas avoir peur et que sa femme Elisabeth aurait un fils. Son fils s'appellera Jean.

1:16	uvx1				Qu'est-ce que l'ange a dit que Jean ferait pour les fils d'Israël ?	L'ange a dit que Jean ferait revenir les fils d'Israël au Seigneur leur Dieu.

1:17	itoe				Quel genre de personnes les actes de Jean prépareraient-ils ?	Les actes de Jean prépareraient un peuple préparé pour le Seigneur.

1:19	nsxz				Quel était le nom de l'ange et où se trouvait-il habituellement ?	L'ange s'appelait Gabriel et se tenait normalement en présence de Dieu.

1:20	go3k				Qu'est-ce que l'ange a dit qu'il arriverait à Zacharie parce qu'il n'a pas cru les paroles de l'ange ?	Zacharie ne pourra pas parler avant la naissance de l'enfant.

1:27	sls7				Six mois après la conception d'Elisabeth, qui Gabriel est-il envoyé par Dieu pour voir ?	Il a été envoyé à une vierge nommée Marie, qui était fiancée à Joseph, un descendant de David.

1:31	mv8j				Qu'est-ce que l'ange a dit qu'il arriverait à Marie ?	L'ange a dit que Marie serait enceinte et porterait un fils, qu'elle appellerait Jésus.

1:33	c31e				Que ferait l'enfant ?	L'enfant régnera sur la descendance de Jacob pour toujours, et son royaume n'aura pas de fin.

1:35	gpsc				Comment l'ange a-t-il dit que cela se produirait puisque Marie était vierge ?	L'ange a dit que l'Esprit Saint viendrait sur Marie et que la puissance du Très-Haut la couvrirait de son ombre.

1:35	jxtb				L'ange a dit que ce saint enfant serait le fils de qui ?	L'ange a dit que l'enfant serait appelé le Fils de Dieu.

1:37	muvo				Qu'est-ce que l'ange a dit qui n'est pas impossible pour Dieu ?	Toute parole n'est pas impossible pour Dieu.

1:41	ln0x				Lorsque Marie a salué Elisabeth, qu'a fait le bébé d'Elisabeth ?	Le bébé a bondi de joie dans son ventre.

1:42	nyxb				Qui a été béni, selon Elizabeth ?	Élisabeth a dit que Marie et son bébé étaient bénis.

1:54	bf4d				Pourquoi Dieu a-t-il aidé son serviteur Israël ?	Dieu s'est souvenu de sa miséricorde.

1:59	so1w				Le jour de la circoncision, comment aurait-on normalement appelé le fils d'Elisabeth ?	Normalement, ils l'auraient appelé Zacharie, comme son père.

1:63	opls				Qu'a écrit Zacharie lorsqu'on lui a demandé quel devait être le nom de l'enfant ?	Zacharie a écrit : "Son nom est Jean."

1:64	yzdk				Qu'est-il arrivé à Zacharie immédiatement après qu'il ait écrit le nom de l'enfant ?	Immédiatement après avoir écrit le nom de l'enfant, Zacharie a parlé et a loué Dieu.

1:66	hn4h				À cause de tous ces événements, qu'est-ce que tout le monde a réalisé à propos de l'enfant ?	Ils ont compris que la main du Seigneur était avec lui.

1:68	hv8v				Qu'est-ce que Dieu a accompli qui a poussé Zacharie à louer Dieu ?	Dieu avait maintenant accompli la rédemption pour son peuple.

1:77	der1				Qu'est-ce que Zacharie a prophétisé que son enfant Jean aiderait le peuple à connaître ?	Jean aiderait les gens à savoir comment ils peuvent être sauvés par le pardon de leurs péchés.

1:80	jswc				Où Jean a-t-il grandi et vécu jusqu'à ce qu'il commence à apparaître en public ?	Jean a grandi et vécu dans le désert.

2:3	fd0v				Où les gens se rendaient-ils pour se faire recenser ?	Les gens se sont rendus dans leur propre ville pour se faire enregistrer.

2:4	o7h3				Pourquoi Joseph est-il allé à Bethléem avec Marie pour y être enregistré ?	Joseph et Marie sont allés à Bethléem parce que Joseph était un descendant de David.

2:7	bzmx				Lorsque Marie a donné naissance à son fils, où l'a-t-elle placé ?	Lorsque l'enfant est né, Marie l'a placé dans une crèche.

2:8	euif				Que faisaient les bergers cette nuit-là ?	Ils restaient à l'air libre et surveillaient leurs troupeaux.

2:9	e8sp				Comment les bergers ont-ils réagi lorsqu'ils ont vu l'ange ?	Les bergers ont eu très peur.

2:11	vzkf				Quelle bonne nouvelle l'ange a-t-il donnée aux bergers ?	L'ange a annoncé aux bergers que le Sauveur était né, celui qui est le Christ Seigneur.

2:15	kpya				Qu'est-ce que les bergers ont décidé de faire après que les anges les aient quittés ?	Les bergers décidèrent d'aller à Bethléem pour voir l'enfant qui venait de naître.

2:16	lk05				Qu'ont trouvé les bergers à Bethléem ?	Les bergers ont trouvé Marie et Joseph, et le bébé, qui était couché dans la crèche.

2:21	kk9x				Quand Jésus a-t-il été circoncis ?	Jésus a été circoncis le huitième jour après sa naissance.

2:22	rp5d				Pourquoi Joseph et Marie ont-ils apporté l'enfant Jésus au temple de Jérusalem ?	Ils l'ont amené au temple pour le présenter au Seigneur et pour offrir un sacrifice qui était commandé dans la loi de Moïse.

2:26	eh4j				Qu'est-ce que le Saint-Esprit a révélé à Siméon ?	Le Saint-Esprit a révélé à Siméon qu'il ne mourrait pas avant d'avoir vu le Christ du Seigneur.

2:32	ssnc				Qu'est-ce que Siméon a dit qu'il arriverait à Marie parce qu'elle était la mère de Jésus ?	Siméon a dit que Jésus serait une lumière pour la révélation des païens et la gloire du peuple de Dieu, Israël.

2:35	t21p				Qu'est-ce que Siméon a dit qu'il arriverait à Marie à cause de Jésus ?	Simeon a dit qu'une épée transpercerait sa propre âme.

2:38	c215				Qu'a fait la prophétesse Anna lorsqu'elle s'est approchée de Marie, Joseph et Jésus ?	Anna a commencé à remercier Dieu et à parler de l'enfant à tout le monde.

2:40	spq8				Qu'est-il arrivé à l'enfant Jésus après son retour à Nazareth ?	Jésus grandit et se fortifie, il devient de plus en plus sage, et la grâce de Dieu est sur lui.

2:44	twwk				Pourquoi les parents de Jésus n'ont-ils pas réalisé qu'il était resté à Jérusalem pendant la fête de la Pâque ?	Ils n'ont pas réalisé parce qu'ils ont supposé qu'il était dans le groupe qui voyageait avec eux.

2:46	umuq				Où ses parents ont-ils trouvé Jésus et que faisait-il ?	Ses parents l'ont trouvé dans le temple, assis au milieu des professeurs, les écoutant et leur posant des questions.

2:49	cp88				Qu'a répondu Jésus lorsque Marie lui a dit qu'ils l'avaient cherché avec anxiété ?	"Ne saviez-vous pas que je dois être dans la maison de mon Père ?"

2:51	n2aw				Quelle était l'attitude de Jésus envers ses parents lorsqu'ils sont retournés à Nazareth ?	Il les a subis.

2:52	zo9z				Lorsque Jésus a grandi, quel genre de jeune homme était-il ?	Il a grandi en sagesse et en stature, et a gagné la faveur de Dieu et des gens.

3:3	ccc7				Quel message Jean a-t-il prêché dans la région du Jourdain ?	Jean a prêché un baptême de repentance pour le pardon des péchés.

3:4	ep3t				Pour qui Jean a-t-il dit qu'il préparait le chemin ?	Jean a dit qu'il préparait le chemin du Seigneur.

3:8	hnfb				Qu'est-ce que Jean a dit aux gens de faire au lieu de se fier au fait qu'Abraham était leur père ?	Jean leur a dit de produire des fruits qui proviennent de la repentance.

3:9	az6s				Selon Jean, qu'arrive-t-il à l'arbre qui ne produit pas de bons fruits ?	John a dit qu'elle est coupée et jetée au feu.

3:13	r6m1				Qu'est-ce que Jean a dit aux collecteurs d'impôts qu'ils devaient faire pour montrer une vraie repentance ?	John dit qu'ils ne doivent pas collecter plus d'argent que ce qui leur a été ordonné.

3:16	nu5n				Jean a dit aux gens qu'il baptisait avec de l'eau. Avec quoi a-t-il dit que quelqu'un allait venir baptiser ?	Jean a dit que quelqu'un allait venir qui baptiserait avec le Saint-Esprit et avec le feu.

3:19	qu43				Pourquoi Jean a-t-il réprimandé Hérode ?	Jean a réprimandé Hérode parce que celui-ci avait épousé la femme de son propre frère et avait fait beaucoup d'autres choses mauvaises.

3:20	cblf				Qui a mis John en prison ?	Hérode a mis Jean en prison.

3:21	t9le				Que s'est-il passé tout de suite après que Jean ait baptisé Jésus ?	Après le baptême de Jésus par Jean, les cieux se sont ouverts.

3:22	ppto				Qui est descendu du ciel après que Jean ait baptisé Jésus ?	L'Esprit Saint est descendu sur Jésus comme une colombe.

3:22	izpa				Qu'a dit la voix du ciel ?	La voix du ciel dit : "Tu es mon fils bien-aimé. Je suis très content de toi".

3:23	ndmr				Quel âge avait Jésus lorsqu'il a commencé à enseigner ?	Jésus avait environ 30 ans lorsqu'il a commencé à enseigner.

4:1	ti9c				Qui a conduit Jésus dans le désert ?	Le Saint-Esprit a conduit Jésus dans le désert.

4:2	qzua				Combien de temps le diable a-t-il tenté Jésus dans le désert ?	Le diable a tenté Jésus dans le désert pendant 40 jours.

4:3	jpbn				Qu'est-ce que le diable a demandé à Jésus de faire avec les pierres sur le sol ?	Le diable a dit à Jésus de transformer les pierres en pain.

4:4	ojkz				Quelle a été la réponse de Jésus au diable ?	Jésus a dit qu'il était écrit que l'homme ne vivra pas seulement de pain.

4:5	oi56				Qu'est-ce que le diable a montré à Jésus depuis un lieu élevé ?	Le diable a montré à Jésus tous les royaumes du monde.

4:7	t1ax				Que voulait faire le diable à Jésus ?	Le diable voulait que Jésus se prosterne devant lui.

4:8	j69z				Quelle a été la réponse de Jésus au diable ?	Jésus a dit qu'il était écrit que tu dois adorer le Seigneur ton Dieu, et que tu ne dois servir que lui.

4:9	plz7				Qu'est-ce que le diable a dit à Jésus de faire lorsqu'il l'a emmené au point le plus élevé du temple ?	Il a dit à Jésus de sauter en bas de là.

4:12	jttf				Quelle a été la réponse de Jésus au diable ?	Jésus a dit qu'il était écrit que tu ne dois pas mettre le Seigneur ton Dieu à l'épreuve.

4:13	aupr				Qu'a fait le diable après que Jésus ait refusé de sauter du temple ?	Le diable a laissé Jésus jusqu'à une autre fois.

4:17	wnko				Dans quel livre des Écritures Jésus a-t-il lu lorsqu'il s'est levé dans la synagogue ?	Jésus a lu un passage du prophète Isaïe.

4:21	r497				Qu'est-ce que Jésus a dit qui s'accomplissait ce jour-là ?	Jésus a dit que l'Écriture qu'il venait de lire d'Isaïe s'accomplissait ce jour-là.

4:24	wikq				Selon Jésus, quel genre d'accueil un prophète reçoit-il dans son propre pays ?	Jésus a dit qu'aucun prophète n'est accepté dans son propre pays.

4:26	pdoq				Dans le premier exemple donné par Jésus aux gens de la synagogue, où Dieu a-t-il envoyé Élie pour aider quelqu'un ?	Dieu a envoyé Élie à Zarephath, près de la ville de Sidon, pour aider une femme veuve.

4:27	ntoc				De quel pays était la personne que Dieu a fait aider par Elisée dans le deuxième exemple de Jésus aux gens de la synagogue ?	Dieu a demandé à Elisée d'aider Naaman, qui venait de Syrie.

4:28	ny7z				Comment les gens de la synagogue ont-ils réagi lorsqu'ils ont entendu ces exemples de la part de Jésus ?	Ils étaient remplis de rage.

4:29	x7xq				Comment les gens de la synagogue ont-ils essayé de tuer Jésus ?	Ils avaient prévu de le jeter du haut de la falaise sur laquelle leur ville était construite.

4:30	twbl				Comment Jésus a-t-il évité d'être tué par les gens de la synagogue ?	Jésus est passé au milieu d'eux.

4:34	dz1m				Dans la synagogue, que sait le démon qui parle à travers l'homme au sujet de Jésus ?	Le démon a dit qu'il savait que Jésus était le Saint de Dieu.

4:36	f7m7				Comment les gens ont-ils réagi après que Jésus a chassé le démon ?	Les gens étaient étonnés et ne cessaient d'en parler entre eux.

4:40	r8mt				Qu'a fait Jésus pour les malades qu'on lui amenait ?	Jésus a imposé les mains à chacun d'eux et les a guéris.

4:41	xytr				Qu'ont dit les démons lorsqu'ils ont été chassés, et pourquoi Jésus ne les a-t-il pas laissés parler ?	Les démons ont dit que Jésus était le Fils de Dieu, et Jésus ne les a pas laissés parler parce qu'ils savaient qu'il était le Christ.

4:43	qj8p				Qu'est-ce que Jésus a dit être la raison pour laquelle il a été envoyé ?	Jésus a dit qu'il avait été envoyé pour prêcher la bonne nouvelle du royaume de Dieu dans de nombreuses villes.

5:4	efbb				Après avoir utilisé le bateau de Simon comme lieu d'enseignement, que demande Jésus à Simon de faire avec son bateau ?	Emmenez le bateau vers des eaux plus profondes et laissez ses filets descendre dans l'eau pour attraper quelques poissons.

5:5	tae9				Même si Pierre n'avait rien attrapé la nuit précédente, qu'a-t-il fait ?	Il a obéi et a laissé tomber les filets.

5:6	wnvw				Que s'est-il passé quand ils ont laissé tomber les filets ?	Ils ont ramassé tant de poissons que leurs filets ont commencé à se briser.

5:8	inzb				Qu'est-ce que Simon voulait alors que Jésus fasse ? Pourquoi ?	Simon voulait que Jésus s'éloigne de lui parce que Simon savait qu'il (Simon) était un homme pécheur.

5:10	m4zr				Qu'a dit Jésus à Simon au sujet de son futur travail ?	Jésus a dit que dorénavant, Simon attraperait des hommes.

5:15	fsjg				À cette époque, qui venait écouter Jésus enseigner et être guéri de ses maladies ?	De grandes foules de gens venaient à Jésus.

5:20	rbbe				Qu'a dit Jésus à l'homme paralysé que ses amis ont laissé descendre par le toit de la maison ?	Jésus lui a dit que ses péchés lui étaient pardonnés.

5:21	ykea				Pourquoi les scribes et les pharisiens ont-ils pensé que cette déclaration était un blasphème ?	Ils ont dit que les paroles de Jésus étaient un blasphème car Dieu seul peut pardonner les péchés.

5:24	cf3m				Quelle autorité sur terre Jésus a-t-il démontré qu'il avait lorsqu'il a guéri l'homme paralytique de cette manière ?	Jésus a guéri l'homme pour qu'ils sachent qu'il avait l'autorité sur terre pour pardonner les péchés.

5:32	g2e5				Lorsque Jésus mangeait et buvait dans la maison de Lévi, qu'a-t-il dit qu'il était venu faire ?	Il est venu pour appeler les pécheurs à la repentance.

5:35	a1ts				Quand Jésus a-t-il dit que ses disciples devaient jeûner ?	Jésus a dit que ses disciples jeûneraient après qu'il (Jésus) leur ait été enlevé.

5:36	qa45				Dans la parabole de Jésus, que se passera-t-il si un nouveau morceau de tissu est utilisé pour réparer un vieux vêtement ?	Le nouveau se déchirera, et l'ancien ne correspondra pas à la pièce qui provient du nouveau.

5:37	w21b				Dans la deuxième parabole de Jésus, que se passera-t-il si l'on met du vin nouveau dans de vieilles outres ?	A. Le vin nouveau fera éclater les outres, il se répandra, et les outres seront détruites.

5:38	wc0p				Qu'est-ce que Jésus a dit qu'il fallait faire pour conserver correctement le vin nouveau ?	Le vin nouveau doit être mis dans des peaux de vin frais.

6:1	eiyn				Que faisaient les disciples de Jésus le jour du sabbat alors que les Pharisiens disaient que c'était contre la loi ?	Ils cueillaient des épis, les frottaient entre leurs mains et mangeaient le grain.

6:5	j2t9				Quel titre Jésus a-t-il revendiqué pour lui-même qui lui donnait l'autorité de dire ce qu'il était licite de faire le jour du sabbat ?	Jésus a revendiqué le titre de Seigneur du sabbat.

6:11	hmcc				Lorsque Jésus a guéri l'homme à la main ratatinée le jour du sabbat, comment les scribes et les pharisiens ont-ils réagi ?	Ils étaient remplis de rage et parlaient de ce qu'ils pourraient faire à Jésus.

6:13	zr2s				Quel nom Jésus a-t-il donné aux 12 hommes qu'il a choisis sur la montagne ?	Jésus les a appelés "apôtres".

6:20	a30a				Quel genre de personnes sont bénies, selon Jésus ?	Ceux qui sont pauvres sont bénis.

6:21	fjad				Quel genre de personnes sont bénies, selon Jésus ?	Ceux qui pleurent sont bénis.

6:22	q4f9				Quel genre de personnes sont bénies, selon Jésus ?	Ceux qui sont haïs, insultés et rejetés à cause du Fils de l'homme sont bénis.

6:23	sugy				Selon Jésus, pourquoi ces personnes devraient-elles se réjouir et sauter de joie ?	Ils doivent se réjouir car ils auront une grande récompense au ciel.

6:27	dyy2				Comment Jésus a-t-il dit que ses disciples devaient traiter leurs ennemis et ceux qui les haïssent ?	Ils doivent aimer leurs ennemis et faire du bien à ceux qui les détestent.

6:35	lx9x				Quelle est l'attitude du Père très haut à l'égard des personnes ingrates et mauvaises ?	Il est bon et miséricordieux envers eux.

6:42	jam3				Avant d'enlever la paille de l'œil de notre frère, qu'est-ce que Jésus a dit que nous devions faire ?	Tout d'abord, nous devons enlever la bûche de nos propres yeux afin de pouvoir voir clairement pour enlever la paille de l'œil de notre frère.

6:45	qxfm				Qu'est-ce qui sort du bon trésor dans le cœur d'un homme bon ?	Du bon trésor du cœur d'un homme bon, ce qui sort est bon.

6:45	lk20				Que produit un homme mauvais ?	Un homme mauvais produit ce qui est mauvais.

6:47	se5n				Selon Jésus, à quoi ressemble la personne qui entend et met en pratique les paroles de Jésus ?	Il est comme un homme qui construit une maison sur la roche solide, afin que sa maison survive à l'inondation.

6:49	i6u0				A quoi ressemble la personne qui entend les paroles de Jésus et n'y obéit pas ?	Il est comme un homme qui construit une maison sans fondations, de sorte qu'elle s'effondre lorsque le déluge arrive.

7:3	elok				Qu'est-ce que le centurion a d'abord demandé à Jésus lorsqu'il a envoyé les anciens juifs à Jésus ?	Il demande à Jésus de venir guérir son esclave.

7:6	pqmt				Pourquoi le centurion a-t-il ensuite envoyé des amis pour dire à Jésus qu'il n'avait pas à venir à la maison ?	Le centurion a dit qu'il n'était pas digne que Jésus vienne chez lui.

7:7	bsmv				Comment le centurion a-t-il alors voulu que Jésus guérisse l'esclave ?	Le centurion voulait alors que Jésus guérisse l'esclave en disant simplement un mot.

7:9	qlsd				Qu'a dit Jésus à propos de la foi du centurion ?	Jésus a dit que même en Israël, il n'avait trouvé personne avec une telle foi.

7:13	r92j				Quelle a été l'attitude de Jésus envers la veuve dont le fils unique était mort ?	Il était ému de compassion.

7:16	ab9a				Qu'ont dit les gens de Jésus après qu'il ait ressuscité le fils de la veuve ?	Ils ont dit qu'un grand prophète avait été suscité parmi eux, et que Dieu avait visité son peuple.

7:22	vhdw				Comment Jésus a-t-il démontré aux disciples de Jean qu'il était celui qui allait venir ?	Jésus a guéri les aveugles, les boiteux, les lépreux et les sourds, et il a ressuscité les morts.

7:26	tixf				Qu'est-ce que Jésus a dit que Jean était ?	Jésus a dit que Jean était bien plus qu'un prophète.

7:30	fkr1				Que se sont infligés les pharisiens et les experts de la loi juive lorsqu'ils ont refusé d'être baptisés par Jean ?	Ils ont rejeté le dessein de Dieu pour eux-mêmes.

7:33	k4yg				Quelle accusation a été portée contre Jean le Baptiseur parce qu'il ne mangeait pas de pain et ne buvait pas de vin ?	Ils ont dit : "Il a un démon."

7:34	jkzs				Quelle accusation a été portée contre Jésus parce qu'il est venu manger et boire ?	Ils ont dit : "C'est un glouton et un ivrogne."

7:38	xjeo				Qu'a fait la femme de la ville à Jésus dans la maison du pharisien ?	Elle a mouillé les pieds de Jésus avec ses larmes, les a essuyés avec ses cheveux, a embrassé ses pieds et les a oints d'huile parfumée.

7:47	yz8l				Selon Jésus, quelle était la raison pour laquelle la femme aimait beaucoup ?	Elle a beaucoup aimé parce que ses péchés, qui étaient nombreux, ont été pardonnés.

7:49	zj8i				Comment les personnes assises à la table ont-elles réagi lorsque Jésus a dit à la femme que ses péchés étaient pardonnés ?	Ils ont demandé : "Qui est celui-ci, qui pardonne même les péchés ?"

8:3	txmu				Qu'est-ce qu'un grand groupe de femmes a fait pour Jésus et ses disciples ?	Les femmes les servaient avec leurs propres biens.

8:11	ubfy				Dans la parabole de Jésus, quelle est la graine qui est semée ?	La semence est la parole de Dieu.

8:12	ieeb				Qui sont les graines qui tombent au bord du chemin, et que leur arrive-t-il ?	Ce sont des gens qui entendent la parole, mais ensuite le diable vient et l'enlève afin qu'ils ne puissent pas croire et être sauvés.

8:13	i5xv				Qui sont les graines qui tombent sur le sol rocailleux, et que leur arrive-t-il ?	Il s'agit de personnes qui reçoivent la parole avec joie, mais qui tombent ensuite pendant une période de test.

8:14	xpgl				Qui sont les graines qui tombent parmi les épines, et que leur arrive-t-il ?	Ce sont des gens qui entendent la parole, mais qui sont ensuite étouffés par les soucis, les richesses et les plaisirs de cette vie, et ils ne produisent pas de fruits mûrs.

8:15	tpqt				Qui sont les graines qui tombent sur la bonne terre, et que leur arrive-t-il ?	Ce sont des personnes qui entendent la parole, s'y accrochent et produisent du fruit avec endurance.

8:21	cx2n				Qui, selon Jésus, sont sa mère et ses frères ?	Jésus a dit que les personnes qui entendent la parole de Dieu et y obéissent sont sa mère et ses frères.

8:25	pa23				Qu'ont dit les disciples lorsque Jésus a calmé les vents et les eaux ?	Ils dirent : "Qui est celui-ci, qui commande même aux vents et aux eaux, et qui leur obéit ?"

8:29	av16				Qu'est-ce que les démons ont fait faire à l'homme de la région des Géraséniens ?	Ils l'ont fait vivre sans vêtements dans les tombes, ils lui ont fait briser des chaînes et des entraves, et ils l'ont souvent conduit dans le désert.

8:33	i745				Où sont allés les démons après que Jésus leur ait ordonné de quitter l'homme ?	Les démons sont entrés dans un troupeau de porcs, qui se sont précipités dans le lac et se sont noyés.

8:39	z7k5				Qu'est-ce que Jésus a dit à l'homme d'aller faire ?	Jésus lui dit d'aller dans sa maison et de décrire tout ce que Dieu a fait pour lui.

8:48	p21r				Selon Jésus, qu'est-ce qui avait provoqué la guérison de la femme qui saignait ?	Elle a été guérie grâce à sa foi en Jésus.

8:55	jgt8				Qu'a fait Jésus dans la maison de Jaïrus ?	Jésus a ressuscité la fille de Jaïrus.

9:2	u637				Qu'est-ce que Jésus a envoyé les Douze faire ?	Jésus les a envoyés proclamer le royaume de Dieu et guérir les malades.

9:7	icz0				Pourquoi Hérode était-il perplexe lorsqu'il a appris ce qui se passait ?	Il était perplexe parce que certains disaient que Jean le Baptiseur était ressuscité des morts.

9:8	mtis				Qui d'autre, selon les gens, pourrait être à l'origine de ce qui se passe ?	Certains ont dit qu'Elijah était apparu, et d'autres qu'un ancien prophète s'était levé.

9:13	l3uk				Quelle nourriture les disciples avaient-ils pour nourrir la foule ?	Ils avaient cinq pains et deux poissons.

9:14	nid6				Combien d'hommes suivaient Jésus dans la foule qui se trouvait dans le lieu désert ?	Environ 5000 hommes étaient dans la foule.

9:16	eg5d				Qu'a fait Jésus avec les cinq pains et les deux poissons ?	Il leva les yeux au ciel, les bénit, les brisa en morceaux et les donna aux disciples pour qu'ils les distribuent à la foule.

9:17	k35i				Combien de paniers de restes de nourriture y avait-il ?	Il y avait 12 paniers remplis de restes de nourriture.

9:20	r6in				Lorsque Jésus a demandé aux disciples qui il était, qu'a répondu Pierre ?	Il a dit : "Le Christ de Dieu."

9:23	zvgf				Jésus a dit que si quelqu'un veut venir après lui, il doit faire quoi ?	Il doit renoncer à lui-même, prendre sa croix chaque jour et suivre Jésus.

9:29	agyq				Qu'est-il arrivé à l'apparition de Jésus sur la montagne ?	L'apparence de son visage est devenue différente, et ses vêtements ont brillé comme des éclairs.

9:30	wo95				Qui est apparu avec Jésus ?	Moïse et Elie sont apparus avec Jésus.

9:35	w8ap				Qu'a dit la voix provenant de la nuée qui les couvrait ?	La voix dit : "Celui-ci est mon Fils, celui qui a été choisi ; écoutez-le."

9:39	dl2i				Avant que Jésus ne chasse le démon, qu'a-t-il fait faire au fils de l'homme ?	Le démon le faisait crier et avoir des convulsions avec de l'écume.

9:44	n9w8				Quelle déclaration Jésus a-t-il faite aux disciples qu'ils n'ont pas comprise ?	Il a dit : "Le Fils de l'homme sera livré aux mains des hommes."

9:48	nspo				Qui, selon Jésus, est celui qui est grand parmi les disciples ?	Celui qui est le plus petit parmi eux est celui qui est le plus grand.

9:51	e4t5				À l'approche des jours où Jésus devait monter au ciel, qu'a-t-il fait ?	Il s'est mis en tête d'aller à Jérusalem.

9:62	szmh				Pour être apte au royaume de Dieu, qu'est-ce qu'une personne ne doit pas faire une fois qu'elle a "mis la main à la charrue" ?	Cette personne ne doit pas regarder en arrière.

10:4	fmh0				Qu'est-ce que Jésus a dit aux 70 de ne pas emporter avec eux ?	Il leur a dit de ne pas porter de sac d'argent, de sac à dos ou de sandales.

10:9	iuct				Qu'est-ce que Jésus a dit aux 70 personnes de faire dans chaque ville ?	Il leur a dit de guérir les malades et de dire aux gens : " Le royaume de Dieu s'est approché de vous. "

10:12	op7j				Si une ville ne recevait pas ceux que Jésus lui a envoyés, quel serait le jugement de cette ville ?	Ce serait pire pour eux que le jugement sur Sodome.

10:20	ziwo				Lorsque les 70 sont revenus et ont rapporté avec joie qu'ils étaient capables de chasser les démons, que leur a dit Jésus ?	Il a dit : "Réjouissez-vous que vos noms soient inscrits dans les cieux."

10:21	fjku				A qui Jésus a-t-il dit qu'il était agréable pour le Père de révéler le royaume de Dieu ?	Il était agréable pour le Père de révéler le royaume de Dieu à ceux qui ne sont pas instruits, comme des enfants.

10:27	w64k				Selon Jésus, qu'est-ce que la loi juive dit qu'une personne doit faire pour hériter de la vie éternelle ?	Tu dois aimer le Seigneur ton Dieu de tout ton cœur, de toute ton âme, de toute ta force et de toute ta pensée, et ton prochain comme toi-même.

10:31	x812				Dans la parabole de Jésus, que fait le prêtre juif lorsqu'il voit l'homme à moitié mort sur la route ?	Il est passé de l'autre côté de la route.

10:32	t8ik				Qu'a fait le Lévite quand il a vu l'homme ?	Il est passé de l'autre côté de la route.

10:34	czk3				Qu'a fait le Samaritain quand il a vu l'homme ?	Il pansa ses blessures, le mit sur son animal, l'amena dans une auberge et prit soin de lui.

10:37	ab3v				Après avoir raconté la parabole, qu'est-ce que Jésus a dit à l'enseignant de la loi juive d'aller faire ?	Allez et faites preuve de miséricorde comme le Samaritain de la parabole.

10:39	ejbf				Qu'a fait Mary au même moment ?	Elle s'est assise aux pieds de Jésus et l'a écouté.

10:40	njpz				Comment Marthe a-t-elle agi lorsque Jésus est venu chez elle ?	Elle était distraite par son service.

10:42	gnoc				Qui, selon Jésus, a choisi la meilleure chose à faire ?	Il a dit que Marie avait choisi la bonne part qui ne lui serait pas enlevée.

11:3	x3s1				Que voulait Jésus que ses disciples prient pour qu'il arrive au nom du Père ?	Il voulait qu'ils prient pour que le nom du Père soit sanctifié.

11:4	nxgh				Alors que nous demandons à Dieu de pardonner nos péchés, que devrions-nous faire à propos des autres personnes qui pèchent contre nous ?	Nous devons leur pardonner comme Dieu nous a pardonné.

11:8	u5vi				Dans la parabole de Jésus, pourquoi l'homme s'est-il levé pour donner du pain à son ami à minuit ?	Grâce à la persistance de son ami.

11:13	zda1				Que donnera le Père qui est aux cieux à ceux qui le lui demandent ?	Il leur donnera le Saint-Esprit.

11:15	vyas				Quand ils l'ont vu chasser des démons, qu'est-ce que certains ont accusé Jésus de faire ?	Ils l'ont accusé de chasser les démons par Béelzébul, le chef des démons.

11:20	kpkl				Par quelle puissance Jésus a-t-il répondu qu'il chassait les démons ?	Il a dit qu'il chassait les démons par le doigt de Dieu.

11:26	kk3v				Si un esprit impur quitte un homme mais qu'il revient ensuite, quelle sera la condition finale de cet homme ?	La condition finale de cet homme sera pire que sa première condition.

11:28	f4db				Lorsque la femme s'est écriée en bénissant la mère de Jésus, qui Jésus a-t-il dit être béni ?	Ceux qui entendent la parole de Dieu et la gardent sont bénis.

11:32	aci8				Jésus a dit qu'il était plus grand que quels deux hommes de l'Ancien Testament ?	Il est plus grand que Salomon et Jonas.

11:39	n0tr				De quoi Jésus a-t-il dit que les pharisiens étaient remplis à l'intérieur ?	Il a dit qu'ils étaient pleins d'avidité et de mal.

11:42	efn9				Qu'est-ce que Jésus a dit que les pharisiens négligeaient ?	Ils ont négligé la justice et l'amour de Dieu.

11:46	e2xn				Selon Jésus, que faisaient les maîtres de la loi aux autres hommes ?	Ils chargeaient les hommes de fardeaux difficiles à porter, mais ne touchaient pas ces fardeaux eux-mêmes.

11:50	a7kn				De quoi Jésus a-t-il dit que cette génération serait tenue responsable ?	Ils seront tenus responsables de tout le sang des prophètes versé depuis la fondation du monde.

11:54	jqg1				Qu'ont fait les scribes et les pharisiens après avoir entendu les paroles de Jésus ?	Ils étaient à l'affût pour le piéger dans ses paroles.

12:3	y120				Selon Jésus, qu'arrivera-t-il à tout ce que vous direz dans les ténèbres ?	Il sera entendu dans la lumière.

12:5	uwuu				Qui Jésus a-t-il dit que vous deviez craindre ?	Vous devriez craindre celui qui, après nous avoir tués, a le pouvoir de vous jeter en enfer.

12:8	ibxm				Que fera Jésus pour tous ceux qui confessent le nom de Jésus devant les hommes ?	Jésus confessera cette personne devant les anges de Dieu.

12:15	jap9				Selon Jésus, en quoi notre vie ne consiste-t-elle pas ?	Notre vie ne consiste pas en l'abondance de nos biens.

12:18	t13l				Dans la parabole de Jésus, qu'allait faire l'homme riche parce que ses champs avaient donné un rendement abondant ?	Il allait démolir ses granges et en construire de plus grandes, et y stocker tout son grain et ses marchandises.

12:19	hiid				Qu'est-ce que l'homme riche s'est dit de faire puisqu'il avait beaucoup de grain en réserve ?	Il s'est dit de se détendre, de manger, de boire et de s'amuser.

12:20	sz6u				Qu'a dit Dieu à l'homme riche ?	Il dit : "Homme insensé, ce soir, ton âme est requise ; et les choses que tu as préparées, à qui appartiendront-elles ?"

12:31	g72l				Au lieu de s'inquiéter des choses de la vie, qu'est-ce que Jésus a dit que nous devrions faire ?	Nous devons chercher le royaume de Dieu.

12:33	rtvr				Où Jésus a-t-il dit que notre trésor devait être ?	Nos trésors devraient être dans les cieux.

12:37	h23z				Selon Jésus, quels sont les serviteurs de Dieu qui sont bénis ?	Sont bénis ceux qui sont trouvés en train de veiller quand Jésus vient.

12:40	yngq				Connaissons-nous l'heure à laquelle Jésus viendra ?	Non, il viendra quand on ne l'attendra pas.

12:46	pt7v				Qu'arrive-t-il au serviteur qui maltraite les autres serviteurs et qui n'est pas prêt pour le retour de son maître ?	Le maître le coupera en deux et lui réservera une place avec les infidèles.

12:48	z0ob				Qu'exige-t-on de ceux à qui l'on donne beaucoup ?	On leur demande beaucoup.

12:52	tkcv				Selon Jésus, quel genre de divisions apportera-t-il sur la terre ?	Il y aura des gens dans la même maison divisés les uns contre les autres.

12:58	hpl2				Selon Jésus, que devons-nous faire avant d'aller avec notre adversaire devant le magistrat ?	Nous devons faire un effort pour être libérés de notre obligation avant d'arriver chez le magistrat.

13:3	f9d1				Les Galiléens qui ont été tués par Pilate ont-ils souffert de cette façon parce qu'ils étaient plus pécheurs que les autres Galiléens ?	Non, ils n'étaient pas plus pécheurs.

13:8	o1ca				Dans la parabole de Jésus, que voulait faire le serviteur avec le figuier qui ne portait pas de fruits ?	Il voulait creuser autour d'elle et y mettre du fumier pour qu'elle porte du fruit.

13:9	p9ig				Que ferait le serviteur avec le figuier s'il ne portait toujours pas de fruits après avoir mis du fumier dessus pendant un an ?	S'il ne portait toujours pas de fruits, son maître le coupait.

13:11	za5b				Dans la synagogue, qu'est-ce qui avait fait que la femme avait été courbée pendant dix-huit ans ?	Un esprit de faiblesse avait fait qu'elle était courbée et incapable de se tenir droite.

13:14	gq6d				Pourquoi le chef de la synagogue s'est-il indigné lorsque Jésus a guéri la femme ?	Il était en colère parce que Jésus avait guéri la femme le jour du sabbat.

13:15	vkjh				Comment Jésus a-t-il montré que le chef de la synagogue était un hypocrite ?	Jésus lui rappelle qu'il détache son animal le jour du sabbat pour lui permettre de boire, mais il s'indigne lorsque Jésus libère la femme le jour du sabbat.

13:19	m29v				Comment le royaume de Dieu est-il semblable à une graine de moutarde ?	Le royaume de Dieu commence petit comme une graine, mais se développe ensuite en quelque chose de très grand.

13:24	mvua				À la question de savoir si beaucoup seraient sauvés, qu'a répondu Jésus ?	Il a dit : "Efforcez-vous d'entrer par la porte étroite, car beaucoup chercheront à entrer et ne pourront pas."

13:28	r4nl				Que feront les gens qui sont jetés dehors et qui ne peuvent pas entrer dans le royaume de Dieu ?	Ils gémiront et grinceront des dents.

13:28	je79				Qui est dans le royaume de Dieu ?	Abraham, Isaac, Jacob, les prophètes, et beaucoup de gens de l'est, de l'ouest, du nord et du sud seront dans le royaume.

13:33	ihpm				Où Jésus a-t-il dit qu'un prophète devait être tué ?	Il n'est pas possible qu'un prophète soit tué ailleurs qu'à Jérusalem.

13:34	uk84				Que voulait faire Jésus avec les habitants de Jérusalem ?	Il a voulu les rassembler comme une poule rassemble sa couvée de poussins.

13:34	zdxk				Comment les habitants de Jérusalem ont-ils répondu au désir de Jésus pour eux ?	Ils ne voulaient pas être rassemblés par Jésus.

13:35	oha4				Qu'est-ce que Jésus a prophétisé sur Jérusalem et ses habitants ?	Leur maison était abandonnée, et ils ne reverraient pas Jésus avant d'avoir dit : " Béni soit celui qui vient au nom du Seigneur. "

14:3	czam				Que demande Jésus aux experts de la loi juive et aux Pharisiens ?	Il leur demanda s'il était licite de guérir le jour du sabbat, ou non ?

14:4	yqwn				Quelle a été la réponse des experts et des pharisiens à Jésus ?	Ils ont gardé le silence.

14:5	rh3a				Comment Jésus a-t-il montré que les experts et les pharisiens étaient hypocrites ?	Jésus leur rappelle qu'ils aideraient leur propre fils ou leur bœuf tombé dans un puits le jour du sabbat.

14:11	u4nk				Qu'est-ce que Jésus a dit qu'il arrivera à quiconque s'exaltera ?	Celui qui s'exalte sera humilié.

14:11	zvck				Qu'est-ce que Jésus a dit qu'il arriverait à celui qui s'humilie ?	Celui qui s'abaisse sera élevé.

14:14	ntxe				Selon Jésus, comment sera récompensée une personne qui invite chez elle des pauvres, des estropiés, des boiteux et des aveugles ?	Ils seront remboursés lors de la résurrection des justes.

14:18	o6dz				Dans la parabole de Jésus sur le dîner, que font les personnes qui étaient invitées à l'origine ?	Ils ont commencé à trouver des excuses pour expliquer pourquoi ils ne pouvaient pas venir au dîner.

14:21	j9b0				Qui le maître a-t-il alors invité à son dîner ?	Il a invité les pauvres, les infirmes, les aveugles et les boiteux.

14:24	ogwc				Que dit alors le maître à propos de ceux qui ont été les premiers invités à son dîner ?	Il a dit qu'aucun d'entre eux ne voulait goûter son dîner.

14:26	kmi9				Selon Jésus, que doivent faire ses disciples ?	Ils doivent détester leur propre famille et leur vie pour être le disciple de Jésus.

14:27	yhck				Selon Jésus, que doivent encore faire ses disciples ?	Chaque disciple doit porter sa propre croix et venir à la suite de Jésus afin d'être son disciple.

14:28	xrcf				Dans l'exemple de Jésus sur ce qu'il faut faire pour le suivre, que doit faire d'abord une personne qui désire construire une tour ?	Cette personne doit compter le coût.

14:33	kl2t				Selon Jésus, que doivent faire ses disciples ?	Ils doivent renoncer à tout ce qu'ils possèdent.

14:35	q666				Si le sel perd son goût, que fait-on avec lui ?	Il est jeté.

15:4	kf6s				Dans la parabole de Jésus, que fait le berger qui perd l'une de ses 100 brebis ?	Il laisse les 99 autres et part à la recherche de la brebis perdue.

15:5	bcmr				Dans la parabole de Jésus, que fait le berger lorsqu'il retrouve sa brebis égarée ?	Il le ramène, en se réjouissant.

15:8	rayn				Dans la parabole de Jésus, que fait la femme qui perd l'une de ses dix pièces d'argent ?	Elle cherche assidûment jusqu'à ce qu'elle le trouve.

15:9	xwq0				Dans la parabole de Jésus, que fait la femme lorsqu'elle retrouve sa pièce d'argent perdue ?	Elle se réjouit avec ses amis et ses voisins.

15:10	zjx8				Que se passe-t-il au paradis lorsqu'un pécheur se repent ?	Il y a de la joie devant les anges de Dieu.

15:12	tjx8				Dans la parabole de Jésus, quelle demande le fils cadet fait-il à son père ?	Il a demandé à son père de lui donner immédiatement la richesse dont il hériterait.

15:13	jcgn				Qu'a fait le fils cadet avec son héritage ?	Il a gaspillé l'argent en vivant de manière irréfléchie.

15:15	o8hb				Après avoir perdu son argent, qu'a fait le fils cadet pour vivre ?	Il s'est engagé à nourrir les porcs d'un autre homme.

15:18	rjhd				Quand il a commencé à penser clairement, qu'est-ce que le fils cadet a décidé de faire ?	Il a décidé d'aller confesser son péché à son père.

15:19	pfko				Qu'est-ce que le fils cadet a prévu de demander à son père de faire pour lui ?	Il décide de demander à son père de l'engager comme l'un de ses domestiques.

15:20	k49o				Qu'a fait le père quand il a vu le fils cadet revenir à la maison ?	Son père, ému de compassion, courut vers lui, le serra dans ses bras et l'embrassa.

15:22	n982				Qu'est-ce que le père a fait rapidement pour le fils cadet ?	Le père lui a donné une robe, un anneau et des sandales.

15:23	kzi7				Comment le père a-t-il célébré le retour de son fils cadet ?	Le père a demandé aux serviteurs de tuer le veau gras pour qu'ils puissent manger et faire la fête.

15:28	d3im				Quelle a été la réaction du fils aîné lorsqu'on lui a parlé du festin pour le fils cadet ?	Il était en colère et ne voulait pas entrer dans le festin.

15:29	xpls				Quelle était la plainte du fils aîné à son père ?	Le fils aîné se plaignit qu'il avait suivi les règles de son père, mais qu'il n'avait jamais reçu de chèvre pour faire la fête avec ses amis.

15:31	oacm				Quelle a été la réponse du père au fils aîné ?	Il a dit : "Enfant, tu es toujours avec moi, et tout ce qui est à moi est à toi."

15:32	gk62				Pourquoi le père a-t-il dit qu'il était approprié de faire un festin pour le fils cadet ?	Il convenait de faire la fête parce que le fils cadet avait été perdu et qu'il a été retrouvé.

16:1	tesv				Quel rapport l'homme riche a-t-il entendu au sujet de son manager ?	Il a entendu dire que le gérant gaspillait les biens de l'homme riche.

16:5	r9uo				Qu'a fait le manager juste avant d'être obligé de quitter son emploi ?	Il a convoqué chacun des débiteurs de son maître.

16:6	wcfw				Qu'a fait le gérant pour le premier débiteur de son maître ?	Il lui a permis de réduire sa dette.

16:7	u323				Qu'a fait le gérant pour le deuxième débiteur de son maître ?	Il lui a également permis de réduire sa dette.

16:8	o750				Quelle a été la réponse de l'homme riche aux actions de son manager ?	Il a fait l'éloge du directeur parce qu'il avait agi avec perspicacité.

16:9	cztp				Sur la base de cette histoire, qu'est-ce que Jésus a dit aux autres de faire ?	Il a dit : "Faites-vous des amis au moyen des richesses du monde, afin que, lorsqu'elles auront disparu, ils puissent vous accueillir dans les demeures éternelles."

16:10	for6				Qu'a dit Jésus à propos de la personne qui est fidèle avec très peu ?	La personne sera également fidèle avec beaucoup.

16:13	l7ey				Jésus a dit qu'on ne pouvait pas servir deux maîtres. À quels deux maîtres faisait-il référence ?	Nous devons choisir entre servir Dieu et servir la richesse.

16:16	eljr				Depuis Jean, le royaume de Dieu est proclamé comme une bonne nouvelle. Quelles sont les deux choses qui étaient en vigueur avant Jean ?	La Loi et les Prophètes étaient jusqu'à Jean.

16:16	mnwn				Selon Jésus, qu'est-ce qui est maintenant prêché ?	L'évangile du royaume de Dieu est maintenant prêché.

16:18	j7t2				Selon Jésus, quel péché commet celui qui divorce de sa femme et en épouse une autre ?	Celui qui répudie sa femme et en épouse une autre commet un adultère.

16:22	q5ur				Dans l'histoire de Jésus, où est allé le mendiant Lazare après sa mort ?	Le pauvre Lazare a été porté par des anges dans le giron d'Abraham.

16:23	ll4n				Qu'est-il arrivé à l'homme riche après sa mort ?	Il a été tourmenté dans l'Hadès.

16:24	ehd8				Quelle a été la première demande de l'homme riche à Abraham ?	Il a demandé à Abraham d'envoyer Lazare lui apporter un peu d'eau car il souffrait beaucoup dans la flamme.

16:26	exfb				Quelle a été la réponse d'Abraham à l'homme riche ?	Il a dit qu'il y avait un grand gouffre entre eux que personne ne pouvait franchir.

16:27	dpl1				Quelle est la deuxième demande que l'homme riche a faite à Abraham ?	Il a demandé à Abraham d'envoyer Lazare dans la maison de son père.

16:28	uwyp				Pourquoi l'homme riche voulait-il que Lazare aille dans la maison de son père ?	Il voulait que Lazare mette ses frères en garde contre le Hadès.

16:29	o62h				Quelle a été la réponse d'Abraham à l'homme riche ?	Il a dit que les frères de l'homme riche ont Moïse et les prophètes, et qu'ils pourraient les écouter.

16:31	l14w				Abraham a dit que s'ils ne voulaient pas écouter Moïse et les prophètes, quoi d'autre ne les persuaderait pas ?	Ils ne seraient pas convaincus même si quelqu'un revenait d'entre les morts.

17:4	cfwv				Qu'est-ce que Jésus a dit que nous devons faire si notre frère pèche contre nous sept fois dans une journée et revient sept fois en disant "Je me repens" ?	Nous devons lui pardonner à chaque fois.

17:10	gpm0				En tant que serviteurs, que devons-nous dire après avoir fait tout ce que notre Maître nous a ordonné ?	Nous devrions dire : "Nous sommes des serviteurs indignes ; nous n'avons fait que ce que nous devions faire."

17:12	ls84				Qui Jésus a-t-il rencontré en entrant dans un village situé à la frontière de la Samarie et de la Galilée ?	Hé avec dix lépreux.

17:13	p3nl				Qu'ont dit les dix lépreux à Jésus ?	Ils ont dit : "Jésus, Maître, aie pitié de nous."

17:14	nllg				Qu'est-ce que Jésus a dit aux lépreux de faire ?	Il leur a dit d'aller se montrer aux prêtres.

17:14	owkh				Qu'est-il arrivé aux lépreux lorsqu'ils sont allés voir les prêtres ?	Ils ont été purifiés.

17:15	muqw				Combien des dix lépreux sont revenus pour remercier Jésus ?	Un seul est revenu.

17:16	q4d6				D'où venait le lépreux qui est revenu remercier Jésus ?	Il était de Samarie.

17:21	sp3a				Lorsqu'on l'a interrogé sur la venue du royaume, où Jésus a-t-il dit que le royaume de Dieu se trouvait ?	Il a dit que le royaume de Dieu est en eux.

17:24	anle				Comment Jésus a-t-il dit que ce sera le cas en son temps, lorsqu'il apparaîtra à nouveau ?	Ce sera comme les éclairs qui passent d'un endroit à l'autre du ciel.

17:25	pw95				Qu'est-ce que Jésus a dit qui doit arriver avant son retour ?	Il doit souffrir beaucoup de choses et être rejeté par cette génération.

17:27	ds1v				Que faisaient les gens à l'époque de Noé ?	Ils mangeaient, buvaient, se mariaient et donnaient en mariage, sans savoir que le jour de la destruction était arrivé.

17:37	py4q				Quel exemple tiré de la nature Jésus a-t-il utilisé pour répondre à la question de ses disciples : " Où, Seigneur ? ".	Jésus a utilisé l'exemple d'un cadavre et des vautours. Il a dit que là où il y a un corps, les vautours se rassemblent.

18:1	s08k				Que voulait enseigner Jésus à ses disciples sur la prière à partir de cette histoire ?	Il voulait leur apprendre qu'ils devaient toujours prier et ne pas se décourager.

18:3	a184				Que demandait sans cesse la veuve au juge injuste ?	Elle a demandé que justice soit faite contre son adversaire.

18:5	cxla				Après un certain temps, que s'est dit le juge injuste ?	Il dit : "Parce que cette veuve me cause des ennuis, je lui fais justice, afin qu'elle ne me fatigue pas en venant continuellement."

18:8	yqaf				Qu'est-ce que Jésus voulait enseigner à ses disciples sur la façon dont Dieu répond à la prière ?	Il voulait leur apprendre que Dieu rendra justice à ceux qui crient vers lui.

18:9	rai4				Quelle était l'attitude des pharisiens à l'égard de leur propre justice et des autres personnes ?	Ils se croyaient plus justes que les autres.

18:10	acgr				Dans le récit de Jésus, quels sont les deux hommes qui sont montés au temple pour prier ?	Un pharisien et un collecteur d'impôts sont montés dans le temple pour prier.

18:11	nhje				Quelle était l'attitude du pharisien à l'égard de sa propre justice et des autres personnes ?	Il pensait qu'il n'était pas pécheur comme les autres.

18:13	lq5b				Quelle était la prière du collecteur d'impôts à Dieu dans le temple ?	Il a prié : "Dieu, sois miséricordieux envers moi, le pécheur."

18:14	e8c5				Quel homme est rentré chez lui justifié devant Dieu ?	Le collecteur d'impôts était justifié devant Dieu.

18:16	jpcd				A qui Jésus a-t-il dit que le royaume de Dieu appartient ?	Il a dit qu'elle appartient à ceux qui sont comme des enfants.

18:22	uunb				Quelle est la chose que Jésus a demandé au dirigeant (celui qui avait obéi aux commandements de Dieu depuis sa jeunesse) de faire ?	Jésus lui demande de vendre tout ce qu'il possède et de le distribuer aux pauvres.

18:23	zar7				Comment le souverain a-t-il répondu à la déclaration de Jésus et pourquoi ?	Il devint extrêmement triste, car il était très riche.

18:30	ifxt				Qu'a promis Jésus à ceux qui ont quitté les choses terrestres pour le royaume de Dieu ?	Jésus leur a promis beaucoup plus dans ce monde, et la vie éternelle dans l'âge à venir.

18:32	l5w9				Selon Jésus, qu'avaient écrit les prophètes de l'Ancien Testament au sujet du Fils de l'homme ?	Qu'il serait livré aux païens, moqué et traité avec honte.

18:33	b3fz				Qu'est-ce que les prophètes de l'Ancien Testament avaient écrit que le Fils de l'homme ferait le troisième jour ?	Ils ont écrit qu'il ressusciterait le troisième jour.

18:38	xibj				Qu'est-ce que l'aveugle au bord de la route a crié à Jésus ?	Il a dit : "Jésus, fils de David, aie pitié de moi."

18:43	ow6c				Comment les gens ont-ils réagi après avoir vu l'aveugle guéri ?	Ils ont glorifié et loué Dieu.

19:2	j7em				Qui est monté sur un arbre pour voir Jésus, et quelle était sa profession ?	La personne qui a grimpé à l'arbre s'appelait Zachée. Il était le chef des collecteurs d'impôts et était riche.

19:7	h09q				Quelle plainte ont-ils formulée lorsque Jésus est allé chez Zachée ?	Ils ont dit : "Jésus est entré pour être l'hôte d'un homme pécheur."

19:9	rhoa				Qu'a dit Jésus à propos de Zachée après que celui-ci ait annoncé ses dons aux pauvres ?	Il a dit : "Aujourd'hui, le salut est arrivé dans cette maison."

19:11	d2yu				Qu'est-ce que les gens s'attendaient à ce qu'il se passe quand Jésus arriverait à Jérusalem ?	Ils pensaient que le royaume de Dieu allait apparaître immédiatement.

19:12	f1eo				Dans la parabole de Jésus, où le noble allait-il voyager ?	Il allait dans un pays lointain pour recevoir un royaume, et ensuite il reviendrait.

19:17	mqaj				Que fit le noble pour le serviteur qui avait été fidèle et qui avait gagné dix minas de plus ?	Le noble lui a donné l'autorité sur dix villes.

19:19	h4ao				Que fit le noble pour le serviteur qui avait été fidèle et qui avait gagné cinq minas de plus ?	Il leur a donné l'autorité sur cinq villes.

19:21	wiup				Quel genre d'homme le méchant serviteur pensait-il que le noble était ?	Il savait que le noble était un homme exigeant.

19:24	x7uv				Qu'a fait le noble avec le méchant serviteur ?	Il a enlevé la mina du méchant serviteur.

19:27	fsqf				Que faisait le noble avec ceux qui ne voulaient pas qu'il règne sur eux ?	Le noble les a fait tuer devant lui.

19:30	s06l				Sur quel type d'animal Jésus est-il monté lorsqu'il est entré à Jérusalem ?	Il était monté sur un âne sur lequel personne ne s'était jamais assis.

19:38	spor				Qu'est-ce que la foule a crié lorsque Jésus s'est approché du Mont des Oliviers ?	Ils s'écrièrent : "Béni soit le Roi qui vient au nom du Seigneur !"

19:40	bsie				Qu'est-ce que Jésus a dit qu'il arriverait si le peuple ne criait pas de joie ?	Il a dit que les pierres crieraient.

19:41	guie				Qu'a fait Jésus en s'approchant de la ville ?	Il a pleuré sur son sort.

19:44	aany				Qu'est-ce que Jésus a alors prophétisé qu'il arriverait aux gens et à la ville ?	Il a dit que les ennemis réduiraient la ville à néant et qu'il ne resterait pas une pierre sur une autre.

19:47	n71a				Qui voulait tuer Jésus alors qu'il enseignait dans le temple ?	Les chefs des prêtres, les scribes et les chefs du peuple voulaient tuer Jésus.

19:48	e452				Pourquoi n'ont-ils pas pu le tuer à ce moment-là ?	Ils n'ont pas pu le tuer car les gens l'écoutaient attentivement.

20:4	zdty				Lorsque les chefs juifs ont demandé à Jésus par quelle autorité il enseignait, quelle question Jésus leur a-t-il posée ?	Il a demandé : "Le baptême de Jean venait-il du ciel, ou des hommes ?"

20:5	xr1d				S'ils répondaient "du ciel", que pensaient les chefs juifs que Jésus leur dirait ?	Les chefs juifs pensaient que Jésus allait dire : "Alors pourquoi n'avez-vous pas cru Jean ?"

20:6	t8ln				S'ils ont répondu "des hommes", que pensaient-ils que les gens leur feraient ?	Ils pensaient que le peuple allait les lapider.

20:11	nmxa				Dans la parabole de Jésus, que font les vignerons lorsque le seigneur envoie ses serviteurs chercher le fruit de la vigne ?	Ils battaient les serviteurs, les traitaient honteusement et les renvoyaient les mains vides.

20:13	wzkb				Enfin, qui le seigneur a-t-il envoyé aux vignerons ?	Il a envoyé son fils bien-aimé.

20:15	g3h7				Qu'ont fait les vignerons quand le fils est venu à la vigne ?	Ils l'ont jeté hors de la vigne et l'ont tué.

20:16	xvwt				Que fera le seigneur de la vigne à ces vignerons ?	Il viendra tuer ces vignerons et donnera la vigne à d'autres.

20:19	vhxe				Contre qui Jésus a-t-il raconté cette parabole ?	Il a raconté cette parabole contre les scribes et les grands prêtres.

20:25	xrkv				Comment Jésus a-t-il répondu à la question de savoir s'il était licite ou non de payer des impôts à César ?	Il a dit de donner les choses de César à César, et les choses de Dieu à Dieu.

20:27	llsb				À quel événement les sadducéens ne croyaient-ils pas ?	Ils ne croyaient pas à la résurrection des morts.

20:34	om9w				Qu'a dit Jésus à propos du mariage dans ce monde ?	A notre époque, les gens se marient et donnent en mariage.

20:35	c6zf				Qu'a dit Jésus sur le mariage après la résurrection ?	Après la résurrection des morts, ces personnes ne se marient pas et ne donnent pas en mariage.

20:37	lu0x				Quel récit de l'Ancien Testament Jésus a-t-il rappelé pour prouver la vérité de la résurrection ?	Il a rappelé l'histoire de Moïse et du buisson, dans laquelle Moïse appelle le Seigneur le Dieu d'Abraham, le Dieu d'Isaac et le Dieu de Jacob.

20:42	x938				Qu'a dit le Seigneur au Seigneur de David dans les Psaumes ?	Le Seigneur a dit au Seigneur de David : "Assieds-toi à ma droite."

20:47	piwf				Derrière leurs actions vertueuses en apparence, quelles choses méchantes les scribes faisaient-ils ?	Ils dévoraient les maisons des veuves, et faisaient prétentieusement de longues prières.

20:47	ffc7				Comment Jésus a-t-il dit que ces scribes seraient jugés ?	Il a dit qu'ils recevront une plus grande condamnation.

21:4	a2e3				Pourquoi Jésus a-t-il dit que la pauvre veuve avait mis plus dans le trésor que tous les autres ?	Jésus a dit cela parce qu'elle avait très peu et qu'elle a tout donné, alors que les autres avaient beaucoup et que leur don n'était pas un sacrifice.

21:6	qugb				Qu'est-ce que Jésus a dit qu'il arriverait au temple de Jérusalem ?	Il a dit qu'il serait démoli et que pas une pierre ne serait laissée sur une autre.

21:7	pc0u				Quelles sont les deux questions que les gens ont posées à Jésus au sujet du temple ?	Ils ont demandé : "Quand ces choses arriveront-elles, et quel sera le signe qu'elles sont sur le point d'arriver ?".

21:8	sdis				Jésus a prévenu que beaucoup de trompeurs viendront. Que diront ces trompeurs ?	Ils diront : "Je suis lui", et "Le temps approche".

21:10	wtnf				Qu'est-ce que Jésus a dit qu'il arriverait avant la fin ?	Il y aura des guerres entre nations et royaumes.

21:11	cpx5				Quels événements terribles Jésus a-t-il dit qu'il se produirait avant la fin ?	Il y aura des tremblements de terre, des famines, des fléaux et de grands signes du ciel.

21:13	pqwx				Quelle opportunité la persécution des croyants va-t-elle créer ?	Cela créera une opportunité pour leur témoignage.

21:16	kfhb				Qui haïra les disciples de Jésus ?	Les parents, les frères, les proches et les amis les détesteront.

21:20	tqnb				Quel événement indiquerait que la destruction de Jérusalem est proche ?	Lorsque Jérusalem est entourée d'armées, sa destruction est proche.

21:21	l94z				Qu'a dit Jésus aux personnes qui voyaient que la destruction de Jérusalem était proche ?	Il leur a dit de fuir vers les montagnes, de quitter la ville et de ne pas y entrer.

21:22	jp9s				Comment Jésus a-t-il appelé les jours de la destruction de Jérusalem ?	Il les a appelés les jours de la vengeance, pour accomplir toutes les choses écrites.

21:24	jd6o				Combien de temps Jérusalem sera-t-elle piétinée par les païens ?	Jérusalem sera piétinée par les païens jusqu'à ce que les temps des païens soient accomplis.

21:25	h31e				Quels sont les signes qui, selon Jésus, précéderont sa venue avec puissance et grande gloire ?	Il a dit qu'il y aurait des signes dans le soleil, la lune et les étoiles, et la détresse des nations sur la terre.

21:30	riia				Quel exemple Jésus a-t-il donné pour que ses auditeurs sachent quand une saison est arrivée ?	Il a dit que lorsqu'ils voient les feuilles du figuier pousser, ils savent que l'été est proche.

21:33	x80a				Qu'est-ce que Jésus a dit qui passera ?	Il a dit que le ciel et la terre passeront.

21:33	ce6d				Qu'est-ce qui ne passera jamais ?	Les paroles de Jésus ne passeront jamais.

21:34	qbn6				Qu'est-ce que Jésus a conseillé à ses auditeurs de ne pas faire puisque ce jour viendra soudainement ?	Il les a avertis de ne pas laisser leur cœur s'alourdir par la débauche, l'ivrognerie et les soucis de la vie.

21:36	to14				Qu'est-ce que Jésus a averti ses auditeurs de faire puisque ce jour viendra soudainement ?	Il les a avertis d'être vigilants et de prier.

22:1	u719				À cette époque, quelle fête juive approchait ?	La fête des pains sans levain, appelée la Pâque, approchait.

22:6	e60k				Dans quelles circonstances Judas cherchait-il une occasion de livrer Jésus aux chefs des prêtres ?	Il cherchait une occasion de trahir Jésus lorsqu'il était à l'écart de la foule.

22:12	lurc				Où Jésus et les disciples ont-ils mangé le repas de la Pâque ?	Ils l'ont mangé dans une grande chambre haute meublée à Jérusalem.

22:16	odsz				Quand Jésus a-t-il dit qu'il mangerait à nouveau le repas de la Pâque ?	Il a dit qu'il mangerait à nouveau le repas de la Pâque lorsqu'il serait accompli dans le royaume de Dieu.

22:19	ltsc				Qu'a dit Jésus lorsqu'il a rompu le pain et l'a donné aux disciples ?	Il a dit : "Ceci est mon corps qui est donné pour vous. Faites ceci en mémoire de moi."

22:20	r654				Qu'a dit Jésus lorsqu'il a donné la coupe aux disciples ?	Il a dit : "Cette coupe est la nouvelle alliance en mon sang, qui est répandu pour vous."

22:22	yz83				Était-ce le plan de Dieu que Jésus soit trahi ?	Oui, Dieu avait déterminé que Jésus serait trahi.

22:23	j5qm				Les disciples savaient-ils qui était sur le point de trahir Jésus ?	Non, les disciples n'avaient aucune idée de qui allait trahir Jésus.

22:26	vo91				Qu'est-ce que Jésus a dit que le plus grand parmi ses disciples devait faire ?	Il a dit que le plus grand d'entre eux devait être comme le plus jeune.

22:27	a1ey				Comment Jésus vivait-il parmi ses disciples ?	Il a vécu parmi eux comme celui qui sert.

22:30	u7qm				Où Jésus a-t-il promis à ses disciples qu'ils s'assiéraient ?	Il a dit qu'ils seraient assis sur des trônes, jugeant les douze tribus d'Israël.

22:34	kor8				Qu'est-ce que Jésus a prédit que Pierre ferait ?	Il a dit que Pierre nierait trois fois qu'il connaissait Jésus avant que le coq ne chante.

22:37	ff1p				Quelle prédiction écrite concernant Jésus s'est accomplie dans ces événements ?	La prédiction écrite concernant Jésus qui était en train de s'accomplir est celle qui dit : " Et il a été compté parmi les sans-droits. "

22:40	e6xc				Sur le mont des Oliviers, pour quoi Jésus a-t-il dit à ses disciples de prier ?	Il voulait qu'ils prient pour ne pas entrer dans la tentation.

22:42	g3oo				Sur le mont des Oliviers, qu'a prié Jésus ?	Il a prié : "Père, si tu le veux, éloigne de moi cette coupe. Cependant, que ce ne soit pas ma volonté, mais la tienne qui se fasse."

22:45	k50c				Que faisaient les disciples lorsque Jésus est revenu de sa prière ?	Ils dormaient.

22:48	mv3k				Comment Judas a-t-il trahi Jésus devant la foule ?	Il a trahi Jésus avec un baiser.

22:51	wok5				Qu'a fait Jésus avec l'homme dont l'oreille était coupée ?	Il a touché son oreille, et l'a guéri.

22:53	oe9b				Où Jésus a-t-il dit qu'il était quotidien avec les chefs des prêtres ?	Il a dit qu'il avait été dans le temple chaque jour.

22:54	c3la				Après l'avoir saisi, où la foule a-t-elle emmené Jésus ?	La foule l'a emmené à la maison du grand prêtre.

22:57	kmui				Qu'a dit Pierre lorsqu'une certaine servante a affirmé que Pierre avait été avec Jésus ?	Il a dit : "Femme, je ne le connais pas."

22:60	uifo				Que s'est-il passé immédiatement après que Pierre ait nié connaître Jésus pour la troisième fois ?	Un coq a chanté immédiatement après qu'il ait nié connaître Jésus.

22:62	a42q				Qu'a fait Pierre après que Jésus l'ait regardé ?	Il est sorti et a pleuré amèrement.

22:63	w011				Que lui ont fait les hommes qui gardaient Jésus ?	Ils se sont moqués de lui et l'ont battu.

22:64	p961				Comment les hommes qui gardaient Jésus se sont-ils moqués de lui ?	Ils lui ont bandé les yeux et lui ont demandé qui l'avait frappé.

22:67	gohv				Le conseil a exigé que Jésus leur dise s'il est le Christ. Qu'est-ce que Jésus a dit qu'ils ne feraient pas s'il le leur disait ?	Il a dit qu'ils ne croiraient certainement pas.

22:71	ne3f				Pourquoi le conseil a-t-il dit qu'il n'avait pas besoin de témoins pour prouver que Jésus prétendait être le Christ ?	Ils ont dit qu'ils n'avaient pas besoin d'autres témoins car ils avaient entendu Jésus, de sa propre bouche, affirmer qu'il était le Christ.

23:2	e9an				Quelles accusations les chefs juifs ont-ils portées contre Jésus auprès de Pilate ?	Ils disaient que Jésus pervertissait la nation, en interdisant le tribut à César, et en disant qu'il était le Christ, un roi.

23:4	qedl				Après avoir interrogé Jésus, que dit Pilate à son sujet ?	Il a dit : "Je ne trouve aucune cause à cet homme."

23:8	jwdg				Pourquoi Hérode voulait-il voir Jésus ?	Hérode voulait voir Jésus faire un signe.

23:9	ygkx				Comment Jésus a-t-il répondu aux questions d'Hérode ?	Il n'a rien répondu à Hérode.

23:14	wklx				Lorsque Jésus a été rendu à Pilate, qu'est-ce que Pilate a dit de Jésus à la foule ?	Il a dit qu'il n'avait rien trouvé en Jésus de la cause qu'ils lui reprochaient.

23:18	h8lo				Qui la foule voulait-elle que Pilate libère de prison pour la fête de la Pâque ?	Ils voulaient qu'il libère Barabbas, un criminel.

23:21	nim4				Qu'est-ce que la foule a crié qu'il fallait faire à Jésus ?	Ils ont crié : "Crucifie-le, crucifie-le."

23:22	h0w3				Pour la troisième fois, que dit Pilate à la foule au sujet de Jésus ?	Pilate a dit : "Je n'ai pas trouvé en lui de cause de mort."

23:23	u8mn				Pourquoi Pilate a-t-il finalement accédé à la demande de la foule de crucifier Jésus ?	Il a accédé à leur demande car ils insistaient à voix haute.

23:26	h3ow				Qui a porté la croix de Jésus et a suivi Jésus ?	Simon de Cyrène a porté la croix de Jésus.

23:28	rlh5				Pour qui Jésus a-t-il dit que les femmes de Jérusalem devaient pleurer au lieu de pleurer pour lui ?	Jésus a dit qu'ils devaient pleurer sur eux-mêmes et sur leurs enfants.

23:32	lwm9				Qui a été crucifié avec Jésus ?	Deux criminels ont été crucifiés avec Jésus.

23:35	m8de				Puisque Jésus prétendait être le Christ, qu'est-ce que les gens, les soldats et l'un des criminels ont tous demandé à Jésus de faire ?	Ils l'ont mis au défi de se sauver.

23:38	df2h				Qu'est-ce qui était écrit sur un panneau au-dessus de Jésus ?	Sur le panneau était écrit : "C'est le roi des Juifs."

23:42	rv95				Quelle demande le second criminel a-t-il faite à Jésus ?	Il a dit : "Souviens-toi de moi quand tu entreras dans ton royaume."

23:43	og92				Quelle promesse Jésus a-t-il faite au second criminel ?	Il a dit : "Aujourd'hui, vous serez avec moi au paradis."

23:44	f3di				Quel événement miraculeux s'est produit immédiatement avant la mort de Jésus ?	L'obscurité s'est abattue sur tout le pays pendant trois heures.

23:45	aojr				Quels événements miraculeux se sont produits immédiatement avant la mort de Jésus ?	Le soleil a disparu, et le rideau du temple s'est déchiré en son milieu.

23:47	k2ix				Qu'a dit le centurion à propos de Jésus après sa mort ?	Il a dit : "Cet homme était certainement juste."

23:52	oe25				Qu'est-ce que Joseph d'Arimathie a demandé à Pilate de lui donner ?	Il demande à Pilate le corps de Jésus.

23:53	pc7j				Qu'a fait Joseph d'Arimathie avec le corps de Jésus ?	Il a déposé le corps de Jésus dans un tombeau neuf.

23:54	f8c6				Quel jour était sur le point de commencer quand Jésus a été enterré ?	Le jour du sabbat était sur le point de commencer.

23:56	uuy5				Que faisaient les femmes qui avaient été avec Jésus le jour du sabbat ?	Ils se sont reposés, selon le commandement de Dieu.

24:1	jor7				Quand les femmes sont-elles venues au tombeau de Jésus ?	Ils sont venus très tôt, le premier jour de la semaine.

24:2	ibne				Qu'est-ce que les femmes ont trouvé qui s'était passé au tombeau ?	Ils ont constaté que la pierre avait été roulée du tombeau.

24:3	hrr8				Qu'est-ce que les femmes ont trouvé dans le tombeau ?	Ils ont constaté que le corps de Jésus n'était pas là.

24:6	a7rz				Qu'est-ce que les deux hommes aux vêtements éblouissants (des anges) ont dit qu'il était arrivé à Jésus ?	Ils ont dit aux femmes que Jésus était ressuscité.

24:11	vnui				Quelle a été la réaction des apôtres lorsque les femmes ont raconté leur expérience au tombeau ?	Ces paroles leur paraissaient insensées, et ils ne les crurent pas.

24:12	e9um				Qu'a vu Pierre quand il a regardé dans le tombeau ?	Pierre a vu les linges étendus tout seuls.

24:16	a00e				Pourquoi les deux disciples qui se rendaient à Emmaüs n'ont-ils pas reconnu Jésus lorsqu'il les a rejoints ?	Leurs yeux ont été empêchés de le reconnaître.

24:21	dvfy				Pendant que Jésus était vivant, qu'est-ce que les disciples espéraient qu'il fasse ?	Ils espéraient qu'il rachèterait Israël.

24:27	tm5e				Qu'est-ce que Jésus a expliqué aux deux hommes à partir des Écritures ?	Il a expliqué ce que les Écritures disaient à son sujet.

24:31	ayx8				Qu'est-il arrivé aux deux disciples lorsque Jésus a béni le pain, l'a rompu et le leur a donné ?	Leurs yeux se sont ouverts, et ils l'ont reconnu.

24:36	wfmy				Qu'a dit Jésus en premier lorsqu'il est apparu aux disciples à Jérusalem ?	Il a dit : "Paix à vous."

24:39	yaw3				Comment Jésus a-t-il prouvé qu'il n'était pas seulement un esprit ?	Il a invité les disciples à le toucher, et il leur a montré ses mains et ses pieds.

24:45	krxh				Comment les disciples ont-ils alors pu comprendre les Écritures ?	Jésus a ouvert leur esprit pour qu'ils comprennent les Écritures.

24:47	wvir				Qu'est-ce que Jésus a dit qu'il fallait proclamer à toutes les nations ?	Jésus a dit que la repentance et le pardon des péchés devaient être proclamés à toutes les nations.

24:49	gwbd				Pour quoi Jésus a-t-il dit aux disciples d'attendre ?	Il leur a dit d'attendre jusqu'à ce qu'ils soient revêtus de la puissance d'en haut.

24:51	ifly				Qu'est-il arrivé à Jésus lorsqu'il a béni les disciples près de Béthanie ?	Il a été transporté au ciel.

24:53	t0qp				Où les disciples ont-ils alors passé leur temps, et qu'ont-ils fait ?	Ils étaient continuellement dans le temple, bénissant Dieu.
