1:1	o4pb				Dans la généalogie de Jésus-Christ, quels sont les deux ancêtres cités en premier, ce qui indique leur importance ?	Les deux premiers ancêtres cités sont David et Abraham.

1:16	vey7				À la fin de la généalogie, qui est la femme qui est nommée, et pourquoi est-elle citée ?	Marie, l'épouse de Joseph, est citée parce que c'est elle qui a donné naissance à Jésus.

1:18	yex8				Qu'est-il arrivé à Marie avant qu'elle ne soit réunie avec Joseph ?	Marie est tombée enceinte par l'Esprit Saint avant de s'unir à Joseph.

1:19	tu3d				Quel genre d'homme était Joseph ?	Joseph était un homme juste.

1:19	xrzl				Qu'est-ce que Joseph a décidé de faire lorsqu'il a appris que Marie était enceinte ?	Joseph décide de mettre fin secrètement aux fiançailles avec Marie.

1:20	wuf6				Qu'est-il arrivé à Joseph pour qu'il décide de rester fiancé à Marie ?	Un ange a dit en rêve à Joseph de prendre Marie pour épouse car le bébé a été conçu par le Saint-Esprit.

1:21	sz7n				Pourquoi a-t-on dit à Joseph de donner au bébé le nom de Jésus ?	On a dit à Joseph d'appeler le bébé Jésus parce qu'il sauvera son peuple de ses péchés.

1:23	hqo8				Qu'est-il écrit dans la prophétie de l'Ancien Testament qui s'est accomplie dans ces événements ?	La prophétie de l'Ancien Testament était qu'une vierge donnerait naissance à un fils et qu'on l'appellerait Emmanuel, ce qui signifie "Dieu avec nous".

1:25	keii				Qu'est-ce que Joseph a pris soin de ne pas faire jusqu'à ce que Marie donne naissance à Jésus ?	Joseph a pris soin de ne pas coucher avec Marie jusqu'à ce qu'elle donne naissance à Jésus.

2:1	yxb0				Où est né Jésus ?	Jésus est né à Bethléem en Judée.

2:2	be08				Quel titre les savants de l'Orient ont-ils donné à Jésus ?	Les savants de l'Orient ont donné à Jésus le titre de "roi des Juifs".

2:2	jrcn				Comment les savants ont-ils su que le Roi des Juifs était né ?	Les savants avaient vu l'étoile du roi des Juifs à l'orient.

2:3	wupq				Comment le roi Hérode a-t-il réagi à la nouvelle des savants ?	Lorsque le roi Hérode entendit les nouvelles des savants, il fut troublé.

2:5-6	mk3s				Comment les chefs des prêtres et les scribes ont-ils su où le Christ naîtrait ?	Ils connaissaient la prophétie qui disait que le Christ naîtrait à Bethléem.

2:9	t6q7				Comment les hommes instruits ont-ils trouvé l'endroit exact où se trouvait Jésus ?	L'étoile de l'Orient les précédait jusqu'à ce qu'elle se tienne au-dessus de l'endroit où se trouvait Jésus.

2:11	g4rc				Quel âge avait Jésus lorsque les savants sont venus le voir ?	Jésus était un jeune enfant lorsque les savants sont venus le voir.

2:11	y31m				Quels cadeaux les hommes instruits ont-ils offerts à Jésus ?	Les savants ont offert à Jésus des cadeaux en or, en encens et en myrrhe.

2:12	fqou				Par quel chemin les savants sont-ils rentrés chez eux, et pourquoi ont-ils pris ce chemin ?	Les savants sont retournés chez eux par un autre chemin, car Dieu les a avertis en rêve de ne pas retourner chez Hérode.

2:13	dzal				Quelles instructions Joseph a-t-il reçues en rêve ?	Dans un rêve, Joseph a reçu l'ordre de prendre Jésus et Marie et de fuir en Égypte, car Hérode allait essayer de tuer Jésus.

2:15	knfb				Quelle prophétie a été accomplie par le retour ultérieur de Jésus d'Égypte ?	La prophétie "J'ai appelé mon fils hors d'Égypte" s'est accomplie lorsque Jésus est revenu d'Égypte.

2:16	o05g				Qu'a fait Hérode lorsque les savants ne sont pas revenus vers lui ?	Hérode a tué tous les enfants mâles de la région de Bethléem qui avaient deux ans ou moins.

2:19-20	ozgy				Quelles instructions Joseph a-t-il reçues en rêve après la mort d'Hérode ?	Joseph a reçu l'instruction en rêve de retourner en terre d'Israël.

2:22-23	bjy2				Où Joseph s'est-il installé pour vivre avec Marie et Jésus ?	Joseph s'installe pour vivre avec Marie et Jésus à Nazareth en Galilée.

2:23	v8a4				Quelle prophétie s'est accomplie lorsque Joseph a déménagé dans leur nouvel emplacement ?	La prophétie selon laquelle le Christ serait appelé Nazaréen s'est accomplie.

3:2	yrif				Quel était le message que Jean le Baptiste a prêché dans le désert ?	Jean a prêché : "Repentez-vous, car le royaume des cieux est proche".

3:3	syhu				Qu'est-ce que la prophétie d'Ésaïe disait que Jean le Baptiste viendrait faire ?	La prophétie disait que Jean le Baptiste avertissait les gens de préparer le chemin du Seigneur.

3:6	scs9				Que faisaient les gens lorsqu'ils étaient baptisés par Jean ?	Au moment du baptême, les gens ont confessé leurs péchés.

3:8	ifo4				Qu'est-ce que Jean-Baptiste a dit aux Pharisiens et aux Sadducéens de faire ?	Jean le Baptiste a dit aux pharisiens et aux sadducéens de porter des fruits dignes de la repentance.

3:9	xhzh				Qu'est-ce que Jean-Baptiste a dit aux pharisiens et aux sadducéens pour qu'ils ne pensent pas entre eux ?	Jean a averti les pharisiens et les sadducéens de ne pas penser entre eux qu'ils avaient Abraham pour père.

3:10	xnsa				Selon Jean, qu'arrive-t-il à tout arbre qui ne produit pas de bons fruits ?	Jean dit que tout arbre qui ne porte pas de bons fruits est abattu et jeté au feu.

3:11	uhbl				Comment celui qui venait après Jean baptisera-t-il ?	Celui qui venait après Jean baptisera avec le Saint-Esprit et le feu.

3:15	ym2n				Qu'a dit Jésus à Jean pour le convaincre de baptiser Jésus ?	Jésus a dit qu'il était juste que Jean baptise Jésus afin d'accomplir toute justice.

3:16	sxkf				Qu'a vu Jésus quand il est sorti de l'eau ?	Lorsqu'il est sorti de l'eau, Jésus a vu l'Esprit de Dieu descendre comme une colombe et se poser sur lui.

3:17	ay86				Qu'a dit la voix du ciel après le baptême de Jésus ?	La voix du ciel dit : "Celui-ci est mon Fils bien-aimé, en qui j'ai mis toute mon affection."

4:1	gqn9				Qui a conduit Jésus dans le désert pour être tenté par le diable ?	Le Saint-Esprit a conduit Jésus dans le désert pour qu'il soit tenté par le diable.

4:2	zpk7				Combien de temps Jésus a-t-il jeûné dans le désert ?	Jésus a jeûné 40 jours et 40 nuits dans le désert.

4:3	y3rx				Quelle a été la première tentation que le diable a présentée à Jésus ?	Le diable a tenté Jésus de transformer les pierres en pain.

4:4	tnh8				Quelle a été la réponse de Jésus à la première tentation ?	Jésus a dit que l'homme ne vivra pas seulement de pain, mais de toute parole qui sort de la bouche de Dieu.

4:5-6	wdbz				Quelle a été la deuxième tentation que le diable a présentée à Jésus ?	Le diable a tenté Jésus de se jeter du haut du temple.

4:7	e1zm				Quelle a été la réponse de Jésus à la deuxième tentation ?	Jésus a dit que vous ne devez pas tester le Seigneur votre Dieu.

4:8-9	vmo7				Quelle a été la troisième tentation que le diable a présentée à Jésus ?	Le diable a tenté Jésus de l'adorer en échange de tous les royaumes du monde.

4:10	w6c0				Quelle a été la réponse de Jésus à la troisième tentation ?	Jésus a dit que tu dois adorer le Seigneur ton Dieu et ne servir que lui.

4:15-16	repn				Qu'est-ce qui a été accompli par le déménagement de Jésus à Capharnaüm en Galilée ?	La prophétie d'Ésaïe s'est accomplie, qui disait que les gens de Galilée verraient une grande lumière.

4:17	nlu9				Quel message Jésus a-t-il alors commencé à prêcher ?	Jésus a prêché : "Repentez-vous, car le royaume des cieux s'est approché".

4:18	sxgw				Comment Pierre et André gagnaient-ils leur vie ?	Pierre et André étaient des pêcheurs.

4:19	p6f9				Qu'est-ce que Jésus a dit qu'il ferait de Pierre et André ?	Jésus a dit qu'il ferait de Pierre et d'André des pêcheurs d'hommes.

4:21	ixuu				Comment Jacques et Jean gagnaient-ils leur vie ?	Jacques et Jean étaient des pêcheurs.

4:23	m2da				À cette époque, où Jésus se rendait-il pour enseigner ?	Jésus enseignait dans les synagogues de Galilée.

4:24	ozsj				Quel genre de personnes a-t-on amené à Jésus, et qu'a-t-il fait d'elles ?	Tous ceux qui étaient malades et possédés de démons furent amenés à Jésus, et Jésus les guérit.

4:25	pmkg				Combien de personnes suivaient Jésus à cette époque ?	De grandes multitudes suivaient Jésus à cette époque.

5:3	ag3n				Pourquoi les pauvres en esprit sont-ils bénis ?	Les pauvres en esprit sont bénis car le royaume des cieux est à eux.

5:4	n14d				Pourquoi ceux qui pleurent sont-ils bénis ?	Ceux qui sont en deuil sont bénis car ils seront réconfortés.

5:5	o8cp				Pourquoi les doux sont-ils bénis ?	Les doux sont bénis car ils hériteront de la terre.

5:6	jdok				Pourquoi ceux qui ont faim et soif de justice sont-ils bénis ?	Ceux qui ont faim et soif de justice sont bénis car ils seront rassasiés.

5:11-12	bzpk				Pourquoi ceux qui sont insultés et persécutés à cause de Jésus sont-ils bénis ?	Ceux qui sont insultés et persécutés à cause de Jésus sont bénis car leur récompense est grande dans le ciel.

5:15-16	nton				Comment les croyants font-ils briller leur lumière devant les gens ?	Les croyants font briller leur lumière devant les gens en faisant de bonnes actions.

5:17	m45b				Qu'est-ce que Jésus est venu faire avec la loi et les prophètes de l'Ancien Testament ?	Jésus est venu accomplir la loi et les prophètes de l'Ancien Testament.

5:19	cpsi				Qui sera appelé grand dans le royaume des cieux ?	Ceux qui gardent les commandements de Dieu et qui les enseignent aux autres seront appelés grands dans le royaume des cieux.

5:21-22	hm97				Jésus a enseigné que non seulement ceux qui commettent un meurtre risquent d'être jugés, mais aussi ceux qui font quoi ?	Jésus a enseigné que non seulement ceux qui tuent, mais aussi ceux qui sont en colère contre leur frère risquent le jugement.

5:23-24	smqo				Qu'est-ce que Jésus a enseigné que nous devrions faire si notre frère a quelque chose contre nous ?	Jésus a enseigné que nous devrions aller nous réconcilier avec notre frère s'il a quelque chose contre nous.

5:25	hrzt				Qu'est-ce que Jésus a enseigné que nous devrions faire avec notre accusateur avant d'aller au tribunal ?	Jésus a enseigné que nous devions essayer de trouver un accord avec notre accusateur avant de nous rendre au tribunal.

5:27-28	ncer				Jésus a enseigné que c'était non seulement mal de commettre un adultère, mais aussi de faire quoi ?	Jésus a enseigné que c'était non seulement mal de commettre un adultère, mais aussi de convoiter une femme.

5:29-30	v31v				Qu'est-ce que Jésus a dit que nous devons faire avec tout ce qui nous fait pécher ?	Jésus a dit que nous devons nous débarrasser de tout ce qui nous pousse à pécher.

5:32	ulyk				Pour quelle raison Jésus a-t-il autorisé le divorce ?	Jésus a autorisé le divorce pour cause d'immoralité sexuelle.

5:32	y1kc				Qu'est-ce qu'un mari fait devenir à sa femme s'il la divorce à tort et qu'elle se remarie ?	Un mari fait en sorte que sa femme devienne adultère s'il la divorce à tort et qu'elle se remarie.

5:37	lkhu				Au lieu de prêter serment à diverses choses terrestres, comment Jésus dit-il que notre discours devrait être ?	Jésus dit qu'au lieu de prêter serment sur toutes ces choses, nous devrions laisser notre discours être : "Oui, oui" ou "Non, non".

5:38-39	dc0m				Qu'est-ce que Jésus a enseigné que nous devrions faire avec celui qui est mauvais envers nous ?	Jésus a enseigné que nous ne devions pas résister à celui qui nous fait du mal.

5:43-44	tzwh				Qu'est-ce que Jésus a enseigné que nous devrions faire avec nos ennemis et avec ceux qui nous persécutent ?	Jésus a enseigné que nous devions aimer et prier pour nos ennemis et pour ceux qui nous persécutent.

5:46-47	z9fk				Pourquoi Jésus a-t-il dit que nous ne devons pas seulement aimer ceux qui nous aiment, mais aussi aimer nos ennemis ?	Jésus a dit que si nous aimons seulement ceux qui nous aiment, nous ne recevons pas de récompense parce que nous ne faisons que ce que les païens font déjà.

6:2	dugw				Quelle est la récompense de ceux qui font leurs actes de justice pour être vus par les gens ?	Ceux qui accomplissent leurs actes de justice pour être vus par les gens reçoivent les louanges des gens comme récompense.

6:3-4	nwuq				Comment devons-nous accomplir nos actes de justice afin d'être récompensés par le Père ?	Nous devrions faire nos actes de droiture en privé.

6:5	nrrh				Quelle récompense reçoivent ceux qui sont hypocrites et qui prient pour être vus par les gens ?	Les hypocrites qui prient pour être vus par les gens reçoivent leur récompense des gens.

6:6	j30d				Ceux qui prient en privé reçoivent une récompense de qui ?	Ceux qui prient en privé reçoivent une récompense du Père.

6:7	pr6e				Pourquoi Jésus dit-il que nous ne devons pas prier avec des répétitions inutiles ?	Jésus dit que nous ne devons pas prier avec des répétitions inutiles car le Père sait ce dont nous avons besoin avant que nous le lui demandions.

6:10	k776				Où devrions-nous demander au Père que sa volonté soit faite ?	Nous devons demander au Père que sa volonté soit faite sur la terre, comme elle est déjà faite au ciel.

6:15	pa2i				Si nous ne pardonnons pas aux autres leurs dettes envers nous, que fera le Père ?	Si nous ne pardonnons pas aux autres leurs dettes envers nous, le Père ne pardonnera pas nos dettes.

6:16-18	ncwu				Comment devons-nous jeûner afin de recevoir une récompense du Père ?	Nous devons jeûner sans avoir l'air de jeûner aux yeux des gens, et alors le Père nous récompensera.

6:19-20	oghj				Où devrions-nous stocker des trésors, et pourquoi ?	Nous devons amasser des trésors dans le ciel, car ils ne peuvent y être détruits ou volés.

6:21	qstf				Quel sera l'endroit où se trouve notre trésor ?	Notre cœur sera là où se trouve notre trésor.

6:24	mi47				Entre quels deux maîtres devons-nous choisir ?	Nous devons choisir entre Dieu et la richesse comme maîtres.

6:25-26	zm5x				Pourquoi ne devrions-nous pas nous préoccuper de la nourriture, de la boisson et des vêtements ?	Nous ne devons pas nous soucier de la nourriture, de la boisson et des vêtements, car le Père prend même soin des oiseaux, et nous avons beaucoup plus de valeur qu'eux.

6:27	x4ew				Qu'est-ce que Jésus nous rappelle que nous ne pouvons pas faire en étant anxieux ?	Jésus nous rappelle que nous ne pouvons pas ajouter une coudée à notre durée de vie en étant anxieux.

6:33	rbf5				Que devons-nous chercher en premier, et tous nos besoins terrestres seront alors pourvus ?	Nous devons chercher d'abord le royaume et la justice du Père, et alors tous nos besoins terrestres seront pourvus.

7:3-5	ku6c				Que devons-nous faire d'abord avant de voir clairement pour aider notre frère ?	Nous devons d'abord nous juger nous-mêmes et enlever la poutre de notre propre œil avant de pouvoir aider notre frère.

7:6	jard				Que peut-il arriver si vous donnez ce qui est sacré aux chiens ?	Si vous donnez ce qui est sacré aux chiens, ils peuvent le piétiner et ensuite se retourner et vous mettre en pièces.

7:8	i55x				Que devons-nous faire pour recevoir du Père ?	Nous devons demander, chercher et frapper afin de recevoir du Père.

7:11	at3q				Que donne le Père à ceux qui le demandent ?	Le Père donne de bonnes choses à ceux qui les lui demandent.

7:12	by0j				Que nous enseignent la loi et les prophètes sur la façon de traiter les autres ?	La loi et les prophètes nous apprennent à faire aux autres ce que nous voulons que les gens nous fassent.

7:13	cj0y				A quoi mène la voie large ?	La voie large mène à la destruction.

7:14	r0pt				A quoi mène le chemin étroit ?	Le chemin étroit mène à la vie.

7:15-16	rrfw				Comment reconnaître les faux prophètes ?	Nous pouvons reconnaître les faux prophètes au fruit de leur vie.

7:21	ua6l				Qui entrera dans le royaume des cieux ?	Ceux qui font la volonté du Père entreront dans le royaume des cieux.

7:22-23	uvqb				Que dira Jésus à ceux qui ont prophétisé, chassé des démons et fait des miracles au nom de Jésus ?	Jésus leur dira : "Je ne vous ai jamais connus ! Eloignez-vous de moi, malfaiteurs" !

7:24	spf7				Qui est comme l'homme sage dans la parabole des deux maisons de Jésus ?	Celui qui entend les paroles de Jésus et y obéit est comme l'homme sage.

7:26	xg7q				Qui est comme l'homme insensé dans la parabole des deux maisons de Jésus ?	Celui qui entend les paroles de Jésus et n'y obéit pas est comme l'homme insensé.

7:29	kq7z				Comment Jésus a-t-il enseigné aux gens par rapport à la façon dont les scribes enseignaient ?	Jésus enseignait aux gens comme quelqu'un qui avait de l'autorité, et non comme les scribes enseignaient.

8:4	is9n				Pourquoi Jésus a-t-il dit que le lépreux guéri devait aller voir le prêtre et lui offrir le cadeau que Moïse avait ordonné ?	Jésus a dit au lépreux guéri d'aller voir le prêtre pour lui rendre témoignage.

8:7	uzzf				Qu'est-ce que Jésus a dit qu'il ferait lorsque le centurion lui a parlé de son serviteur paralysé ?	Jésus a dit qu'il irait à la maison du centurion et qu'il guérirait le serviteur.

8:8	sg0e				Pourquoi le centurion a-t-il dit que Jésus n'avait pas besoin de venir chez lui ?	Le centurion a dit qu'il n'était pas digne d'avoir Jésus dans sa maison, et que Jésus n'avait qu'à dire un mot et guérir le serviteur.

8:10	lf97				Quel compliment Jésus a-t-il fait au centurion ?	Jésus dit que même en Israël, il n'avait pas trouvé quelqu'un avec autant de foi que le centurion.

8:11	mu6e				Qui, selon Jésus, viendra s'asseoir à table dans le royaume des cieux ?	Jésus a dit que beaucoup viendraient de l'est et de l'ouest et se mettraient à table dans le royaume des cieux.

8:12	xrku				Qui, selon Jésus, sera jeté dans les ténèbres du dehors, où il y a des pleurs et des grincements de dents ?	Jésus a dit que les fils du royaume seraient jetés dans les ténèbres extérieures.

8:14-15	x9m7				Qui Jésus a-t-il guéri lorsqu'il est entré dans la maison de Pierre ?	Jésus a guéri la belle-mère de Pierre lorsqu'il est entré dans la maison de ce dernier.

8:17	bv35				Quelle prophétie d'Ésaïe s'est accomplie lorsque Jésus a guéri tous ceux qui étaient possédés par des démons et malades ?	La prophétie d'Isaïe, "Il a lui-même pris nos maladies et les a portées", s'est accomplie.

8:20	y409				Qu'a dit Jésus sur sa façon de vivre lorsque le scribe lui a demandé de le suivre ?	Jésus a dit qu'il n'avait pas de maison permanente.

8:21-22	oarx				Lorsqu'un disciple a demandé à aller enterrer son père avant de suivre Jésus, qu'a répondu Jésus ?	Jésus a dit au disciple de le suivre, et de laisser les morts enterrer leurs propres morts.

8:24	xuks				Que faisait Jésus dans la barque lorsque la grande tempête s'est levée sur la mer ?	Jésus dormait quand la grande tempête s'est levée sur la mer.

8:26	eu1p				Lorsque les disciples ont réveillé Jésus parce qu'ils avaient peur de mourir, que leur a dit Jésus ?	Jésus dit aux disciples : "Pourquoi avez-vous peur, vous qui êtes de peu de foi" ?

8:27	bn5m				Pourquoi les disciples s'émerveillaient-ils devant Jésus après le calme ?	Les disciples s'émerveillent devant Jésus parce que les vents et la mer lui obéissent.

8:28	mfbz				Quel genre d'hommes a rencontré Jésus lorsqu'il est arrivé dans le pays des Gadaréniens ?	Jésus a rencontré deux hommes possédés par des démons qui étaient très violents.

8:29	reg0				Quelle était la préoccupation des démons qui parlaient à Jésus par l'intermédiaire des hommes ?	Les démons étaient inquiets de voir que Jésus était venu les tourmenter avant l'heure fixée.

8:32	sbbw				Que s'est-il passé quand Jésus a chassé les démons ?	Lorsque Jésus a chassé les démons, ceux-ci sont entrés dans un troupeau de porcs et les porcs se sont précipités dans la mer et ont péri.

8:34	zbet				Qu'est-ce que les gens ont supplié Jésus de faire lorsqu'ils sont sortis de la ville pour le rencontrer ?	Les gens ont supplié Jésus de quitter leur région.

9:3-5	h9jo				Pourquoi certains scribes ont-ils pensé que Jésus blasphémait Dieu ?	Certains scribes pensaient que Jésus blasphémait Dieu parce qu'il avait dit à l'homme paralysé que ses péchés étaient pardonnés.

9:5-6	zvj3				Pourquoi Jésus a-t-il dit au paralytique que ses péchés étaient pardonnés, au lieu de lui dire de se lever et de marcher ?	Jésus avait dit au paralytique que ses péchés étaient pardonnés pour démontrer qu'il avait l'autorité sur terre pour pardonner les péchés.

9:8	y0xp				Pourquoi les gens ont-ils loué Dieu lorsqu'ils ont vu les péchés du paralytique pardonnés et son corps guéri ?	Ils étaient stupéfaits et louaient Dieu, qui avait donné une telle autorité aux hommes.

9:9	sno9				Quelle était la profession de Matthieu avant qu'il ne suive Jésus ?	Matthieu était un collecteur d'impôts avant de suivre Jésus.

9:10	uv4o				Avec qui Jésus et ses disciples ont-ils mangé ?	Jésus et ses disciples ont mangé avec des collecteurs d'impôts et des personnes pécheresses.

9:13	cqos				Qui Jésus a-t-il dit être venu appeler à la repentance ?	Jésus a dit qu'il était venu pour appeler les pécheurs à la repentance.

9:15	wjy3				Pourquoi Jésus a-t-il dit que ses disciples ne jeûnaient pas ?	Jésus a dit que ses disciples ne jeûnaient pas parce qu'il était encore avec eux.

9:15	qh9c				Quand Jésus a-t-il dit que ses disciples jeûneraient ?	Jésus a dit que ses disciples jeûneraient quand il leur serait enlevé.

9:20-21	vtmg				Qu'a fait la femme avec une hémorragie grave, et pourquoi ?	La femme qui saignait abondamment a touché le bord du vêtement de Jésus, pensant que si elle touchait seulement son vêtement, elle serait guérie.

9:22	adih				Qu'est-ce qui, selon Jésus, a permis à la femme souffrant d'une hémorragie grave de se rétablir ?	Jésus a dit que la femme qui avait une hémorragie grave avait été guérie par sa foi.

9:24	tsrx				Pourquoi les gens se sont moqués de Jésus lorsqu'il est entré dans la maison du fonctionnaire juif ?	Les gens se sont moqués de Jésus parce qu'il avait dit que la fille n'était pas morte, mais qu'elle dormait.

9:26	puh6				Que s'est-il passé après que Jésus ait ressuscité la fille d'entre les morts ?	La nouvelle que Jésus a ressuscité la jeune fille d'entre les morts s'est répandue dans toute cette région.

9:27	uu6g				Que criaient les deux aveugles à Jésus ?	Les deux aveugles ne cessaient de crier : "Aie pitié de nous, Fils de David" !

9:29	ssy6				Selon quoi Jésus a-t-il guéri les deux aveugles ?	Jésus a guéri les deux aveugles selon leur foi.

9:34	w4wg				Après que Jésus a guéri le muet, quelle accusation les Pharisiens ont-ils portée contre lui ?	Les pharisiens ont accusé Jésus de chasser les démons par le chef des démons.

9:36	d3m6				Pourquoi Jésus a-t-il eu de la compassion pour les foules ?	Jésus a eu pitié des foules parce qu'elles étaient inquiètes et confuses, et qu'elles étaient comme des brebis sans berger.

9:38	f4i0				Pour quoi Jésus a-t-il dit à ses disciples de prier de toute urgence ?	Jésus a dit à ses disciples de prier instamment pour que le maître de la moisson envoie des ouvriers dans sa moisson.

10:1	qja5				Quelle autorité Jésus a-t-il donnée à ses douze disciples ?	Jésus a donné à ses douze disciples le pouvoir de chasser les esprits impurs et de guérir toutes sortes de maladies.

10:4	zmgs				Quel est le nom du disciple qui allait trahir Jésus ?	Le nom du disciple qui allait trahir Jésus était Judas Iscariote.

10:6	mn04				Où Jésus a-t-il envoyé ses disciples à cette époque ?	Jésus a envoyé ses disciples uniquement aux brebis perdues de la maison d'Israël.

10:9-10	w375				Les disciples devaient-ils emporter de l'argent ou des vêtements supplémentaires ?	Non, les disciples ne devaient pas porter d'argent ou de vêtements supplémentaires avec eux.

10:11	ea4v				Où les disciples devaient-ils loger lorsqu'ils allaient de village en village ?	Les disciples devaient trouver quelqu'un de valable dans le village et y rester jusqu'à leur départ.

10:14-15	zwvq				Quel serait le jugement sur les villes qui n'ont pas reçu les disciples ou écouté leurs paroles ?	Le jugement sur les villes qui n'ont pas reçu les disciples ou écouté leurs paroles serait pire que le jugement sur Sodome et Gomorrhe.

10:17-18	c8xc				Qu'est-ce que Jésus a dit que les gens feraient aux disciples ?	Jésus a dit que les gens livreraient les disciples aux conseils, les fouetteraient, et les amèneraient devant les gouverneurs et les rois.

10:20	x3d6				Qui parlera par les disciples lorsqu'ils seront livrés ?	L'Esprit du Père parlera à travers les disciples lorsqu'ils seront livrés.

10:22	ku49				Qui, selon Jésus, sera sauvé à la fin ?	Jésus a dit que ceux qui endurent jusqu'à la fin seront sauvés.

10:24-25	ush3				Comment ceux qui détestaient Jésus traiteraient-ils les disciples de Jésus ?	Ceux qui détestaient Jésus détesteraient aussi ses disciples.

10:28	abh9				Qui Jésus a-t-il dit que nous ne devions pas craindre ?	Nous ne devons pas craindre ceux qui tuent le corps mais sont incapables de tuer l'âme.

10:28	ykel				Qui Jésus a-t-il dit que nous devions craindre ?	Nous devons craindre celui qui est capable de détruire l'âme et le corps en enfer.

10:32	b6b3				Que fera Jésus pour tous ceux qui le confessent devant les hommes ?	Jésus le confessera devant le Père qui est aux cieux.

10:33	yncm				Que fera Jésus pour tous ceux qui le renient devant les hommes ?	Jésus le reniera devant le Père céleste.

10:34-36	tpdz				Quel genre de divisions Jésus a-t-il dit qu'il était venu apporter ?	Jésus a dit qu'il était venu pour apporter des divisions, même au sein des ménages.

10:39	mi0f				Que trouvera celui qui perd sa vie à cause de Jésus ?	Celui qui perd sa vie à cause de Jésus retrouvera sa vie.

10:42	emm9				Que recevra celui qui donne ne serait-ce qu'un verre d'eau froide à un disciple sans importance ?	Celui qui donne ne serait-ce qu'un verre d'eau froide à un disciple sans importance recevra sa récompense.

11:1	dxwi				Qu'est-ce que Jésus a terminé avant de partir pour enseigner et prêcher dans les villes ?	Jésus a fini d'instruire ses 12 disciples avant de partir.

11:3	s3sa				Quel est le message que Jean-Baptiste a envoyé à Jésus ?	Jean le Baptiste a envoyé le message suivant : "Es-tu celui qui vient, ou bien y a-t-il une autre personne que nous devrions rechercher" ?

11:5	d3vy				Qu'est-ce que Jésus a dit qui se produisait comme preuve qu'il était celui qui venait ?	Jésus a dit que les malades étaient guéris, que les morts étaient ressuscités et que les nécessiteux recevaient la bonne nouvelle.

11:6	atln				Que promet Jésus à ceux qui ne trouvent en lui aucune occasion de chute ?	Jésus a promis une bénédiction à ceux qui ne trouvent en lui aucune occasion de chute.

11:9-10	e8eo				Selon Jésus, quel rôle Jean le Baptiste a-t-il joué dans sa vie ?	Jésus a dit que Jean le Baptiste était le messager prophétisé qui préparerait le chemin avant celui qui vient.

11:14	jbbu				Qui Jésus a-t-il dit que Jean le Baptiste était ?	Jésus a dit que Jean le Baptiste était Elijah.

11:18	k0mi				Qu'est-ce que cette génération a dit de Jean le Baptiste qui est venu sans manger de pain ni boire de vin ?	Cette génération disait que Jean le Baptiste avait un démon.

11:19	njgt				Que disait cette génération de Jésus qui venait manger et boire ?	Cette génération a dit que Jésus était un glouton et un ivrogne, et un ami des collecteurs d'impôts et des pécheurs.

11:20	wf32				Qu'a déclaré Jésus à propos des villes où ses grandes actions ont été accomplies, mais qui ne se sont pas repenties ?	Jésus a réprimandé les villes où se trouvaient ses grandes actions, mais elles ne s'étaient pas repenties.

11:25	drfx				Jésus a loué le Père pour avoir caché le royaume des cieux à qui ?	Jésus a loué le Père pour avoir caché le royaume des cieux aux sages et aux intelligents.

11:25	njt7				Jésus a loué le Père pour avoir révélé le royaume des cieux à qui ?	Jésus a loué le Père pour avoir révélé le royaume des cieux à ceux qui n'ont pas été enseignés, comme des petits enfants.

11:27	wma4				Qui, selon Jésus, connaît le Père ?	Jésus a dit qu'il connaît le Père, et toute personne à qui il désire le révéler.

11:28	nbjh				A qui Jésus a-t-il promis le repos ?	Jésus a promis le repos à tous ceux qui travaillent et sont lourdement chargés.

12:2	b9vr				Que faisaient les disciples de Jésus dont les Pharisiens se sont plaints à lui ?	Les Pharisiens se plaignaient que les disciples de Jésus arrachaient des épis de céréales et les mangeaient, ce qui, selon eux, était interdit le jour du sabbat.

12:6	ug3r				Qui, selon Jésus, était plus grand que le temple ?	Jésus a dit qu'il était plus grand que le temple.

12:8	nz6q				Quelle autorité le Fils de l'homme, Jésus, a-t-il ?	Le Fils de l'Homme, Jésus, est le Seigneur du sabbat.

12:10	lthc				Quelle question les pharisiens ont-ils posée à Jésus dans la synagogue devant l'homme à la main desséchée ?	Les Pharisiens demandèrent à Jésus : "Est-il permis de guérir le jour du sabbat" ?

12:12	wtgd				Qu'est-ce que Jésus a dit qu'il était légal de faire le jour du sabbat ?	Jésus a dit qu'il était légal de faire le bien le jour du sabbat.

12:14	ese2				Lorsque les Pharisiens ont vu Jésus guérir l'homme à la main desséchée, qu'ont-ils fait ?	Les Pharisiens sortirent et complotèrent contre lui, cherchant comment ils pourraient le détruire.

12:18	fy8x				Dans la prophétie d'Ésaïe sur Jésus, qui entendrait le jugement de Dieu et aurait confiance en Jésus ?	Les païens entendront le jugement de Dieu et auront confiance en Jésus.

12:19-20	my7x				Dans la prophétie d'Ésaïe sur Jésus, qu'est-ce que Jésus ne ferait pas ?	Jésus ne s'est pas battu, n'a pas crié, n'a pas brisé le roseau cassé, ni éteint le lin qui fume.

12:26	u3mb				Comment Jésus a-t-il répondu à l'accusation selon laquelle il chassait les démons par Belzébuth ?	Jésus a dit que si Satan chasse Satan, alors comment le royaume de Satan pourra-t-il subsister ?

12:28	jfrx				Que disait Jésus s'il chassait les démons par l'Esprit de Dieu ?	Jésus a dit que le royaume de Dieu était venu sur eux s'il chassait les démons par l'Esprit de Dieu.

12:31	j3mo				Quel péché Jésus a-t-il dit qu'il ne serait pas pardonné ?	Jésus a dit que le blasphème contre l'Esprit ne sera pas pardonné.

12:33	kp5v				Par quoi un arbre est-il connu ?	Un arbre est connu par ses fruits.

12:37	uz3e				Par quoi Jésus a-t-il dit que les pharisiens seraient justifiés et condamnés ?	Jésus a dit que les pharisiens seraient justifiés et condamnés par leurs paroles.

12:39-40	glyv				Quel signe Jésus a-t-il dit qu'il donnerait à sa génération ?	Jésus a dit qu'il donnerait à sa génération le signe de Jonas, en étant au cœur de la terre trois jours et trois nuits.

12:41	w241				Qui, selon Jésus, était plus grand que Jonas ?	Jésus a dit qu'il était plus grand que Jonas.

12:41	c6ii				Pourquoi les hommes de Ninive condamneront-ils les gens de la génération de Jésus ?	Les hommes de Ninive condamneront la génération de Jésus parce qu'ils ont écouté la parole de Dieu à travers Jonas, mais la génération de Jésus n'a même pas écouté le Fils de l'homme, qui est plus grand que Jonas.

12:42	nz4k				Qui, selon Jésus, était plus grand que Salomon ?	Jésus a dit qu'il était plus grand que Salomon.

12:43-45	urab				Comment la génération de Jésus sera-t-elle semblable à un homme qui voit un esprit impur s'éloigner de lui ?	La génération de Jésus sera semblable à un homme dont un esprit impur s'éloigne de lui, car l'esprit impur revient avec sept autres esprits et la condition finale de l'homme devient pire que la première.

12:48-50	ibo0				Qui, selon Jésus, sont son frère, sa sœur et sa mère ?	Jésus a dit que ceux qui font la volonté du Père sont son frère, sa sœur et sa mère.

13:4	lc0c				Dans la parabole de Jésus sur le semeur, qu'est-il arrivé à la graine qui est tombée au bord du chemin ?	La graine qui est tombée sur le bord du chemin a été dévorée par les oiseaux.

13:5-6	tuku				Dans la parabole de Jésus sur le semeur, qu'arrive-t-il à la graine qui tombe sur un sol rocailleux ?	La graine qui est tombée sur un sol rocailleux a immédiatement poussé, mais elle a été brûlée par le soleil et s'est desséchée.

13:7	elzi				Dans la parabole de Jésus sur le semeur, qu'est-il arrivé à la graine qui est tombée parmi les épines ?	La graine qui est tombée parmi les plantes à épines a été étouffée par les plantes à épines.

13:8	c99d				Dans la parabole de Jésus sur le semeur, qu'arrive-t-il à la graine qui tombe sur une bonne terre ?	La graine qui tombait sur une bonne terre produisait du grain, certains 100 fois plus, d'autres 60, et d'autres 30.

13:14	bkiz				La prophétie d'Isaïe disait que le peuple entendrait et verrait, mais pas quoi ?	La prophétie d'Isaïe disait que le peuple entendrait, mais ne comprendrait pas ; qu'il verrait, mais ne percevrait pas.

13:15	yyfo				Qu'est-ce qui n'allait pas avec les gens qui ont entendu Jésus mais n'ont pas compris ?	Les personnes qui ont entendu Jésus mais qui n'ont pas compris avaient le cœur terne, l'ouïe lourde et les yeux fermés.

13:19	fldn				Dans la parabole du semeur, quel genre de personne est la graine semée au bord du chemin ?	La graine semée sur le bord du chemin est celle de la personne qui entend la parole du royaume mais ne la comprend pas ; alors le malin vient et arrache ce qui a été semé dans son cœur.

13:20-21	tqa2				Dans la parabole du semeur, quel genre de personne est la graine semée sur le sol rocailleux ?	La graine semée sur le sol rocailleux est la personne qui entend la parole et la reçoit immédiatement avec joie, mais qui trébuche dès que survient la persécution.

13:22	v368				Dans la parabole du semeur, quel genre de personne est la graine semée parmi les plantes épineuses ?	La graine semée parmi les plantes épineuses est la personne qui entend la parole, mais les soucis du monde et la séduction des richesses étouffent la parole.

13:23	xlyu				Dans la parabole du semeur, quel genre de personne est la graine semée sur la bonne terre ?	La graine semée sur la bonne terre est la personne qui entend la parole et la comprend, et qui produit ensuite du fruit.

13:28	jliy				Dans la parabole de l'ivraie, qui a semé l'ivraie dans le champ ?	Un ennemi a semé les mauvaises herbes dans le champ.

13:30	fcka				Quelles instructions le propriétaire foncier a-t-il données aux serviteurs au sujet des mauvaises herbes et du blé ?	Le propriétaire dit aux serviteurs de laisser les deux pousser ensemble jusqu'à la récolte, puis de ramasser les mauvaises herbes pour les brûler et de mettre le blé dans le grenier.

13:31-32	uw30				Dans la parabole de Jésus sur le grain de moutarde, qu'arrive-t-il au petit grain de moutarde ?	La graine de moutarde devient un arbre plus grand que les plantes du jardin, de sorte que les oiseaux nichent dans ses branches.

13:33	f6ro				Comment Jésus a-t-il dit que le royaume des cieux était comme de la levure ?	Jésus a dit que le royaume des cieux était semblable à du levain que l'on mélange à trois mesures de farine jusqu'à ce qu'il lève.

13:37-39	m71l				Dans la parabole de l'ivraie, qui sème la bonne graine, quel est le champ, qui est la bonne graine, qui sont les mauvaises herbes, et qui a semé les mauvaises herbes ?	Le semeur de la bonne semence est le Fils de l'homme ; le champ est le monde ; la bonne semence sont les fils du royaume ; l'ivraie sont les fils du malin, et le semeur de l'ivraie est le diable.

13:39	w09v				Dans la parabole de l'ivraie, qui sont les moissonneurs et que représente la récolte ?	Les moissonneurs sont les anges, et la récolte est la fin du monde.

13:42	yrex				Qu'arrive-t-il à la fin du monde à ceux qui commettent l'iniquité ?	À la fin du monde, ceux qui commettent l'iniquité sont jetés dans la fournaise de feu.

13:43	g76c				Qu'arrive-t-il à la fin du monde à ceux qui sont justes ?	À la fin du monde, les justes brillent comme le soleil.

13:44	foh7				Dans la parabole de Jésus, que fait l'homme qui trouve dans un champ le trésor, qui représente le royaume des cieux ?	L'homme qui trouve le trésor vend tout ce qu'il possède et achète le champ.

13:45-46	qu33				Dans la parabole de Jésus, que fait l'homme qui trouve la seule perle de grande valeur, qui représente le royaume des cieux ?	L'homme qui trouve la seule perle de grande valeur vend tout ce qu'il possède et l'achète.

13:47-48	oy9w				En quoi la parabole du filet de pêche ressemble-t-elle à ce qui se passera à la fin du monde ?	Tout comme les choses sans valeur du filet étaient séparées des bonnes et jetées, à la fin du monde, les méchants seront séparés des justes et jetés dans la fournaise.

13:54	ra3l				Quelle question les gens de sa propre région ont-ils posée à propos de Jésus lorsqu'ils l'ont entendu enseigner ?	Les gens demandaient : "D'où cet homme tient-il sa sagesse et ces miracles" ?

13:57	q0bi				Selon Jésus, qu'arrive-t-il à un prophète dans son propre pays ?	Jésus a dit qu'un prophète est sans honneur dans son propre pays.

13:58	ghor				Que s'est-il passé dans la région de Jésus à cause de l'incrédulité des gens ?	À cause de l'incrédulité des gens, Jésus n'a pas fait beaucoup de miracles dans sa propre région.

14:2	ebi1				Pour Hérode, qui était Jésus ?	Hérode pensait que Jésus était Jean le Baptiste ressuscité des morts.

14:4	y1zc				Qu'est-ce qu'Hérode avait fait d'illégal, et dont Jean Baptiste lui avait parlé ?	Hérode avait épousé la femme de son frère.

14:5	frn8				Pourquoi Hérode n'a-t-il pas immédiatement mis à mort Jean le Baptiste ?	Hérode n'a pas immédiatement mis à mort Jean le Baptiste parce qu'il craignait le peuple, qui considérait Jean comme un prophète.

14:7	hktz				Qu'a fait Hérode après que la fille d'Hérodias ait dansé pour lui le jour de son anniversaire ?	Hérode promit avec serment de donner à la fille d'Hérodias tout ce qu'elle demanderait.

14:8	u0vg				Car que demandait la fille d'Hérodias ?	Pour faire plaisir à sa mère, elle a demandé la tête de Jean-Baptiste sur un plateau.

14:9	cly0				Pourquoi Hérode a-t-il donné sa demande à la fille d'Hérodias ?	Hérode a accédé à la demande de la jeune fille à cause de son serment et à cause de toutes les personnes qui dînaient avec lui.

14:14	vv61				Quelle a été la réaction de Jésus lorsqu'il a vu la grande foule qui le suivait ?	Jésus a eu pitié d'eux et a guéri leurs malades.

14:16	dwt7				Qu'est-ce que Jésus a demandé à ses disciples de faire pour la foule ?	Jésus a mis ses disciples au défi de donner à la foule quelque chose à manger.

14:19	tk14				Qu'a fait Jésus avec les cinq pains et les deux poissons que les disciples lui ont apportés ?	Jésus lève les yeux au ciel, bénit et rompt les pains et les donne aux disciples pour qu'ils les distribuent à la foule.

14:20-21	a6ku				Combien de personnes ont mangé, et combien de nourriture est restée ?	Environ cinq mille hommes ont mangé, plus les femmes et les enfants, et il restait douze paniers.

14:23	hjy8				Qu'a fait Jésus après avoir renvoyé la foule ?	Jésus est monté sur la montagne pour prier seul.

14:24	bcil				Que se passait-il avec les disciples au milieu de la mer ?	Le bateau des disciples était presque incontrôlable à cause du vent et des vagues.

14:25	abkd				Comment Jésus est-il allé vers les disciples ?	Jésus est allé vers les disciples en marchant sur l'eau.

14:27	mnxr				Qu'a dit Jésus aux disciples lorsqu'ils l'ont vu ?	Jésus a dit à ses disciples d'être courageux et de ne pas avoir peur.

14:29	q6ro				Qu'est-ce que Jésus a dit à Pierre de venir faire ?	Jésus a dit à Pierre de venir et de marcher sur l'eau.

14:30	flxj				Pourquoi Pierre a-t-il commencé à s'enfoncer dans l'eau ?	Pierre a commencé à s'enfoncer dans l'eau lorsqu'il a eu peur.

14:32	uxbd				Que s'est-il passé lorsque Jésus et Pierre sont montés dans la barque ?	Lorsque Pierre et Jésus sont montés dans la barque, le vent a cessé de souffler.

14:33	gme8				Qu'ont fait les disciples quand ils ont vu cela ?	Quand les disciples ont vu cela, ils ont adoré Jésus et ont dit qu'il était le Fils de Dieu.

14:35	ha1b				Qu'ont fait les gens quand Jésus et les disciples sont arrivés de l'autre côté de la mer ?	Lorsque Jésus et les disciples arrivèrent sur l'autre rive de la mer, les gens amenèrent à Jésus tous les malades.

15:4-6	kbm1				Quel exemple Jésus a-t-il donné de la manière dont les pharisiens ont rendu nulle la parole de Dieu par leurs traditions ?	Les Pharisiens empêchaient les enfants d'aider leurs parents en considérant l'argent comme un "don fait à Dieu".

15:7-8	amuf				Qu'est-ce qu'Ésaïe a prophétisé sur les lèvres et le cœur des pharisiens ?	Esaïe a prophétisé que les pharisiens honoreraient Dieu avec leurs lèvres, mais que leur cœur serait loin de Dieu.

15:9	dg7a				Au lieu d'enseigner la parole de Dieu, qu'est-ce que les pharisiens enseignaient comme doctrine ?	Les pharisiens enseignaient comme des doctrines les commandements des gens.

15:11	yxv2				Qu'est-ce que Jésus a dit qui ne souille pas une personne ?	Jésus a dit que ce qu'une personne mange ne la souille pas.

15:11	byim				Qu'est-ce qui, selon Jésus, souille une personne ?	Jésus a dit que ce qui sort de la bouche d'une personne la souille.

15:14	xiwl				Comment Jésus a-t-il appelé les pharisiens, et qu'a-t-il dit qu'il leur arriverait ?	Jésus a traité les Pharisiens de guides aveugles et a dit qu'ils allaient tomber dans une fosse.

15:19	yur6				Quelles sont les choses qui viennent du cœur et qui souillent une personne ?	Du cœur partent les mauvaises pensées, le meurtre, l'adultère, l'immoralité sexuelle, le vol, le faux témoignage et les insultes.

15:23	watr				Qu'a fait Jésus au début, lorsque la Cananéenne a crié à la pitié ?	Jésus ne lui répondit pas un mot.

15:24	xjgb				Comment Jésus explique-t-il qu'il n'aide pas la Cananéenne ?	Jésus a expliqué qu'il avait été envoyé uniquement aux brebis perdues de la maison d'Israël.

15:28	zncr				Lorsque la femme cananéenne s'est humiliée, qu'est-ce que Jésus lui a dit et a fait pour elle ?	Jésus dit que la femme avait une grande foi, et il lui a accordé sa demande.

15:30-31	e7j2				Qu'a fait Jésus pour les grandes foules qui venaient à lui en Galilée ?	Jésus a guéri le muet, l'infirme, le boiteux et l'aveugle.

15:34	wkwe				Combien de pains et de poissons les disciples avaient-ils pour nourrir la foule ?	Les disciples avaient sept pains et quelques petits poissons.

15:36	ewi3				Qu'a fait Jésus avec les pains et les poissons ?	Jésus prit les pains et les poissons, rendit grâce, rompit les pains et les donna à ses disciples.

15:37	hcz5				Combien de nourriture restait-il après que tout le monde ait mangé ?	Il restait sept paniers pleins après que tout le monde ait mangé.

15:38	uge9				Combien de personnes ont mangé et ont été rassasiées par les pains et les poissons ?	Il y avait 4 000 hommes, plus les femmes et les enfants, qui ont mangé et ont été satisfaits.

16:1	vx8n				Qu'est-ce que les Pharisiens et les Sadducéens voulaient voir de Jésus comme test ?	Les Pharisiens et les Sadducéens voulaient voir un signe du ciel de la part de Jésus.

16:4	bum4				Qu'est-ce que Jésus a dit qu'il donnerait aux Pharisiens et aux Sadducéens ?	Jésus a dit qu'il donnerait aux Pharisiens et aux Sadducéens le signe de Jonas.

16:6	i9u9				De quoi Jésus a-t-il dit à ses disciples de se méfier ?	Jésus a dit à ses disciples de se méfier du levain des pharisiens et des sadducéens.

16:12	yvi6				De quoi Jésus parlait-il en réalité lorsqu'il a dit à ses disciples de se méfier ?	Jésus disait à ses disciples de se méfier de l'enseignement des pharisiens et des sadducéens.

16:13	x5ip				Quelle question Jésus a-t-il posée à ses disciples lorsqu'ils sont arrivés à Césarée de Philippe ?	Jésus a demandé à ses disciples : "Qui dit-on que le Fils de l'homme est ?"

16:14	v2a7				Qui certaines personnes pensaient que Jésus était ?	Certaines personnes pensaient que Jésus était Jean le Baptiste, ou Elie, ou Jérémie, ou l'un des prophètes.

16:16	qv7b				Quelle réponse Pierre a-t-il donnée à la question de Jésus ?	Pierre répondit : "Tu es le Christ, le Fils du Dieu vivant".

16:17	sl62				Comment Pierre a-t-il su la réponse à la question de Jésus ?	Pierre connaissait la réponse à la question de Jésus parce que le Père la lui avait révélée.

16:19	fng0				Quelle autorité Jésus a-t-il donnée à Pierre sur terre ?	Jésus a donné à Pierre les clés du royaume, afin qu'il puisse lier et délier sur la terre et que cela soit lié ou délié au ciel.

16:21	mmxe				À ce moment-là, qu'est-ce que Jésus a commencé à dire clairement à ses disciples ?	Jésus commença à dire à ses disciples qu'il devait aller à Jérusalem, souffrir beaucoup, être tué et ressusciter le troisième jour.

16:23	e8xh				Qu'a dit Jésus à Pierre lorsque celui-ci s'est opposé à ce que Jésus décrivait comme devant lui arriver ?	Jésus a dit à Pierre : "Va derrière moi, Satan" !

16:24	wd7b				Que doit faire celui qui veut suivre Jésus ?	Quiconque veut suivre Jésus doit renoncer à lui-même et se charger de sa croix.

16:26	jnyf				Qu'est-ce que Jésus a dit qui ne profite pas à l'homme ?	Jésus a dit qu'il ne sert à rien à un homme de gagner le monde entier, mais qu'il y perd sa vie.

16:27	cure				Comment Jésus a-t-il dit que le Fils de l'homme viendra ?	Jésus a dit que le Fils de l'homme viendrait dans la gloire de son Père avec ses anges.

16:27	sylj				Comment le Fils de l'homme récompensera-t-il chaque personne lorsqu'il viendra ?	Le Fils de l'homme récompensera chaque personne selon ses actes lorsqu'il viendra.

16:28	nghg				Qui, selon Jésus, verra le Fils de l'homme venir dans son royaume ?	Jésus a dit que certains qui se tenaient là avec lui verraient le Fils de l'homme venir dans son royaume.

17:1	q7ru				Qui a accompagné Jésus sur une haute montagne ?	Pierre, Jacques et Jean sont allés avec Jésus sur une haute montagne.

17:2	yg8q				Qu'est-il arrivé à l'apparition de Jésus sur la montagne ?	Jésus fut transfiguré de telle sorte que son visage resplendit comme le soleil, et que ses vêtements furent aussi brillants que la lumière.

17:3	nitm				Qui est apparu et a parlé avec Jésus ?	Moïse et Elie sont apparus et ont parlé avec Jésus.

17:4	v3qc				Qu'est-ce que Pierre a proposé de faire ?	Pierre a proposé de fabriquer trois tentes pour les trois hommes.

17:5	cehi				Qu'a dit la voix sortant du nuage ?	La voix sortant de la nuée dit : "Celui-ci est mon Fils bien-aimé, en qui j'ai mis toute mon affection ; écoutez-le".

17:9	ys0n				Qu'a ordonné Jésus aux disciples alors qu'ils descendaient de la montagne ?	Jésus a ordonné aux disciples de ne rapporter leur vision à personne avant que le Fils de l'homme ne soit ressuscité des morts.

17:11	hh3s				Que dit Jésus à propos de l'enseignement des scribes selon lequel Élie doit venir en premier ?	Jésus a dit qu'Élie viendra effectivement et restaurera toutes choses.

17:12-13	b201				Qui, selon Jésus, était l'Élie qui était déjà venu, et qu'est-ce qu'on lui avait fait ?	Jésus a dit que Jean le Baptiste était l'Élie qui était déjà venu, et qu'ils lui avaient fait ce qu'ils voulaient.

17:14-16	mwmx				Qu'est-ce que les disciples avaient pu faire pour le garçon épileptique ?	Les disciples n'avaient pas réussi à guérir le garçon épileptique.

17:18	hwbh				Qu'a fait Jésus pour le garçon épileptique ?	Jésus a réprimandé le démon, et le garçon a été guéri dès cette heure-là.

17:20	rjef				Pourquoi les disciples n'ont-ils pas réussi à guérir le garçon épileptique ?	Jésus dit qu'à cause de leur petite foi, ils n'ont pas pu guérir le garçon épileptique.

17:22-23	nmem				Qu'est-ce que Jésus a dit à ses disciples qui les a rendus très tristes ?	Jésus a dit à ses disciples qu'il serait livré aux mains de personnes qui le tueraient, et qu'il ressusciterait le troisième jour.

17:27	ts45				Comment Pierre et Jésus ont-ils payé la taxe d'un demi-shekel ?	Jésus dit à Pierre d'aller à la mer, d'y jeter un hameçon et d'attirer le premier poisson qui remontera, qui aura dans sa bouche un sicle pour la taxe.

18:3	j2hf				Qu'est-ce que Jésus a dit que nous devons faire pour entrer dans le royaume des cieux ?	Jésus a dit que nous devons nous repentir et devenir comme des petits enfants pour entrer dans le royaume des cieux.

18:4	pbu6				Qui, selon Jésus, est le plus grand dans le royaume des cieux ?	Jésus a dit que celui qui s'humilie comme un petit enfant est le plus grand dans le royaume des cieux.

18:6	dvkq				Qu'arrive-t-il à celui qui fait pécher un petit qui croit en Jésus ?	Celui qui fait pécher un petit qui croit en Jésus serait mieux si on lui suspendait une meule au cou et qu'on le faisait couler dans la mer.

18:8	s62c				Qu'est-ce que Jésus a dit que nous devons faire avec tout ce qui nous fait trébucher ?	Jésus a dit que nous devons jeter tout ce qui nous fait trébucher.

18:10	dwup				Pourquoi Jésus a-t-il dit que nous ne devons pas mépriser les petits ?	Nous ne devons pas mépriser les petits, car leurs anges regardent toujours la face du Père.

18:12-14	uws4				En quoi la personne qui cherche la seule brebis perdue est-elle semblable au Père qui est aux cieux ?	Ce n'est pas non plus la volonté du Père que l'un des petits périsse.

18:15	jkzm				Si votre frère pèche contre vous, quelle est la première chose que vous devez faire ?	D'abord, vous devriez aller lui montrer sa faute entre vous et lui seul.

18:16	tg7u				Si votre frère n'écoute pas, quelle est la deuxième chose que vous devez faire ?	Deuxièmement, tu dois prendre avec toi un ou deux autres frères comme témoins.

18:17	d8l4				Si votre frère n'écoute toujours pas, quelle est la troisième chose que vous devez faire ?	Troisièmement, vous devez en parler à l'église.

18:17	g0vs				Si votre frère ne veut toujours pas écouter, que faire ?	Enfin, s'il ne veut pas écouter l'église, il doit être traité comme un païen et un collecteur d'impôts.

18:20	dpa4				Qu'a promis Jésus lorsque deux ou trois personnes sont réunies en son nom ?	Jésus a promis d'être au milieu de deux ou trois personnes réunies en son nom.

18:21-22	lear				Combien de fois Jésus a-t-il dit que nous devions pardonner à notre frère ?	Jésus a dit que nous devions pardonner à notre frère 70 fois 7 fois.

18:24-25	y6zx				Que devait le serviteur à son maître, et pouvait-il le lui rendre ?	Le serviteur devait à son maître 10 000 talents, qu'il ne pouvait pas rembourser.

18:27	m810				Pourquoi le maître a-t-il remis sa dette au serviteur ?	Le maître fut ému de compassion et remit au serviteur sa dette.

18:30	wp50				Que fait le serviteur avec son compagnon de service qui lui doit cent deniers ?	Le serviteur refuse d'être patient et jette son compagnon de service en prison.

18:33	y07y				Qu'est-ce que le maître a dit au serviteur qu'il aurait dû faire avec son compagnon de service ?	Le maître a dit au serviteur qu'il aurait dû avoir pitié de son compagnon de service.

18:34	ev6y				Que fit alors le maître au serviteur ?	Le maître livrait le serviteur aux tortionnaires jusqu'à ce qu'il paie tout ce qui lui était dû.

18:35	epl6				Qu'est-ce que Jésus a dit que le Père fera si nous ne pardonnons pas notre frère de tout notre cœur ?	Jésus a dit que le Père nous fera comme le maître a fait au serviteur si nous ne pardonnons pas notre frère du fond du cœur.

19:3	upfq				Quelle question les Pharisiens ont-ils posée à Jésus pour le tester ?	Les pharisiens demandèrent à Jésus : "Est-il permis à un homme de répudier sa femme pour quelque motif que ce soit ?"

19:4	h71o				Qu'est-ce que Jésus a dit qui était vrai depuis le début de la création ?	Jésus a dit que, dès le début de la création, Dieu les avait faits homme et femme.

19:5	f48m				En raison de la façon dont Dieu les a faits homme et femme, qu'est-ce que Jésus a dit qu'un homme devait faire ?	Jésus a dit que l'homme doit quitter son père et sa mère et s'attacher à sa femme.

19:5-6	jim7				Qu'est-ce que Jésus a dit qu'il se passe quand le mari s'unit à sa femme ?	Jésus a dit que lorsqu'un mari s'unit à sa femme, les deux deviennent une seule chair.

19:6	pcrs				Qu'est-ce que Jésus a dit que l'homme ne devait pas faire de ce que Dieu a uni ?	Jésus a dit que l'homme ne doit pas déchirer ce que Dieu a uni.

19:7-8	w0b2				Pourquoi Jésus a-t-il dit que Moïse avait ordonné des certificats de divorce ?	Jésus a dit que Moïse avait ordonné des certificats de divorce à cause de la dureté du cœur des Juifs.

19:9	gln0				Qui, selon Jésus, commet l'adultère ?	Jésus a dit que quiconque répudie sa femme, sauf pour fornication, et en épouse une autre commet un adultère, et que l'homme qui épouse une femme divorcée commet un adultère.

19:10-12	zws5				Qui, selon Jésus, pourrait accepter d'être un eunuque ?	Jésus a dit que ceux qui sont autorisés à l'accepter peuvent accepter d'être un eunuque.

19:13	cmel				Qu'ont fait les disciples lorsque des petits enfants ont été amenés à Jésus ?	Lorsque des petits enfants ont été amenés à Jésus, les disciples les ont réprimandés.

19:14	sme3				Qu'a dit Jésus en voyant les petits enfants ?	Jésus a dit de laisser venir les petits enfants, car c'est à ceux-là qu'appartient le royaume des cieux.

19:16-17	i057				Qu'est-ce que Jésus a dit au jeune homme qu'il devait faire pour entrer dans la vie éternelle ?	Jésus a dit à l'homme de garder les commandements pour entrer dans la vie éternelle.

19:20-21	lrcn				Quand le jeune homme a dit qu'il avait gardé les commandements, qu'est-ce que Jésus lui a dit de faire ?	Quand le jeune homme a dit qu'il avait gardé les commandements, Jésus lui a dit de vendre ce qu'il avait et de le donner aux pauvres.

19:22	xq1c				Comment le jeune homme a-t-il répondu au commandement de Jésus de vendre ce qu'il avait ?	Le jeune homme s'en alla tout triste parce qu'il avait de grands biens.

19:26	d7c1				Qu'a dit Jésus sur la possibilité pour un homme riche d'entrer dans le royaume des cieux ?	Jésus a dit qu'avec les hommes, tout est impossible, mais qu'avec Dieu, tout est possible.

19:28	cw1n				Quelle récompense Jésus a-t-il promis à ses disciples qui l'avaient suivi ?	Jésus a promis à ses disciples que dans la nouvelle naissance, ils seraient assis sur 12 trônes, jugeant les 12 tribus d'Israël.

19:30	rna9				Qu'a dit Jésus à propos de ceux qui sont les premiers maintenant et ceux qui sont les derniers maintenant ?	Jésus a dit que ceux qui sont les premiers maintenant seront les derniers, et que ceux qui sont les derniers maintenant seront les premiers.

20:1-2	wh43				Combien le propriétaire foncier a-t-il accepté de payer les ouvriers qu'il a embauchés tôt le matin ?	Le propriétaire accepte de payer un denier par jour aux ouvriers embauchés tôt le matin.

20:4	qu3w				Combien le propriétaire a-t-il dit qu'il paierait les ouvriers qu'il a embauchés la troisième heure ?	Le propriétaire du terrain a dit qu'il leur paierait ce qui est juste.

20:9	q74p				Combien ont reçu les travailleurs qui ont été embauchés à la onzième heure ?	Les ouvriers embauchés à la onzième heure ont reçu un denier.

20:11-12	ay0a				De quoi se plaignaient les ouvriers qui étaient embauchés tôt le matin ?	Ils se sont plaints d'avoir travaillé toute la journée, mais d'avoir reçu le même salaire que ceux qui ont travaillé une heure.

20:13-14	u4vf				Comment le propriétaire a-t-il répondu à la plainte des travailleurs ?	Le propriétaire a déclaré qu'il n'avait fait aucun tort aux travailleurs et qu'il leur avait payé ce qui leur appartenait.

20:17-19	ley8				Quels sont les événements dont Jésus a parlé à l'avance à ses disciples alors qu'ils montaient à Jérusalem ?	Jésus a dit à ses disciples qu'il serait livré aux grands prêtres et aux scribes, condamné à mort, crucifié et ressuscité le troisième jour.

20:20-21	ce1w				Quelle demande la mère des fils de Zébédée avait-elle pour Jésus ?	Elle voulait que Jésus ordonne que ses deux fils soient assis à sa droite et à sa gauche dans son royaume.

20:23	xm2k				Qui, selon Jésus, a déterminé qui serait assis à sa droite et à sa gauche dans son royaume ?	Jésus a dit que le Père a préparé ces lieux pour ceux qu'il a choisis.

20:26	uvlv				Comment Jésus a-t-il dit que l'on pouvait être grand parmi ses disciples ?	Jésus a dit que celui qui veut devenir grand doit être un serviteur.

20:28	i680				Pourquoi Jésus a-t-il dit qu'il était venu ?	Jésus a dit qu'il était venu pour servir et donner sa vie en rançon pour beaucoup.

20:30	p39w				Que firent les deux aveugles qui étaient assis au bord de la route lorsque Jésus passa ?	Les deux aveugles s'écrient : "Seigneur, Fils de David, aie pitié de nous".

20:34	mxpe				Pourquoi Jésus a-t-il guéri les deux aveugles ?	Jésus a guéri les deux aveugles parce qu'il était ému de compassion.

21:2	bydy				Qu'est-ce que Jésus a dit que ses deux disciples trouveraient dans le village en face d'eux ?	Jésus dit qu'ils trouveront une ânesse attachée, et un ânon avec elle.

21:4-5	hb5j				Qu'avait prédit un prophète à propos de cet événement ?	Un prophète a prédit que le Roi viendrait sur un âne, et sur un ânon.

21:8	a9sc				Qu'est-ce que la foule a fait à la route de Jérusalem que Jésus a empruntée ?	La plupart des gens de la foule étendirent leurs vêtements de dessus sur la route, et d'autres répandirent des branches d'arbres sur la route.

21:9	jb0b				Qu'est-ce que la foule a crié lorsque Jésus est parti ?	La foule criait : "Hosanna au fils de David, béni soit celui qui vient au nom du Seigneur, hosanna au plus haut des cieux".

21:12	g1ap				Qu'a fait Jésus lorsqu'il est entré dans le temple de Dieu à Jérusalem ?	Jésus a chassé tous ceux qui achetaient et vendaient dans le temple, il a renversé les tables des changeurs et les sièges de ceux qui vendaient des pigeons.

21:13	j9me				Qu'est-ce que Jésus a dit que les marchands avaient fait du temple de Dieu ?	Jésus a dit que les marchands avaient fait du temple de Dieu une caverne de voleurs.

21:15-16	ekwk				Lorsque les chefs des prêtres et les scribes se sont opposés à ce que les enfants criaient sur Jésus, que leur a répondu Jésus ?	Jésus a cité le prophète qui a dit que c'est de la bouche des enfants et des nourrissons que Dieu a fait sortir la louange.

21:18-19	vx5n				Qu'est-ce que Jésus a fait au figuier, et pourquoi ?	Jésus a fait sécher le figuier parce qu'il n'avait pas de fruits.

21:20-22	occs				Qu'est-ce que Jésus a enseigné à ses disciples sur la prière à partir du dessèchement du figuier ?	Jésus a enseigné à ses disciples que s'ils demandaient en prière tout en croyant, ils recevraient.

21:23	a13v				Pendant que Jésus enseignait, sur quoi les chefs des prêtres et les anciens l'ont-ils interrogé ?	Les chefs des prêtres et les anciens voulaient savoir par quelle autorité Jésus faisait ces choses.

21:25	u65g				Quelle question Jésus a-t-il posée en retour aux chefs des prêtres et aux anciens ?	Jésus leur demanda s'ils pensaient que le baptême de Jean le Baptiste venait du ciel ou des hommes.

21:25	efdz				Pourquoi les chefs des prêtres et les scribes ne voulaient-ils pas répondre que le baptême de Jean venait du ciel ?	Ils savaient que Jésus leur demanderait alors pourquoi ils ne croyaient pas Jean.

21:26	z8vl				Pourquoi les chefs des prêtres et les scribes ne voulaient-ils pas répondre que le baptême de Jean venait des hommes ?	Ils craignaient la foule, qui tenait Jean pour un prophète.

21:28-29	hzq0				Dans l'histoire des deux fils de Jésus, que fait le premier fils quand on lui dit de travailler à la vigne ?	Le premier fils a dit qu'il n'irait pas, mais il a changé d'avis et y est allé.

21:30	a2p2				Qu'a fait le deuxième fils quand on lui a dit de travailler à la vigne ?	Le deuxième fils a dit qu'il irait, mais il n'est pas allé.

21:31	cp5g				Lequel des deux fils a fait la volonté du père ?	Le premier fils.

21:31-32	o00x				Pourquoi Jésus a-t-il dit que les collecteurs d'impôts et les prostituées entraient dans le royaume de Dieu avant les chefs des prêtres et les scribes ?	Jésus a dit qu'ils entraient dans le royaume parce qu'ils croyaient Jean, mais les chefs des prêtres et les scribes ne croyaient pas Jean.

21:35-36	bdwj				Que faisaient les vignerons aux serviteurs que le propriétaire envoyait chercher son raisin ?	Les vignerons battaient, tuaient et lapidaient les serviteurs.

21:37	p7ww				Qui le propriétaire a-t-il finalement envoyé chez les vignerons ?	Le propriétaire a finalement envoyé son propre fils.

21:38-39	uvk8				Qu'ont fait les vignerons à la personne que le propriétaire a envoyée en dernier ?	Les vignerons ont tué le fils du propriétaire.

21:40-41	sgs8				Qu'est-ce que le peuple a dit que le propriétaire devait faire ?	Les gens disaient que le propriétaire devait détruire les premiers vignerons et ensuite louer à d'autres vignerons qui paieraient.

21:42	o8w1				Dans les Écritures que Jésus a ensuite citées, qu'arrive-t-il à la pierre que les bâtisseurs rejettent ?	La pierre que les bâtisseurs ont rejetée est devenue la pierre angulaire.

21:43	j3da				D'après l'Écriture que Jésus a citée, qu'a-t-il dit qu'il arriverait ?	Jésus a dit que le royaume de Dieu serait enlevé aux chefs des prêtres et aux pharisiens, et qu'il serait donné à une nation qui porte ses fruits.

21:46	hwd4				Pourquoi les chefs des prêtres et les pharisiens n'ont-ils pas immédiatement imposé les mains à Jésus ?	Ils avaient peur de la foule, car le peuple considérait Jésus comme un prophète.

22:5-6	mrha				Que firent les personnes invitées aux noces du fils du roi lorsque les serviteurs du roi apportèrent l'invitation ?	Certains n'ont pas pris l'invitation au sérieux et ont vaqué à leurs occupations, d'autres ont porté la main sur les serviteurs du roi et les ont tués.

22:7	vjyo				Qu'a fait le roi aux premiers invités au festin des noces ?	Le roi a envoyé ses armées, a tué ces meurtriers et a brûlé leur ville.

22:9-10	pfst				Qui le roi a-t-il ensuite invité à la fête de mariage ?	Le roi invita alors autant de personnes que ses serviteurs purent trouver, qu'elles soient bonnes ou mauvaises.

22:13	zdgl				Qu'a fait le roi à l'homme qui est venu au festin sans vêtement de noces ?	Le roi l'a fait attacher et jeter dans les ténèbres.

22:15	a2xx				Que tentaient de faire les Pharisiens à Jésus ?	Les Pharisiens essayaient de piéger Jésus dans son propre discours.

22:17	tavb				Quelle question les disciples des Pharisiens ont-ils posée à Jésus ?	Ils demandèrent à Jésus s'il était licite ou non de payer des impôts à César.

22:21	o4ol				Comment Jésus a-t-il répondu à la question des disciples des Pharisiens ?	Jésus a dit de donner à César ce qui est à César, et à Dieu ce qui est à Dieu.

22:23	f1ch				Quelle croyance les Sadducéens avaient-ils au sujet de la résurrection ?	Les Sadducéens croyaient qu'il n'y avait pas de résurrection.

22:26-27	hb95				Dans l'histoire des Sadducéens, combien de maris la femme a-t-elle eus ?	Cette femme a eu sept maris.

22:29	kay8				Quelles sont les deux choses que Jésus a dit que les sadducéens ne savaient pas ?	Jésus a dit que les sadducéens ne connaissaient pas les Écritures ni la puissance de Dieu.

22:30	bwx9				Qu'a dit Jésus sur le mariage dans la résurrection ?	Jésus a dit que dans la résurrection, il n'y a pas de mariage.

22:32	sbnq				Comment Jésus a-t-il montré, à partir des Écritures, qu'il y a une résurrection ?	Jésus a cité les Écritures où Dieu dit qu'il est le Dieu d'Abraham, d'Isaac et de Jacob - le Dieu des vivants.

22:36	v6nm				Quelle question le juriste pharisien a-t-il posée à Jésus ?	Le juriste demande à Jésus quel est le plus grand commandement de la loi.

22:37-38	mmi8				Quel est, selon Jésus, le grand et premier commandement ?	Jésus a dit que le grand et premier commandement était d'aimer le Seigneur ton Dieu de tout ton cœur, de toute ton âme et de tout ton esprit.

22:39	hd9d				Qu'est-ce que Jésus a dit être le deuxième commandement ?	Jésus a dit que le deuxième commandement était d'aimer son prochain comme soi-même.

22:42	hps5				Quelle question Jésus a-t-il posée aux Pharisiens ?	Jésus leur a demandé qui est le fils du Christ.

22:42	hsuj				Quelle réponse les Pharisiens ont-ils donnée à Jésus ?	Les Pharisiens ont dit que le Christ était le fils de David.

22:45	rsdv				Quelle est la deuxième question que Jésus a ensuite posée aux Pharisiens ?	Jésus leur demande alors comment David peut appeler son fils, le Christ, Seigneur.

22:46	n9o9				Quelle réponse les Pharisiens ont-ils donnée à Jésus ?	Les pharisiens n'ont pas été capables de répondre à Jésus par un mot.

23:2-3	cak5				Puisque les scribes et les pharisiens étaient assis sur le siège de Moïse, qu'est-ce que Jésus a dit aux gens de faire avec leur enseignement ?	Jésus a dit au peuple de faire et d'observer les choses que les scribes et les pharisiens enseignaient du siège de Moïse.

23:3	zftb				Pourquoi Jésus a-t-il dit que les gens ne devaient pas imiter les actions des scribes et des pharisiens ?	Jésus a dit qu'il ne fallait pas imiter leurs actes parce qu'ils disent des choses mais ne les font pas.

23:5	byyu				Dans quel but les scribes et les pharisiens ont-ils accompli toutes leurs actions ?	Les scribes et les pharisiens ont fait toutes leurs actions pour être vus par les gens.

23:8-10	gnun				Qui, selon Jésus, est notre seul Père et notre seul maître ?	Jésus a dit que notre seul Père est celui qui est dans les cieux, et que notre seul maître est le Christ.

23:12	j3tg				Que fera Dieu à celui qui s'élève, et à celui qui s'abaisse ?	Dieu humiliera celui qui s'élève et élèvera celui qui s'abaisse.

23:13-15	jrqj				Quel nom Jésus a-t-il donné à plusieurs reprises aux scribes et aux pharisiens pour décrire leur comportement ?	Jésus a traité à plusieurs reprises les scribes et les pharisiens d'hypocrites.

23:15	iwrs				Lorsque les scribes et les pharisiens ont fait un nouveau converti, de qui était-il le fils ?	Quand les scribes et les pharisiens faisaient un nouveau converti, il était deux fois plus fils de l'enfer qu'eux.

23:16-17	yilh				En ce qui concerne le fait d'être lié par des serments, qu'a dit Jésus à propos des enseignements des scribes et des pharisiens ?	Jésus a dit que les scribes et les pharisiens étaient des guides aveugles et des fous aveugles.

23:23	ep2a				Même s'ils avaient prélevé la dîme de la menthe, de l'aneth et du cumin, qu'est-ce que les scribes et les pharisiens avaient omis de faire ?	Les scribes et les pharisiens n'avaient pas fait ce qui était le plus important dans la loi - la justice, la miséricorde et la foi.

23:25-26	atfn				Qu'est-ce que les scribes et les pharisiens n'avaient pas réussi à nettoyer ?	Les scribes et les pharisiens n'avaient pas nettoyé l'intérieur de leur coupe, donc l'extérieur pouvait aussi être propre.

23:28	di7v				De quoi les scribes et les pharisiens étaient-ils pleins à l'intérieur ?	Les scribes et les pharisiens étaient pleins d'hypocrisie et d'anarchie.

23:29-31	max5				Qu'avaient fait les pères des scribes et des pharisiens aux prophètes de Dieu ?	Les pères des scribes et des pharisiens avaient tué les prophètes de Dieu.

23:33	aird				Quel jugement les scribes et les pharisiens allaient-ils subir ?	Les scribes et les pharisiens allaient subir le jugement de l'enfer.

23:34	ltnn				Qu'est-ce que Jésus a dit que les scribes et les pharisiens feraient aux prophètes, aux sages et aux scribes qu'il leur enverrait ?	Jésus a dit qu'ils tueraient et crucifieraient certains, qu'ils en fouetteraient d'autres et qu'ils en poursuivraient certains de ville en ville.

23:35	zix0				En raison de leur comportement, quel sentiment de culpabilité allait s'abattre sur les scribes et les pharisiens ?	La culpabilité de tout le sang juste versé sur la terre retomberait sur les scribes et les pharisiens.

23:36	dwou				A quelle génération Jésus a-t-il dit que toutes ces choses arriveraient ?	Jésus a dit que toutes ces choses arriveraient à cette génération.

23:37	zvar				Quel désir Jésus avait-il pour les enfants de Jérusalem, et pourquoi ne s'est-il pas réalisé ?	Jésus voulait rassembler les enfants de Jérusalem, mais ils ne voulaient pas se mettre d'accord.

23:38	qe8d				Comment la maison de Jérusalem serait-elle maintenant laissée ?	La maison de Jérusalem serait désormais laissée à l'abandon.

24:2	rqog				Qu'est-ce que Jésus a prophétisé concernant le temple de Jérusalem ?	Jésus a prophétisé qu'il ne resterait pas une pierre du temple sur une autre qui ne serait pas démolie.

24:3	pn60				Après avoir entendu la prophétie sur le temple, qu'ont demandé les disciples à Jésus ?	Les disciples demandèrent à Jésus quand ces choses allaient se produire, et quel serait le signe de sa venue et de la fin du monde ?

24:5	gjxz				Quelle est l'action des personnes dont Jésus a dit qu'elles égareraient beaucoup de monde ?	Jésus a dit que beaucoup viendraient en disant qu'ils sont le Christ, égarant beaucoup de gens.

24:6-8	v9o3				Quels sont les événements qui, selon Jésus, marqueront le début des douleurs de la naissance ?	Jésus a dit que les guerres, les famines et les tremblements de terre seraient le début des douleurs de la naissance.

24:9-10	i5dp				Qu'est-ce que Jésus a dit qu'il se produirait parmi les croyants à ce moment-là ?	Jésus a dit que les croyants subiraient des tribulations et seraient haïs par les nations à cause de son nom.

24:13	fsav				Qui, selon Jésus, sera sauvé ?	Jésus a dit que celui qui endure jusqu'à la fin sera sauvé.

24:14	d78h				Que se passera-t-il avec l'évangile avant la fin ?	L'évangile du royaume sera prêché dans le monde entier avant la fin.

24:15-18	bam0				Qu'est-ce que Jésus a dit aux croyants de faire lorsqu'ils verront l'abomination de la désolation se dresser dans le lieu saint ?	Jésus a dit que les croyants devaient fuir dans les montagnes.

24:21	ok6i				Quelle sera l'ampleur de la tribulation en ces jours-là ?	En ces jours-là, la tribulation sera grande, plus grande que toute autre depuis le commencement du monde.

24:24	iosc				Comment les faux Christs et les faux prophètes vont-ils égarer beaucoup de gens ?	Les faux Christs et les faux prophètes feront de grands signes et des prodiges pour égarer les gens.

24:27	oylw				À quoi ressemblera la venue du Fils de l'homme ?	La venue du Fils de l'homme ressemblera à un éclair brillant d'est en ouest.

24:29	eqyv				Qu'arrivera-t-il au soleil, à la lune et aux étoiles après la tribulation de ces jours-là ?	Le soleil et la lune s'obscurciront, et les étoiles tomberont du ciel.

24:30	kqot				Que feront les tribus de la terre lorsqu'elles verront le Fils de l'homme venir en puissance et en grande gloire ?	Les tribus de la terre seront en deuil.

24:31	y4r6				Quel bruit se fera entendre lorsque le Fils de l'homme enverra ses anges pour rassembler les élus ?	Le grand son de la trompette se fera entendre lorsque les anges rassembleront les élus.

24:34	vz5z				Qu'est-ce que Jésus a dit qui ne passerait pas avant que toutes ces choses aient eu lieu ?	Jésus a dit que cette génération ne passera pas avant que toutes ces choses ne se soient produites.

24:35	f996				Qu'est-ce que Jésus a dit qui passerait, et qu'est-ce qui ne passerait jamais ?	Jésus a dit que le ciel et la terre passeront, mais que ses paroles ne passeront jamais.

24:36	qpf2				Qui sait quand ces événements se produiront ?	Seul le Père sait quand ces événements se produiront.

24:37-39	mys9				Comment la venue du Fils de l'homme sera-t-elle semblable à l'époque de Noé avant le déluge ?	Les gens mangeront et boiront, se marieront et donneront en mariage, ne sachant rien du jugement à venir qui les emportera.

24:42	mer1				Quelle attitude Jésus a-t-il dit que ses croyants devaient adopter face à sa venue, et pourquoi ?	Jésus a dit que ses croyants doivent toujours être prêts, car ils ne savent pas quel jour le Seigneur viendra.

24:45-46	ien5				Que fait un serviteur fidèle et sage pendant l'absence de son maître ?	Un serviteur fidèle et avisé s'occupe de la maison de son maître pendant l'absence de ce dernier.

24:47	l3jp				Que fait le maître pour le serviteur fidèle et sage à son retour ?	À son retour, le maître place le serviteur fidèle et sage sur tout ce qu'il possède.

24:48-49	zsw7				Que fait un mauvais serviteur pendant que le maître est absent ?	Un mauvais serviteur bat ses compagnons de service et mange et boit avec les ivrognes pendant l'absence du maître.

24:51	oi2q				Que fait le maître avec le mauvais serviteur quand il revient ?	Quand il revient, le maître coupe en morceaux le mauvais serviteur et l'envoie là où il y a des pleurs et des grincements de dents.

25:3	qwia				Que n'ont pas fait les vierges folles lorsqu'elles sont allées à la rencontre de l'époux ?	Les vierges folles n'ont pas pris d'huile avec leurs lampes.

25:4	d1tc				Que faisaient les vierges sages lorsqu'elles allaient à la rencontre de l'époux ?	Les vierges sages ont pris des récipients d'huile avec leurs lampes.

25:5-6	a6xq				Quand l'époux est-il venu, et était-ce le moment attendu ?	L'époux est arrivé à minuit, ce qui était plus tard que l'heure prévue.

25:10	zyqf				Qu'est-il arrivé aux vierges sages quand l'époux est arrivé ?	Les vierges sages ont accompagné l'époux au festin des noces.

25:10-12	bol5				Qu'est-il arrivé aux vierges folles quand l'époux est arrivé ?	Les vierges folles devaient aller acheter de l'huile et, à leur retour, la porte du festin leur était fermée.

25:13	q8i0				Qu'est-ce que Jésus a dit qu'il voulait que les croyants apprennent de la parabole des vierges ?	Jésus dit que les croyants doivent veiller, car ils ne connaissent ni le jour ni l'heure.

25:16	z8rc				Qu'ont fait les serviteurs aux cinq et deux talents avec leurs talents lorsque leur maître est parti en voyage ?	Le serviteur qui avait cinq talents en a fait cinq autres, et celui qui avait deux talents en a fait deux autres.

25:18	m2j8				Qu'a fait le serviteur d'un talent lorsque son maître est parti en voyage ?	Le serviteur qui avait un talent a creusé un trou dans le sol et a caché l'argent de son maître.

25:19	hfww				Combien de temps le maître est-il parti en voyage ?	Le maître a été absent pendant un long moment.

25:20-21	ikbp				À son retour, que fit le maître pour les serviteurs qui avaient reçu cinq et deux talents ?	Le maître a dit : "Bravo, bon et fidèle serviteur !" et leur a confié de nombreuses responsabilités.

25:26	o2vg				À son retour, qu'a fait le maître au serviteur qui avait reçu un talent ?	Le maître dit : "Serviteur méchant et paresseux", lui enleva le talent et le jeta dans les ténèbres extérieures.

25:31-32	sd2y				Que fera le Fils de l'homme quand il viendra s'asseoir sur son trône glorieux ?	Le Fils de l'homme rassemblera toutes les nations et séparera les peuples les uns des autres.

25:34	wqx8				Que recevront ceux qui sont à la droite du Roi ?	Ceux qui sont à la droite du Roi reçoivent le royaume préparé pour eux dès la fondation du monde.

25:35-36	k3gd				Qu'ont fait ceux qui étaient à la droite du Roi dans leur vie ?	Ceux qui étaient à la droite du roi donnaient à manger aux affamés, à boire aux assoiffés, accueillaient les étrangers, habillaient ceux qui étaient nus, soignaient les malades et visitaient les prisonniers.

25:41	e7j3				Que recevront ceux qui sont à la gauche du Roi ?	Ceux qui sont à la gauche du Roi reçoivent le feu éternel préparé pour le diable et ses anges.

25:42-43	igr1				Qu'est-ce que ceux qui étaient à la gauche du roi n'ont pas fait dans leur vie ?	Ceux qui étaient à la gauche du roi ne donnaient pas à manger aux affamés, ne buvaient pas aux assoiffés, n'accueillaient pas les étrangers, ne vêtaient pas ceux qui étaient nus, ne soignaient pas les malades et ne visitaient pas les prisonniers.

26:2	rcj7				Quelle est la fête juive dont Jésus a dit qu'elle arrivait dans deux jours ?	Jésus a dit que la Pâque venait dans deux jours.

26:4	bs56				Que complotaient les chefs des prêtres et les anciens au palais du grand prêtre ?	Ils complotaient pour arrêter Jésus à la dérobée et le tuer.

26:5	ndn4				De quoi les chefs des prêtres et les anciens avaient-ils peur ?	Ils avaient peur que s'ils tuaient Jésus pendant la fête, le peuple fasse une émeute.

26:6-9	qqpo				Quelle a été la réaction des disciples lorsque la femme a versé le parfum coûteux sur la tête de Jésus ?	Les disciples étaient en colère et voulaient savoir pourquoi le parfum n'avait pas été vendu et l'argent donné aux pauvres.

26:12	wx7n				Pourquoi Jésus a-t-il dit que la femme avait versé l'onguent sur lui ?	Jésus dit que la femme avait versé le parfum sur lui pour son enterrement.

26:14-15	ociq				Combien Judas Iscariote a-t-il été payé pour livrer Jésus aux mains des chefs des prêtres ?	Judas a été payé 30 pièces d'argent pour livrer Jésus aux mains des grands prêtres.

26:21	iqeb				Qu'a dit Jésus au repas du soir à propos d'un de ses disciples ?	Jésus a dit que l'un de ses disciples le trahirait.

26:24	v2v0				Qu'a dit Jésus sur l'avenir de celui qui le trahirait ?	Jésus a dit qu'il vaudrait mieux pour l'homme qui le trahit qu'il ne soit jamais né.

26:25	mnj8				Comment Jésus a-t-il répondu lorsque Judas lui a demandé s'il était celui qui allait trahir Jésus ?	Jésus répondit : "Tu l'as dit toi-même".

26:26	fiwp				Qu'a dit Jésus lorsqu'il a pris le pain, l'a béni, l'a rompu et l'a donné aux disciples ?	Jésus a dit : "Prenez, mangez. Ceci est mon corps".

26:28	scws				Qu'a dit Jésus à propos de la coupe qu'il a ensuite donnée aux disciples ?	Jésus a dit que la coupe était son sang de l'alliance qui est versé pour beaucoup pour le pardon des péchés.

26:30-31	io6g				Au Mont des Oliviers, qu'est-ce que Jésus a dit à ses disciples qu'ils feraient tous cette nuit-là ?	Jésus a dit à ses disciples qu'ils allaient tous trébucher cette nuit-là à cause de lui.

26:33-34	zbyx				Lorsque Pierre a dit qu'il ne trébucherait jamais, qu'est-ce que Jésus lui a dit qu'il ferait cette nuit-là ?	Jésus a dit que Pierre renierait Jésus trois fois cette nuit-là avant le chant du coq.

26:37-38	fnyq				Qu'est-ce que Jésus a demandé à Pierre et aux deux fils de Zébédée de faire pendant qu'il priait ?	Jésus leur demande de rester là et de veiller avec lui.

26:39	p5zy				Quelle demande Jésus a-t-il faite au Père dans sa prière ?	Jésus a demandé, si c'était possible, que cette coupe passe loin de lui.

26:40	ezku				Que faisaient les disciples lorsque Jésus est revenu de sa prière ?	Les disciples dormaient lorsque Jésus est revenu de sa prière.

26:42	cr3a				Qu'est-ce que Jésus a prié de faire, quelle que soit sa propre volonté ?	Jésus a prié pour que la volonté du Père soit faite, quelle que soit sa propre volonté.

26:42-44	mygy				Combien de fois Jésus a-t-il laissé les disciples pour aller prier ?	Jésus a quitté les disciples à trois reprises pour aller prier.

26:47-48	nb6b				Quel signe Judas a-t-il donné à la foule pour identifier Jésus comme celui qu'il faut saisir ?	Judas a embrassé Jésus pour indiquer à la foule que c'était lui qu'il fallait saisir.

26:51	temo				Que fit l'un des disciples de Jésus lorsque celui-ci fut saisi ?	Un des disciples de Jésus a tiré son épée et a coupé l'oreille du serviteur du grand prêtre.

26:53	u0ox				Qu'est-ce que Jésus a dit qu'il pouvait faire s'il voulait se défendre ?	Jésus a dit qu'il pouvait invoquer le Père, qui enverrait 12 légions d'anges.

26:54	wzyi				Qu'est-ce que Jésus a déclaré être accompli par ces événements ?	Jésus a dit que les Écritures s'accomplissaient par ces événements.

26:56	vdj0				Que firent alors tous les disciples ?	Tous les disciples l'ont alors quitté et se sont enfuis.

26:59	y7s8				Que cherchaient les chefs des prêtres et tout le Conseil pour mettre Jésus à mort ?	Ils cherchaient un faux témoignage contre Jésus afin de le mettre à mort.

26:63	trpl				Quel ordre le grand prêtre a-t-il donné à Jésus par le Dieu vivant ?	Le grand prêtre a ordonné à Jésus de leur dire s'il était ou non le Christ, le Fils de Dieu.

26:64	c97z				Quelle a été la réponse de Jésus à l'ordre du grand prêtre ?	Jésus a dit : "Tu l'as dit toi-même".

26:64	nzm0				Qu'est-ce que Jésus a dit que le grand prêtre verrait ?	Jésus a dit que le grand prêtre verrait le Fils de l'homme assis à la droite de la puissance, et venant sur les nuées du ciel.

26:65	x6hi				Quelle accusation le grand prêtre a-t-il alors portée contre Jésus ?	Le grand prêtre a accusé Jésus de blasphème.

26:67	qv9z				Qu'ont-ils fait à Jésus après l'avoir accusé ?	Ils ont craché au visage de Jésus, l'ont battu et l'ont frappé avec les paumes de leurs mains.

26:74	vrpx				Que s'est-il passé dès que Pierre a répondu pour la troisième fois ?	Dès que Pierre a répondu pour la troisième fois, un coq a chanté.

26:73-75	kbyv				Qu'a répondu Pierre les trois fois où quelqu'un lui a demandé s'il était avec Jésus ?	Pierre répondit qu'il ne connaissait pas Jésus.

26:75	meef				De quoi Pierre s'est-il souvenu après sa troisième réponse ?	Pierre se souvient que Jésus avait dit qu'avant que le coq chante, il renierait Jésus trois fois.

27:2	rr77				Le matin, où les chefs des prêtres et les anciens ont-ils emmené Jésus ?	Au matin, ils l'emmenèrent chez Pilate, le gouverneur.

27:3-5	hgx8				Qu'a fait Judas Iscariot quand il a vu que Jésus était condamné ?	Judas s'est repenti d'avoir trahi le sang innocent, a rendu l'argent, est sorti et s'est pendu.

27:6-7	yffx				Qu'ont fait les chefs des prêtres avec les 30 pièces d'argent ?	Ils ont acheté le champ du potier, dans lequel ils enterrent les étrangers.

27:9-10	ugxj				La prophétie de qui ces événements ont-ils été accomplis ?	Ces événements ont accompli la prophétie de Jérémie.

27:11	uasg				Quelle question Pilate a-t-il posée à Jésus, et quelle a été la réponse de Jésus ?	Pilate a demandé à Jésus s'il était le roi des Juifs, et Jésus a répondu : "Tu le dis".

27:12-14	a2bg				Qu'a répondu Jésus à toutes les accusations des chefs des prêtres et des anciens ?	Jésus n'a pas répondu, pas même un mot.

27:15-16	azps				Que voulait faire Pilate pour Jésus, selon la coutume de la fête de la Pâque ?	Pilate souhaite que Jésus soit libéré, selon la coutume de la fête.

27:19	l0vn				Quel message la femme de Pilate lui a-t-elle envoyé alors qu'il était assis sur le siège du jugement ?	Elle a dit à Pilate de ne pas s'occuper de cet homme innocent.

27:20	zoxh				Pourquoi Barabbas, et non Jésus, a-t-il été libéré selon la coutume de la fête ?	Les chefs des prêtres et les anciens ont persuadé la foule de demander que Barabbas soit libéré à la place de Jésus.

27:22	obno				Qu'est-ce que la foule a crié qu'elle voulait qu'on fasse de Jésus ?	La foule a crié qu'elle voulait que Jésus soit crucifié.

27:24	obt8				Quand Pilate a vu qu'une émeute commençait, qu'a-t-il fait ?	Pilate s'est lavé les mains, a déclaré qu'il était innocent du sang de cet homme innocent, et a livré Jésus à la foule.

27:25	ozx5				Qu'ont dit les gens quand Pilate leur a remis Jésus ?	Le peuple a dit : "Que son sang retombe sur nous et nos enfants".

27:27-29	dimj				Qu'est-ce que les soldats du gouverneur ont mis sur Jésus ?	Les soldats lui ont mis une robe écarlate et une couronne d'épines sur la tête.

27:32	mrhn				Qu'est-ce que Simon de Cyrène a été forcé de faire ?	Simon a été forcé de porter la croix de Jésus.

27:33	adh8				Où sont-ils allés pour crucifier Jésus ?	Ils sont allés au Golgotha, qui signifie "le lieu du crâne".

27:35-36	cxpy				Qu'ont fait les soldats après avoir crucifié Jésus ?	Les soldats ont tiré au sort les vêtements de Jésus, puis se sont assis et l'ont regardé.

27:37	sel1				Quelle écriture ont-ils mis au-dessus de la tête de Jésus ?	Ils ont écrit : "C'EST JESUS, LE ROI DES JUIFS".

27:38	b5v0				Qui a été crucifié avec Jésus ?	Deux brigands ont été crucifiés avec Jésus, l'un à sa droite et l'autre à sa gauche.

27:42	e4q8				Qu'est-ce que les gens, les chefs des prêtres, les scribes et les anciens ont demandé à Jésus de faire ?	Ils ont tous mis Jésus au défi de se sauver et de descendre de la croix.

27:45	rf30				Que s'est-il passé de la sixième à la neuvième heure ?	Les ténèbres se sont abattues sur tout le pays de la sixième à la neuvième heure.

27:46	oka9				Qu'a crié Jésus à la neuvième heure ?	Jésus s'est écrié : "Mon Dieu, mon Dieu, pourquoi m'as-tu abandonné ?"

27:50	atpk				Que s'est-il passé après que Jésus ait crié à nouveau d'une voix forte ?	Jésus a renoncé à son esprit.

27:51	gmdd				Que s'est-il passé dans le temple après la mort de Jésus ?	Le rideau du temple a été fendu en deux, de haut en bas, après la mort de Jésus.

27:52-53	jhj3				Que s'est-il passé dans les tombes après la mort de Jésus ?	De nombreux saints qui s'étaient endormis sont ressuscités et sont apparus à beaucoup après la mort de Jésus.

27:54	z0f7				En voyant tous ces événements, quel était le témoignage du centurion ?	Le centurion a témoigné : "Vraiment, c'était le Fils de Dieu".

27:57-58	zq32				Après sa crucifixion, qu'est-il arrivé au corps de Jésus ?	Un riche disciple de Jésus, Joseph, demanda à Pilate le corps, l'enveloppa dans du lin et le déposa dans son propre tombeau neuf.

27:60	of4g				Qu'est-ce qui a été placé en travers de la porte du tombeau où le corps de Jésus a été déposé ?	Une grande pierre a été placée en travers de la porte du tombeau où le corps de Jésus a été déposé.

27:62-64	t30z				Pourquoi les chefs des prêtres et les pharisiens se sont-ils réunis avec Pilate le lendemain ?	Les chefs des prêtres et les pharisiens voulaient s'assurer que le tombeau de Jésus était sécurisé afin que personne ne puisse voler le corps.

27:65-66	xgja				Qu'est-ce que Pilate leur a permis de faire au tombeau ?	Pilate leur a permis de sceller la pierre et de placer une garde au tombeau.

28:1	wirt				Quel jour et à quelle heure Marie-Madeleine et l'autre Marie se sont-elles rendues au tombeau de Jésus ?	Comme l'aube commençait à poindre vers le premier jour de la semaine, ils se rendirent au tombeau de Jésus.

28:2	c0pn				Comment la pierre a-t-elle été roulée du tombeau de Jésus ?	Un ange du Seigneur descendit et roula la pierre.

28:4	rhvi				Qu'ont fait les gardes quand ils ont vu l'ange ?	Les gardes ont tremblé de peur et sont devenus comme des hommes morts en voyant l'ange.

28:5-7	lbcd				Qu'a dit l'ange aux deux femmes au sujet de Jésus ?	L'ange a dit que Jésus était ressuscité et qu'il les précédait en Galilée.

28:8-9	f58g				Qu'est-il arrivé aux deux femmes qui allaient prévenir les disciples ?	Les femmes ont rencontré Jésus, elles se sont saisies de ses pieds et l'ont adoré.

28:11-13	p7ks				Quand les gardes ont dit aux chefs des prêtres ce qui s'était passé au tombeau, qu'ont fait les chefs des prêtres ?	Les chefs des prêtres ont payé les soldats une grosse somme d'argent et leur ont dit de dire que les disciples de Jésus avaient volé le corps.

28:17	eo11				Qu'ont fait les disciples lorsqu'ils ont vu Jésus en Galilée ?	Les disciples adorent Jésus, mais certains doutent.

28:18	sokd				Quelle autorité Jésus a-t-il dit lui avoir été donnée ?	Jésus a dit que toute autorité dans le ciel et sur la terre lui avait été donnée.

28:19	lf4q				Qu'est-ce que Jésus a ordonné à ses disciples de faire ?	Jésus a ordonné à ses disciples d'aller faire des disciples, et de les baptiser.

28:19	mgj3				En quel nom Jésus a-t-il dit à ses disciples de baptiser ?	Jésus a dit à ses disciples de baptiser au nom du Père, du Fils et du Saint-Esprit.

28:20	yqc0				Qu'est-ce que Jésus a ordonné à ses disciples d'enseigner ?	Jésus a ordonné à ses disciples d'enseigner aux nations à obéir à toutes les choses qu'il avait commandées.

28:20	eson				Quelle promesse finale Jésus a-t-il faite à ses disciples ?	Jésus a promis d'être avec eux, même jusqu'à la fin des temps.
