1:2-3	a4zc				Qu'est-ce que le prophète Ésaïe a prédit qu'il se passerait avant la venue du Seigneur ?	Esaïe a prédit que Dieu enverrait un messager, la voix de quelqu'un qui crie dans le désert, pour préparer le chemin du Seigneur.

1:4	g2v6				Qu'est-ce que Jean est venu prêcher ?	Jean est venu prêcher un baptême de repentance pour le pardon des péchés.

1:5	kdd7				Que faisaient les gens lorsqu'ils étaient baptisés par Jean ?	Les gens ont confessé leurs péchés lorsqu'ils ont été baptisés par Jean.

1:6	zlqi				Qu'a mangé John ?	Jean a mangé des sauterelles et du miel sauvage.

1:8	yakl				Avec quoi Jean a-t-il dit que celui qui viendrait après lui baptiserait ?	Jean a dit que celui qui viendrait après lui baptiserait avec le Saint-Esprit.

1:10	y6fa				Qu'a vu Jésus lorsqu'il est sorti de l'eau après avoir été baptisé par Jean ?	Après avoir été baptisé, Jésus a vu les cieux s'ouvrir et l'Esprit descendre sur lui comme une colombe.

1:11	f2a4				Qu'a dit la voix du ciel après le baptême de Jésus ?	La voix du ciel a dit : "Tu es mon Fils bien-aimé, je suis très content de toi."

1:12	ahm3				Qui a poussé Jésus dans le désert ?	L'Esprit a poussé Jésus dans le désert.

1:13	ex5p				Combien de temps Jésus est-il resté dans le désert, et que lui est-il arrivé là-bas ?	Jésus est resté 40 jours dans le désert, et il y a été tenté par Satan.

1:15	kyxp				Quel message Jésus a-t-il prêché ?	Jésus a prêché que le royaume de Dieu était proche, et que les gens devaient se repentir et croire en l'Évangile.

1:16	yzo9				Quelle était la profession de Simon et André ?	Simon et André étaient des pêcheurs.

1:17	r3ba				Qu'est-ce que Jésus a dit qu'il ferait devenir à Simon et André ?	Jésus a dit qu'il ferait de Simon et André des pêcheurs d'hommes.

1:19	foqj				Quelle était la profession de Jacques et Jean ?	Jacques et Jean étaient des pêcheurs.

1:22	lq6y				Pourquoi l'enseignement de Jésus a-t-il étonné les gens de la synagogue ?	L'enseignement de Jésus a étonné les gens parce que Jésus enseignait comme quelqu'un qui avait de l'autorité.

1:24	rtx4				Quel titre l'esprit impur de la synagogue a-t-il donné à Jésus ?	L'esprit impur de la synagogue a donné à Jésus le titre de Saint de Dieu.

1:28	dn9o				Que s'est-il passé avec les nouvelles de Jésus ?	La nouvelle de Jésus a été diffusée partout.

1:30	ii0v				Quand ils sont entrés dans la maison de Simon, qui Jésus a-t-il guéri ?	Quand ils sont entrés dans la maison de Simon, Jésus a guéri la belle-mère de Simon.

1:32-34	ywmc				Que s'est-il passé quand le soir est venu ?	Le soir venu, les gens amenèrent tous ceux qui étaient malades ou possédés de démons, et Jésus les guérit.

1:35	i2xa				Qu'a fait Jésus avant que le soleil ne se lève ?	Avant le lever du soleil, Jésus s'est rendu dans un endroit solitaire et y a prié.

1:38-39	y32l				Qu'est-ce que Jésus a dit à Simon qu'il était venu faire ?	Jésus dit qu'il est venu prêcher dans les villes d'alentour.

1:40-41	xyj3				Quelle attitude Jésus a-t-il adoptée à l'égard du lépreux qui le suppliait de le guérir ?	Jésus a eu pitié du lépreux et l'a guéri.

1:44	dzi8				Qu'est-ce que Jésus a dit au lépreux de faire, et pourquoi ?	Jésus dit au lépreux d'aller offrir les sacrifices selon ce que Moïse a ordonné. Cela servirait à la communauté comme témoignage de sa guérison.

2:4	zvpg				Qu'ont fait les quatre hommes qui portaient l'homme paralysé ?	Les hommes ont enlevé le toit de la maison et ont descendu l'homme paralysé jusqu'à Jésus.

2:5	efne				Qu'a dit Jésus à l'homme paralysé ?	Jésus a dit : "Enfant, tes péchés sont pardonnés".

2:6-7	k9lq				Pourquoi certains scribes se sont-ils opposés à ce que Jésus avait dit ?	Certains scribes pensaient que Jésus avait blasphémé, car seul Dieu peut pardonner les péchés.

2:10-12	v3ys				Comment Jésus a-t-il démontré qu'il avait l'autorité sur terre pour pardonner les péchés ?	Jésus dit à l'homme paralysé de prendre son lit et d'aller dans sa maison, ce que l'homme fait.

2:13-14	llaq				Que faisait Lévi lorsque Jésus lui a demandé de le suivre ?	Lévi était assis au lieu de collecte des impôts lorsque Jésus l'a appelé.

2:15-16	c07h				Dans la maison de Lévi, que faisait Jésus qui a offensé les Pharisiens ?	Jésus mangeait avec les gens pécheurs et les collecteurs d'impôts.

2:17	zqw0				Qui Jésus a-t-il dit qu'il était venu appeler ?	Jésus a dit qu'il était venu pour appeler les personnes pécheresses.

2:18	p9ln				Quelle question certaines personnes ont-elles posée à Jésus au sujet du jeûne ?	Ils demandèrent à Jésus pourquoi ses disciples ne jeûnaient pas alors que les disciples de Jean et ceux des Pharisiens le faisaient.

2:19	w6go				Comment Jésus a-t-il expliqué pourquoi ses disciples ne jeûnaient pas ?	Jésus a dit que tant que l'époux est encore avec les convives, ils ne peuvent pas jeûner.

2:23-24	ej7h				Qu'est-ce que les disciples de Jésus ont fait dans certains champs le jour du sabbat qui a offensé les Pharisiens ?	Les disciples de Jésus cueillaient des épis de céréales et les mangeaient le jour du sabbat.

2:25-26	iwe2				Quel exemple Jésus a-t-il donné de quelqu'un qui a eu besoin et a mangé du pain normalement interdit pour eux ?	Jésus donne l'exemple de David qui, par besoin, a mangé le pain de la présence, normalement réservé aux prêtres.

2:27	m19r				Pour qui Jésus a-t-il dit que le sabbat a été créé ?	Jésus a dit que le sabbat a été créé pour les gens.

2:28	ak51				Quelle autorité Jésus a-t-il revendiqué pour lui-même ?	Jésus a dit qu'il était aussi le Seigneur du sabbat.

3:1-2	o82f				Pourquoi regardaient-ils Jésus le jour du sabbat dans la synagogue ?	Ils observaient Jésus pour voir s'il allait guérir le jour du sabbat, afin de pouvoir l'accuser.

3:4	dk1g				Quelle question Jésus a-t-il posée aux gens au sujet du sabbat ?	Jésus demanda aux gens s'il était permis de faire du bien ou du mal le jour du sabbat.

3:4	p1z9				Comment les gens ont-ils répondu à la question de Jésus ?	Les gens étaient silencieux.

3:5	mrbj				Quelle était donc l'attitude de Jésus à leur égard ?	Jésus s'est mis en colère contre eux.

3:6	acwq				Qu'ont fait les Pharisiens lorsque Jésus a guéri l'homme ?	Les pharisiens sont sortis et ont comploté pour mettre Jésus à mort.

3:7-8	b2bk				Combien de personnes ont suivi Jésus lorsqu'il est allé vers la mer ?	Une grande foule suivait Jésus.

3:11	tke0				Qu'ont crié les démons en voyant Jésus ?	Les démons ont crié que Jésus était le Fils de Dieu.

3:14-15	e2s0				Combien d'hommes Jésus a-t-il nommés comme apôtres, et que devaient-ils faire ?	Jésus a nommé 12 apôtres qui devaient être avec lui, prêcher et avoir le pouvoir de chasser les démons.

3:19	raj7				Qui était l'apôtre qui allait trahir Jésus ?	L'apôtre qui allait trahir Jésus était Judas Iscariote.

3:21	rh8o				Que pensait la famille de Jésus des foules et des événements qui entouraient Jésus ?	La famille de Jésus pensait qu'il avait perdu la tête.

3:22	xmhs				Quelle accusation les scribes ont-ils portée contre Jésus ?	Les scribes ont accusé Jésus de chasser les démons par le chef des démons.

3:23-24	ob9v				Quelle a été la réponse de Jésus à l'accusation des scribes ?	Jésus répond qu'aucun royaume divisé contre lui-même ne peut subsister.

3:28-29	txqb				Quel péché Jésus a-t-il dit qu'il ne pouvait être pardonné ?	Jésus a dit que le blasphème contre le Saint-Esprit ne peut être pardonné.

3:33-35	xtjn				Qui, selon Jésus, étaient sa mère et ses frères ?	Jésus a dit que sa mère et ses frères étaient ceux qui font la volonté de Dieu.

4:1	bki3				Pourquoi Jésus est-il monté dans une barque pour enseigner ?	Jésus est monté dans une barque pour s'asseoir et enseigner car une très grande foule s'était rassemblée autour de lui.

4:4	wzuu				Qu'est-il arrivé aux graines semées sur la route ?	Les oiseaux sont venus et les ont dévorés.

4:6	wyhf				Qu'est-il arrivé aux graines semées sur le sol rocailleux lorsque le soleil s'est levé ?	Ils se sont desséchés parce qu'ils n'avaient pas de racine.

4:7	b6ma				Qu'est-il arrivé aux graines semées parmi les épines ?	Les plantes épineuses les étouffaient.

4:8	ivy4				Qu'est-il arrivé aux graines semées dans la bonne terre ?	Les graines ont produit du grain, avec des rendements de 30, 60 et parfois 100 fois supérieurs à ce qui avait été planté.

4:11	o0ss				Qu'est-ce que Jésus a dit qui a été donné aux Douze, mais pas à ceux qui sont dehors ?	Jésus a dit que le mystère du royaume de Dieu a été donné aux Douze, mais pas à ceux du dehors.

4:14	pskj				Dans la parabole de Jésus, quelle est la graine ?	La semence est la parole de Dieu.

4:15	t1r5				Que représente la graine semée sur la route ?	Il représente ceux qui entendent la parole, mais aussitôt Satan la leur enlève.

4:16-17	zy18				Que représente la graine semée sur le sol rocailleux ?	Il représente ceux qui entendent la parole avec joie, mais quand la persécution vient, ils trébuchent.

4:18-19	alo5				Que représente la graine semée parmi les épines ?	Il représente ceux qui entendent la parole, mais les soucis du monde étouffent la parole.

4:20	lhwr				Que représente la graine semée dans la bonne terre ?	Il représente ceux qui entendent la parole, la reçoivent et produisent du fruit.

4:22	c1ey				Qu'est-ce que Jésus a dit qu'il arriverait aux choses cachées et secrètes ?	Jésus a dit que les choses cachées et secrètes seraient amenées à la lumière.

4:26-27	fteq				En quoi le royaume de Dieu est-il semblable à un homme qui jette sa semence en terre ?	L'homme jette la semence, et elle pousse, mais il ne sait pas comment, puis quand la récolte est mûre, il la ramasse.

4:30-32	tzc2				En quoi le royaume de Dieu est-il semblable à une graine de moutarde ?	La graine de moutarde est la plus petite des graines, mais elle devient une grande plante où beaucoup peuvent faire leur nid.

4:35-37	tojt				Que s'est-il passé lorsque les disciples et Jésus ont traversé le lac ?	Une grande tempête a commencé, menaçant de remplir le bateau d'eau.

4:38	j9v3				Que faisait Jésus à ce moment-là dans la barque ?	Jésus dormait.

4:38	vu2b				Quelle question les disciples ont-ils posée à Jésus ?	Les disciples ont demandé à Jésus s'il se souciait du fait qu'ils allaient mourir.

4:39	vehj				Qu'a fait Jésus alors ?	Jésus a repoussé le vent et calmé la mer.

4:41	fkpr				Après que Jésus ait fait cela, quelle a été la réaction des disciples ?	Les disciples étaient remplis d'une grande crainte et se demandaient qui était Jésus, pour que le vent et la mer lui obéissent.

5:1-2	f3h1				Qui a rencontré Jésus lorsqu'ils sont arrivés dans la région des Géraséniens ?	Un homme atteint d'un esprit impur a rencontré Jésus.

5:4	pvch				Que s'est-il passé lorsque les gens ont essayé de retenir cet homme avec des chaînes ?	Quand les gens ont essayé de retenir cet homme avec des chaînes, il a déchiré les chaînes.

5:7	s4bf				Quel titre l'esprit impur a-t-il donné à Jésus ?	L'esprit impur a appelé Jésus le Fils du Dieu Très Haut.

5:8	s0ay				Qu'a dit Jésus à l'esprit impur de l'homme ?	Jésus dit : "Sors de cet homme, esprit impur".

5:9	yw86				Quel était le nom de l'esprit impur ?	L'esprit impur s'appelait Légion, car il était nombreux.

5:13	jvth				Que s'est-il passé lorsque Jésus a chassé l'esprit impur de l'homme ?	Les esprits sont sortis et ont pénétré dans un troupeau de porcs, qui ont dévalé une colline escarpée et se sont noyés dans le lac.

5:15	ist0				Après que l'esprit impur ait été chassé, quelle était la condition de l'homme ?	L'homme était assis avec Jésus, habillé et dans son bon sens.

5:17	mpj9				Qu'est-ce que les habitants de la région ont demandé à Jésus de faire ?	Les gens ont demandé à Jésus de quitter leur région.

5:19	w96x				Qu'est-ce que Jésus a dit à l'homme qui avait vécu dans les tombeaux de faire maintenant ?	Jésus dit à l'homme de dire à son peuple ce que le Seigneur a fait pour lui.

5:22-23	pj22				Quelle demande Jaïrus, le chef de la synagogue, a-t-il faite à Jésus ?	Jaïrus a demandé à Jésus de venir avec lui pour imposer les mains à sa fille, qui était proche de la mort.

5:25	atxm				Quel était le problème de la femme qui a touché le manteau de Jésus ?	La femme souffrait d'un écoulement de sang depuis 12 ans.

5:28	afd1				Pourquoi la femme a-t-elle touché le manteau de Jésus ?	La femme pensait que si elle touchait simplement les vêtements de Jésus, elle serait guérie.

5:30	mrlf				Qu'a fait Jésus lorsque la femme a touché son manteau ?	Jésus savait que la force était sortie de lui et il demanda qui avait touché ses vêtements.

5:32	lyq8				Qu'a fait Jésus après que la femme ait touché son manteau ?	Jésus regarde autour de lui pour voir qui l'a touché.

5:34	jfch				Lorsque la femme a dit à Jésus toute la vérité, que lui a dit Jésus ?	Jésus lui dit que sa foi l'avait guérie et qu'elle pouvait partir en paix.

5:35	spbi				Quel était l'état de la fille de Jaïrus lorsque Jésus est arrivé à la maison ?	La fille de Jaïrus était morte.

5:36	fai5				Qu'a dit Jésus à Jaïrus à ce moment-là ?	Jésus a dit à Jaïrus de ne pas avoir peur, mais de simplement croire.

5:37	ffse				Quels disciples ont accompagné Jésus dans la pièce où se trouvait l'enfant ?	Pierre, Jacques et Jean sont entrés avec Jésus dans la chambre.

5:40	sunl				Qu'ont fait les gens de la maison quand Jésus a dit que la fille de Jaïrus ne faisait que dormir ?	Les gens se sont moqués de Jésus quand il a dit que la fille de Jaïrus ne faisait que dormir.

5:42	km08				Lorsque l'enfant s'est levé et a marché, comment les gens ont-ils réagi ?	Le peuple était très impressionné et étonné.

6:2	o2l2				Pourquoi les habitants de la ville natale de Jésus étaient-ils choqués par lui ?	Les gens ne savaient pas d'où il tirait ses enseignements, sa sagesse et ses miracles.

6:4	d9fa				Où Jésus a-t-il dit qu'un prophète est sans honneur ?	Jésus a dit qu'un prophète est sans honneur dans sa ville natale, parmi ses proches et dans sa propre maison.

6:6	arwk				Qu'est-ce qui a étonné Jésus chez les gens de sa ville natale ?	Jésus était étonné par l'incrédulité des gens de sa ville natale.

6:7	djdl				Quelle autorité Jésus a-t-il donnée aux Douze lorsqu'il les a envoyés ?	Jésus a donné aux Douze l'autorité sur les esprits impurs.

6:8-9	e4e2				Qu'est-ce que les Douze ont emporté avec eux pendant leur voyage ?	Les Douze ont pris un bâton, des sandales et une tunique.

6:11	yfhp				Qu'est-ce que Jésus a dit aux Douze de faire si un endroit ne les recevait pas ?	Jésus a dit aux Douze de secouer la poussière sous leurs pieds en témoignage contre eux.

6:14-15	iota				Qui les gens pensaient-ils que Jésus était ?	Les gens supposaient que Jésus était Jean le Baptiseur ou Elie ou un prophète.

6:18	wv8i				Qu'est-ce que Jean le Baptiste avait dit à Hérode qu'il faisait illégalement ?	Jean avait dit à Hérode qu'il était illégal pour lui d'épouser la femme de son frère.

6:20	l858				Comment Hérode a-t-il réagi lorsqu'il a entendu Jean prêcher ?	Hérode s'est énervé lorsqu'il a entendu Jean prêcher, mais il était quand même content de l'entendre.

6:23	fzf0				Quel serment Hérode a-t-il prêté à Hérodias ?	Hérode a juré qu'elle pouvait avoir tout ce qu'elle lui demandait, jusqu'à la moitié de son royaume.

6:25	tn2q				Pourquoi Hérodias a-t-elle demandé ?	Hérodias a demandé la tête de Jean le Baptiste sur un plateau.

6:26	cu47				Comment Hérode a-t-il réagi à la demande d'Hérodias ?	Hérode se désole mais ne refuse pas sa demande, à cause des serments qu'il a faits devant ses invités.

6:33	c20j				Que s'est-il passé lorsque Jésus et les apôtres ont essayé de partir seuls pour se reposer ?	Beaucoup de gens les ont reconnus et ont couru pour arriver là avant Jésus et les apôtres.

6:34	mdl0				Quelle était l'attitude de Jésus envers la foule qui les attendait ?	Jésus a eu pitié d'eux car ils étaient comme des brebis sans berger.

6:37	if60				Lorsque Jésus leur a demandé, qu'est-ce que les disciples pensaient devoir faire pour nourrir les gens ?	Les disciples pensaient qu'ils devaient aller acheter pour 200 deniers de pain.

6:38	o56u				Quelle nourriture les disciples avaient-ils déjà avec eux ?	Les disciples avaient déjà sur eux cinq pains et deux poissons.

6:41	bqyw				Qu'a fait Jésus en prenant les pains et les poissons ?	En prenant les pains et les poissons, Jésus lève les yeux au ciel, bénit et rompt les pains, et les donne à ses disciples.

6:43	zbvh				Combien de nourriture restait-il après que tout le monde ait mangé ?	Il restait 12 paniers de pain et des morceaux de poisson après que tout le monde ait mangé.

6:44	yrio				Combien d'hommes ont été nourris ?	Il y avait 5 000 hommes qui avaient été nourris.

6:48	uxae				Comment Jésus est-il venu vers les disciples sur le lac ?	Jésus est venu vers les disciples qui marchaient sur le lac.

6:50	j2xz				Qu'a dit Jésus aux disciples lorsqu'ils l'ont vu ?	Jésus a dit aux disciples d'être courageux et de ne pas avoir peur.

6:52	icdc				Pourquoi les disciples n'ont-ils pas compris le miracle des pains ?	Les disciples n'ont pas compris le miracle des pains parce que leur esprit était lent à comprendre.

6:55	qidu				Qu'ont fait les gens de la région lorsqu'ils ont reconnu Jésus ?	Les gens apportaient les malades sur des brancards à Jésus dès qu'ils entendaient qu'il venait.

6:56	nkto				Qu'est-il arrivé à ceux qui ont juste touché la frange du vêtement de Jésus ?	Ceux qui ont simplement touché la frange du vêtement de Jésus ont été guéris.

7:2	t05x				Que faisaient certains des disciples de Jésus qui offensaient les Pharisiens et les scribes ?	Certains disciples mangeaient avec des mains non lavées.

7:3-4	ym0v				Qui avait pour tradition de laver les mains, les tasses, les pots et les récipients en cuivre avant de manger ?	La tradition des anciens voulait que l'on se lave les mains, les tasses, les pots et les récipients en cuivre avant de manger.

7:8-9	qrmr				Que dit Jésus aux Pharisiens et aux scribes à propos de leur enseignement sur la question du lavage ?	Jésus a dit que les pharisiens et les scribes enseignaient les règles des hommes tout en abandonnant le commandement de Dieu.

7:11-13	d1yr				Comment les pharisiens et les scribes ont-ils annulé le commandement de Dieu qui dit d'honorer son père et sa mère ?	Ils ont annulé le commandement de Dieu en disant aux gens de leur donner comme Corban l'argent qui aurait aidé leur père et leur mère.

7:15	nqfn				Qu'est-ce que Jésus a dit qui ne souille pas une personne ?	Jésus a dit que rien de ce qui est extérieur à une personne ne peut la souiller lorsqu'elle entre en elle.

7:15	l384				Qu'est-ce que Jésus a dit qui souille une personne ?	Jésus a dit que ce qui sort d'une personne la souille.

7:18-19	gvrq				Qu'est-ce que Jésus a dit qui ne souille pas une personne ?	Jésus a dit que rien de ce qui est extérieur à une personne ne peut la souiller lorsqu'elle entre en elle.

7:19	yf7h				Quels types d'aliments Jésus a-t-il déclarés purs ?	Jésus a déclaré que tous les aliments étaient propres.

7:20-23	w1ic				Qu'est-ce que Jésus a dit qui souille une personne ?	Jésus a dit que ce qui sort d'une personne la souille.

7:21-22	t1rz				Quelles sont les trois choses qui, selon Jésus, peuvent sortir d'une personne pour la souiller ?	Jésus a dit que les mauvaises pensées, l'immoralité sexuelle, le vol, le meurtre, l'adultère, la convoitise, la méchanceté, la tromperie, la sensualité, l'envie, la calomnie, l'orgueil et la folie peuvent sortir d'une personne pour la souiller.

7:25-26	y2wf				La femme dont la fille avait un esprit impur était-elle juive ou grecque ?	La femme dont la fille avait un esprit impur était grecque.

7:28	q2o4				Comment la femme a-t-elle réagi lorsque Jésus lui a dit qu'il n'était pas juste de prendre le pain des enfants et de le jeter aux chiens ?	La femme a dit que même les chiens sous la table mangent les miettes des enfants.

7:29-30	nb1x				Qu'a fait Jésus pour cette femme ?	Jésus a chassé le démon de la fille de la femme.

7:33-34	ca4d				Lorsque l'homme qui était sourd et avait un trouble de la parole a été amené à Jésus, qu'a-t-il fait pour le guérir ?	Jésus a mis ses doigts dans les oreilles de l'homme, a craché et touché sa langue, puis a regardé vers le ciel et a dit : "Ouvrez !".

7:36	hc18				Qu'ont fait les gens quand Jésus leur a dit de ne parler à personne de ses guérisons ?	Plus Jésus leur ordonnait de se taire, plus ils en parlaient.

8:1-2	slgu				Quelle préoccupation Jésus a-t-il exprimée au sujet de la grande foule qui le suivait ?	Jésus a déclaré qu'il était préoccupé par le fait que la grande foule n'avait rien à manger.

8:5	s9oj				Combien de pains les disciples avaient-ils avec eux ?	Les disciples avaient sept pains avec eux.

8:6	y5p3				Qu'a fait Jésus avec les pains des disciples ?	Jésus rendit grâce, rompit les pains et les donna à ses disciples pour qu'ils les servent.

8:8	ckyo				Combien de nourriture restait-il après que tout le monde ait mangé ?	Il restait sept paniers de nourriture après que tout le monde ait mangé.

8:9	h9sm				Combien de personnes ont mangé et ont été satisfaites ?	Il y avait environ 4 000 hommes qui ont mangé et ont été satisfaits.

8:11	bo9w				Pour le mettre à l'épreuve, qu'est-ce que les Pharisiens voulaient que Jésus fasse ?	Les Pharisiens voulaient que Jésus leur donne un signe du ciel.

8:15	jt3x				De quoi Jésus a-t-il averti ses disciples à propos des pharisiens ?	Jésus a averti ses disciples de se méfier du levain des pharisiens.

8:16	fjm2				De quoi les disciples pensaient-ils que Jésus parlait ?	Les disciples pensaient que Jésus parlait du fait qu'ils avaient oublié d'apporter du pain.

8:19	nrwx				Jésus a rappelé à ses disciples ce qui s'était passé lorsque Jésus avait rompu cinq pains ?	Jésus leur rappelle que lorsqu'il avait rompu cinq pains, 5 000 personnes avaient été nourries et 12 paniers remplis de morceaux avaient été emportés.

8:23	lkdf				Quelles sont les deux choses que Jésus a d'abord faites à l'aveugle pour lui rendre la vue ?	Jésus lui a d'abord craché sur les yeux et lui a imposé les mains.

8:25	w8lo				Quelle est la troisième chose que Jésus a faite à l'aveugle pour lui rendre complètement la vue ?	Jésus lui impose à nouveau les mains sur les yeux.

8:28	scql				Qui étaient les gens qui disaient que Jésus était ?	Les gens disaient que Jésus était Jean le Baptiseur, Elie, ou l'un des prophètes.

8:29	pf6h				Qui Pierre a-t-il dit que Jésus était ?	Pierre a dit que Jésus était le Christ.

8:31	ssr3				À propos de quels événements futurs Jésus a-t-il commencé à enseigner clairement à ses disciples ?	Jésus a enseigné à ses disciples que le Fils de l'homme devait souffrir, être rejeté, être tué et ressusciter après trois jours.

8:33	o8md				Qu'a dit Jésus lorsque Pierre a commencé à le réprimander ?	Jésus dit à Pierre : " Reste derrière moi, Satan ! Tu ne t'intéresses pas aux choses de Dieu, mais aux choses des hommes".

8:34	vqyx				Qu'est-ce que Jésus a dit que quiconque veut le suivre doit faire ?	Jésus a dit que quiconque veut le suivre doit renoncer à lui-même, prendre sa croix et suivre Jésus.

8:36	eosc				Qu'a dit Jésus à propos du désir d'une personne de gagner les choses du monde ?	Jésus a dit : "Que sert à quelqu'un de gagner le monde entier et de perdre sa vie ?"

8:38	fczm				Qu'est-ce que Jésus a dit qu'il ferait à propos de ceux qui ont honte de lui et de ses paroles ?	Jésus a dit qu'à sa venue, il aurait honte de ceux qui ont eu honte de lui et de ses paroles.

9:1	ryud				Qui, selon Jésus, verra le royaume de Dieu venir avec puissance ?	Jésus a dit que certains qui se tenaient là avec lui ne mourraient pas avant d'avoir vu le royaume de Dieu venir avec puissance.

9:2-3	j5nw				Qu'est-il arrivé à Jésus lorsque Pierre, Jacques et Jean sont montés avec lui sur une haute montagne ?	Jésus a été transfiguré et ses vêtements sont devenus d'une brillance éclatante.

9:4	hssp				Qui parlait avec Jésus sur la montagne ?	Elijah et Moïse parlaient avec Jésus.

9:7	gnw6				Sur la montagne, qu'a dit la voix de la nuée ?	La voix dit : "C'est mon Fils bien-aimé. Ecoute-le".

9:9	wh06				Qu'a ordonné Jésus aux disciples à propos de ce qu'ils avaient vu sur la montagne ?	Jésus leur ordonna de ne dire à personne ce qu'ils avaient vu, jusqu'à ce que le Fils de l'homme soit ressuscité des morts.

9:11-13	ct8y				Qu'a dit Jésus à propos de la venue d'Elie ?	Jésus dit qu'Élie vient d'abord pour rétablir toutes choses, et qu'Élie est déjà venu.

9:17-18	tzbr				Qu'est-ce que les disciples n'ont pas pu faire pour le père et son fils ?	Les disciples n'ont pas réussi à chasser l'esprit mauvais du fils du père.

9:22	ifim				Dans quoi le mauvais esprit a-t-il jeté le garçon pour essayer de le détruire ?	Le mauvais esprit a jeté le garçon dans le feu ou dans les eaux pour essayer de le détruire.

9:23-24	ay7z				Comment le père a-t-il réagi lorsque Jésus a dit que tout était possible pour celui qui croit ?	Le père a répondu : "Je crois ! Aide mon incrédulité !"

9:28-29	uh6o				Pourquoi les disciples n'ont-ils pas réussi à chasser l'esprit muet et sourd du garçon ?	Les disciples n'ont pas pu chasser l'esprit, car il ne pouvait être chassé que par la prière.

9:31	uvpd				Qu'est-ce que Jésus a dit à ses disciples qui lui arriverait ?	Jésus leur a dit qu'il serait mis à mort, puis qu'après trois jours il ressusciterait.

9:33-34	q8mj				Sur quoi les disciples se disputaient-ils en chemin ?	Les disciples se disputaient pour savoir qui parmi eux était le plus grand.

9:35	xnwc				Qui, selon Jésus, est le premier ?	Jésus a dit que le premier est celui qui est le serviteur de tous.

9:36-37	d095				Lorsque quelqu'un reçoit un petit enfant au nom de Jésus, qui reçoit-il également ?	Quand quelqu'un reçoit un petit enfant au nom de Jésus, il reçoit aussi Jésus et celui qui l'a envoyé.

9:42	xm92				Qu'est-ce qui serait mieux pour quelqu'un qui fait trébucher un petit qui croit en Jésus ?	Il vaudrait mieux pour lui qu'on lui attache une meule au cou et qu'on le jette à la mer.

9:47	qvrv				Qu'est-ce que Jésus a dit de faire de ton œil s'il te fait trébucher ?	Jésus a dit d'arracher ton œil s'il te fait trébucher.

9:48	l2p2				Qu'est-ce que Jésus a dit qu'il se passe en enfer ?	Jésus a dit qu'en enfer, le ver ne meurt pas, et que le feu ne s'éteint pas.

10:2	tk8r				Quelle question les Pharisiens ont-ils posée à Jésus pour le tester ?	Les Pharisiens demandèrent à Jésus s'il était permis à un mari de divorcer de sa femme.

10:4	p0nl				Quel commandement Moïse avait-il donné aux Juifs concernant le divorce ?	Moïse avait permis à un homme d'écrire un certificat de divorce et de renvoyer sa femme.

10:5	cuwg				Pourquoi Moïse avait-il donné aux Juifs ce commandement concernant le divorce ?	Moïse avait donné ce commandement aux Juifs à cause de la dureté de leur cœur.

10:6	b18w				À quel événement historique Jésus fait-il référence lorsqu'il parle aux Pharisiens du dessein originel de Dieu pour le mariage ?	Jésus a fait référence à la création de l'homme et de la femme au début lorsqu'il a parlé du dessein initial de Dieu pour le mariage.

10:7-8	lkz2				Selon Jésus, que deviennent les deux personnes, l'homme et sa femme, lorsqu'ils se marient ?	Jésus a dit que les deux deviennent une seule chair.

10:9	bxgt				Qu'a dit Jésus à propos de ce que Dieu unit dans le mariage ?	Jésus a dit que ce que Dieu a uni, que l'homme ne le sépare pas.

10:13-14	ftqq				Quelle a été la réaction de Jésus lorsque les disciples ont réprimandé ceux qui lui amenaient des petits enfants ?	Jésus s'est mis en colère contre les disciples et leur a dit de permettre aux petits enfants de venir à lui.

10:15	s8f7				Comment Jésus a-t-il dit que le royaume de Dieu doit être reçu pour y entrer ?	Jésus a dit que pour entrer dans le royaume de Dieu, il faut être accueilli comme un petit enfant.

10:19	slbl				Qu'est-ce que Jésus a d'abord dit à l'homme qu'il devait faire pour hériter de la vie éternelle ?	Jésus a dit à l'homme qu'il ne devait pas tuer, ne pas commettre d'adultère, ne pas voler, ne pas témoigner faussement, ne pas frauder, et qu'il devait honorer son père et sa mère.

10:21	h1nt				Quel commandement supplémentaire Jésus a-t-il alors donné à l'homme ?	Jésus ordonna alors à l'homme de vendre tout ce qu'il avait et de le suivre.

10:22	r5hj				Comment l'homme a-t-il réagi lorsque Jésus lui a donné ce commandement, et pourquoi ?	L'homme était triste et s'en allait, car il avait beaucoup de biens.

10:23-25	fn0b				Selon Jésus, qui avait de grandes difficultés à entrer dans le royaume de Dieu ?	Jésus a dit que les riches avaient beaucoup de mal à entrer dans le royaume de Dieu.

10:26-27	a2pr				Comment Jésus a-t-il dit que même une personne riche pouvait être sauvée ?	Jésus a dit qu'avec les hommes, tout est impossible, mais qu'avec Dieu, tout est possible.

10:29-30	ut0n				Qu'a dit Jésus à ceux qui ont quitté leur maison, leur famille et leurs terres à cause de Jésus ?	Jésus a dit qu'ils recevraient cent fois plus dans ce monde, avec des persécutions, et la vie éternelle dans le monde à venir.

10:32	t4vq				Sur quelle route Jésus et les disciples voyageaient-ils ?	Jésus et les disciples étaient en voyage sur la route qui monte à Jérusalem.

10:33-34	ie59				Qu'est-ce que Jésus a dit à ses disciples qui lui arriverait à Jérusalem ?	Jésus a dit à ses disciples qu'il serait condamné à mort et livré aux païens.

10:35-37	mu7d				Quelle demande Jacques et Jean ont-ils faite à Jésus ?	Jacques et Jean ont demandé à être assis à la droite et à la gauche de Jésus dans la gloire.

10:39	xafk				Qu'est-ce que Jésus a dit que Jacques et Jean allaient endurer ?	Jésus a dit que Jacques et Jean supporteraient la coupe que Jésus boirait, et le baptême par lequel Jésus serait baptisé.

10:40	vd45				Jésus a-t-il accédé à la demande de Jacques et Jean ?	Non. Jésus a dit que les sièges à sa droite et à sa gauche ne lui appartenaient pas.

10:42	m3q4				Selon Jésus, comment les dirigeants des nations païennes traitent-ils leurs sujets ?	Jésus a dit que les chefs des nations dominent leurs sujets.

10:43-44	yky8				Comment Jésus a-t-il dit que ceux qui veulent être grands parmi les disciples doivent vivre ?	Jésus a dit que ceux qui veulent être grands parmi les disciples doivent être les serviteurs de tous.

10:48	ece0				Qu'a fait l'aveugle Bartimée lorsque beaucoup l'ont réprimandé en lui disant de se taire ?	Bartimée s'écrie d'autant plus fort : "Fils de David, aie pitié de moi !"

10:52	rato				Qu'est-ce que Jésus a dit qui a guéri Bartimée de sa cécité ?	Jésus a dit que la foi de Bartimée l'avait guéri.

11:2	agr2				Qu'est-ce que Jésus a envoyé faire à deux de ses disciples dans le village d'en face ?	Jésus les envoya lui apporter un ânon qui n'avait jamais été monté.

11:5-6	u8he				Que s'est-il passé lorsque les disciples ont détaché l'ânon ?	Des gens ont demandé aux disciples ce qu'ils faisaient, alors ils ont parlé aux gens comme Jésus leur avait dit, et les gens les ont laissés partir.

11:8	cgd8				Qu'ont répandu les gens sur la route pendant que Jésus montait sur l'ânon ?	Sur la route, les gens étalaient leurs vêtements et les branches qu'ils avaient coupées dans les champs.

11:10	vfq1				À propos de quel royaume à venir les gens criaient-ils lorsque Jésus se dirigeait vers Jérusalem ?	Le peuple criait que le royaume de leur père David arrivait.

11:11	pj8s				Qu'a fait Jésus lorsqu'il est entré dans la zone du temple ?	Jésus a regardé autour de lui, puis il s'est rendu à Béthanie.

11:14	qg7e				Qu'a fait Jésus lorsqu'il a vu le figuier sans fruit ?	Jésus a dit au figuier : "Personne ne mangera jamais de tes fruits".

11:15-16	pbr1				Qu'a fait Jésus lorsqu'il est entré dans la zone du temple cette fois-ci ?	Jésus a chassé les vendeurs et les acheteurs et n'a permis à personne de transporter des marchandises dans le temple.

11:17	dgql				D'après les Écritures, qu'est-ce que Jésus a dit que le temple devait être ?	Jésus a dit que le temple était censé être une maison de prière pour toutes les nations.

11:17	hpgp				Qu'est-ce que Jésus a dit que les chefs des prêtres et les scribes avaient fait du temple ?	Jésus a dit qu'ils avaient fait du temple une caverne de voleurs.

11:18	x7nj				Que tentaient de faire les chefs des prêtres et les scribes à Jésus ?	Les chefs des prêtres et les scribes essayaient de tuer Jésus.

11:20	geb7				Qu'est-il arrivé au figuier dont Jésus avait parlé ?	Le figuier auquel Jésus avait parlé s'est desséché jusqu'à ses racines.

11:24	okwn				Qu'a dit Jésus à propos de tout ce que nous demandons dans la prière ?	Jésus a dit que tout ce que nous demandons dans la prière, nous devons croire que nous l'avons reçu, et il sera à nous.

11:25	udpr				Qu'est-ce que Jésus a dit que nous devons faire pour que le Père qui est dans les cieux vous pardonne aussi ?	Jésus a dit que nous devons pardonner ce que nous avons contre quelqu'un afin que le Père nous pardonne aussi.

11:27-28	y3u8				Dans le temple, que voulaient savoir les chefs des prêtres, les scribes et les anciens de la part de Jésus ?	Ils voulaient savoir par quelle autorité il faisait les choses qu'il faisait.

11:29-30	cdce				Quelle question Jésus a-t-il posée aux chefs des prêtres, aux scribes et aux anciens ?	Jésus leur demanda si le baptême de Jean venait du ciel ou des hommes.

11:31	qfb1				Pourquoi les chefs des prêtres, les scribes et les anciens ne voulaient-ils pas répondre que le baptême de Jean venait du ciel ?	Ils ne voulaient pas donner cette réponse car Jésus leur demanderait pourquoi ils ne croyaient pas Jean.

11:32	zg5i				Pourquoi les chefs des prêtres, les scribes et les anciens ne voulaient-ils pas répondre que le baptême de Jean venait des hommes ?	Ils ne voulaient pas donner cette réponse car ils craignaient le peuple, qui croyait tous que Jean était un prophète.

12:1	k9g4				Après avoir construit et loué le vignoble, qu'a fait le propriétaire ?	Après avoir construit et loué le vignoble, le propriétaire est parti en voyage.

12:5	qm75				Que faisaient les vignerons aux nombreux serviteurs que le propriétaire envoyait pour recevoir le fruit de la vigne ?	Les vignerons ont battu certains et tué certains des nombreux serviteurs.

12:6	p7p2				Qui le propriétaire a-t-il envoyé en dernier aux vignerons ?	Le propriétaire a envoyé son fils bien-aimé en dernier.

12:8	abgx				Qu'ont fait les tailleurs de vigne avec celle envoyée en dernier par le propriétaire ?	Les vignerons l'ont saisi, l'ont tué et l'ont jeté hors de la vigne.

12:9	bpsj				Que fera le propriétaire de la vigne aux vignerons ?	Le propriétaire de la vigne viendra détruire les vignerons et donnera la vigne à d'autres.

12:10	c54c				Dans l'Écriture, qu'arrive-t-il à la pierre que les bâtisseurs ont rejetée ?	La pierre que les bâtisseurs ont rejetée est devenue la pierre angulaire.

12:14	n5ve				Quelle question les Pharisiens et certains Hérodiens ont-ils posée à Jésus ?	Ils lui demandèrent s'il était licite ou non de payer des impôts à César.

12:17	z3xo				Comment Jésus a-t-il répondu à leur question ?	Jésus a dit qu'il fallait donner à César ce qui appartient à César et donner à Dieu ce qui appartient à Dieu.

12:18	jy15				En quoi les Sadducéens ne croyaient-ils pas ?	Les Sadducéens ne croyaient pas à la résurrection.

12:22	nmuk				Dans l'histoire racontée par les Sadducéens, combien de maris la femme a-t-elle eus ?	Cette femme a eu sept maris.

12:23	fehv				Quelle question les sadducéens ont-ils posée à Jésus au sujet de la femme ?	Ils ont demandé lequel des hommes serait le mari de la femme à la résurrection.

12:24	bs3e				Quelle raison Jésus a-t-il donnée aux sadducéens pour justifier leur erreur ?	Jésus a dit que les sadducéens ne connaissaient pas les Écritures ni la puissance de Dieu.

12:25	ks2q				Quelle a été la réponse de Jésus à la question des sadducéens concernant la femme ?	Jésus a dit qu'à la résurrection, les hommes et les femmes ne se marieront pas, mais seront comme des anges.

12:26-27	ete1				Comment Jésus a-t-il montré, à partir des Écritures, qu'il y a une résurrection ?	Jésus a cité le livre de Moïse, où Dieu dit qu'il est le Dieu d'Abraham, d'Isaac et de Jacob - qui doivent donc être encore en vie.

12:29-30	tzeh				Quel est le commandement le plus important selon Jésus ?	Jésus a dit qu'aimer le Seigneur ton Dieu de tout ton cœur, de toute ton âme, de tout ton esprit et de toute ta force est le commandement le plus important.

12:31	mh0y				Quel est le deuxième commandement, selon Jésus ?	Jésus a dit qu'aimer son prochain comme soi-même est le deuxième commandement.

12:35-37	qo6t				Quelle question Jésus a-t-il posée aux scribes à propos de David ?	Jésus a demandé comment David pouvait appeler le Christ Seigneur alors que le Christ est le fils de David.

12:38-40	ndcc				De quoi Jésus a-t-il dit aux gens de se méfier au sujet des scribes ?	Jésus dit que les scribes désirent être honorés par les hommes, mais ils dévorent les maisons des veuves et font de longues prières à la vue des gens.

12:44	vxj4				Pourquoi Jésus a-t-il dit que la pauvre veuve avait mis plus que tous ceux qui avaient contribué à la caisse d'offrandes ?	Jésus a dit qu'elle avait contribué davantage parce qu'elle avait donné de sa pauvreté alors que les autres avaient donné de leur abondance.

13:2	a889				Qu'est-ce que Jésus a dit qu'il arriverait aux merveilleuses pierres et bâtiments du temple ?	Jésus a dit que l'on ne laisserait pas une pierre sur une autre.

13:4	et3p				Quelle question les disciples posent-ils alors à Jésus ?	Les disciples demandèrent à Jésus quand ces choses allaient se produire, et quel en serait le signe.

13:5-6	znvi				De quoi Jésus a-t-il dit que les disciples devaient faire attention ?	Jésus dit que les disciples doivent veiller à ce que personne ne les égare.

13:7-8	umt6				Qu'est-ce que Jésus a dit qui serait le début des douleurs de la naissance ?	Jésus a dit que le début des douleurs de la naissance serait des guerres, des rumeurs de guerres, des tremblements de terre et des famines.

13:9	arqh				Qu'est-ce que Jésus a dit qu'il arriverait aux disciples ?	Jésus a dit que les disciples seraient livrés aux conseils, battus dans les synagogues, et qu'ils se présenteraient devant les gouverneurs et les rois en témoignage.

13:10	p9a0				Qu'est-ce que Jésus a dit qui doit arriver en premier ?	Jésus a dit que l'Évangile devait d'abord être prêché à toutes les nations.

13:12	zlct				Qu'est-ce que Jésus a dit qu'il se passerait entre les membres d'une famille ?	Jésus a dit qu'un membre de la famille livrerait un autre membre de la famille à la mort.

13:13	trz5				Qui, selon Jésus, sera sauvé ?	Jésus a dit que celui qui endurera jusqu'à la fin sera sauvé.

13:14	a194				Qu'est-ce que Jésus a dit que ceux de Judée devraient faire quand ils verront l'abomination de la désolation ?	Jésus a dit que ceux de Judée devraient fuir dans les montagnes lorsqu'ils verront l'abomination de la désolation.

13:20	pgpi				Qu'est-ce que Jésus a dit que le Seigneur ferait pour le bien des élus, afin qu'ils soient sauvés ?	Jésus a dit que le Seigneur abrégerait les jours de tribulation pour le bien des élus.

13:22	zmok				Qui, selon Jésus, se lèverait pour tromper les gens ?	Jésus a dit que de faux Christs et de faux prophètes se lèveraient pour tromper les gens.

13:24-25	mxj5				Qu'arrivera-t-il aux lumières et aux puissances dans les cieux après la tribulation de ces jours ?	Le soleil et la lune s'obscurciront, les étoiles tomberont du ciel. Les puissances des cieux seront ébranlées.

13:26	ctur				Que verront les gens dans les nuages ?	Ils verront le Fils de l'homme venir sur les nuées avec une grande puissance et une grande gloire.

13:27	kyem				Que fera le Fils de l'homme quand il viendra ?	Le Fils de l'homme rassemblera ses élus des extrémités de la terre et du ciel.

13:30	zo90				Qu'est-ce que Jésus a dit qui ne passerait pas avant que toutes ces choses ne se produisent ?	Jésus a dit que cette génération ne passerait pas avant que toutes ces choses ne se produisent.

13:31	oxg8				Qu'est-ce que Jésus a dit qui ne passerait jamais ?	Jésus a dit que ses paroles ne passeraient jamais.

13:32	pmdn				Quand Jésus a-t-il dit que toutes ces choses arriveraient ?	Jésus a dit que personne ne connaît le jour ou l'heure, sauf le Père.

13:33	mck3				Quel ordre Jésus a-t-il donné à ses disciples concernant l'heure ?	Jésus a dit à ses disciples d'être vigilants, de veiller et de prier.

13:35	zfgp				Quel ordre Jésus a-t-il donné à ses disciples concernant sa venue ?	Jésus a dit à ses disciples de rester en alerte en attendant sa venue.

13:37	c6rm				Quel ordre Jésus a-t-il donné à ses disciples concernant sa venue ?	Jésus a dit à ses disciples d'être vigilants et de veiller.

14:1	l7mb				Qu'est-ce que les chefs des prêtres et les scribes envisageaient de faire ?	Ils réfléchissaient à la manière d'arrêter furtivement Jésus, puis de le tuer.

14:2	ezqi				Pourquoi les chefs des prêtres et les scribes ne voulaient-ils pas agir pendant la fête des pains sans levain ?	Ils craignaient qu'une émeute n'éclate au sein de la population.

14:3	lyx4				Qu'a fait une femme à Jésus dans la maison de Simon le lépreux ?	Une femme a brisé une fiole de liquide coûteux et l'a versée sur la tête de Jésus.

14:5	tn7q				Pourquoi certains réprimandaient-ils la femme ?	Certains reprochaient à la femme de ne pas avoir vendu le parfum et donné l'argent aux pauvres.

14:8	rqmp				Qu'est-ce que Jésus a dit que la femme avait fait pour lui ?	Jésus a dit que la femme avait oint son corps pour l'enterrer.

14:9	s2sy				Quelle promesse Jésus a-t-il faite au sujet de ce que la femme avait fait ?	Jésus a promis que partout où l'Évangile serait prêché dans le monde entier, on parlerait de ce que la femme avait fait en mémoire d'elle.

14:10	rueu				Pourquoi Judas Iscariot est-il allé voir les chefs des prêtres ?	Judas Iscariote s'en alla vers les chefs des prêtres, afin de leur livrer Jésus.

14:12-15	glcb				Comment les disciples ont-ils trouvé l'endroit où ils allaient tous manger la Pâque ?	Jésus leur dit d'aller dans la ville et de suivre un homme portant une cruche d'eau, puis de lui demander où se trouvait la chambre d'hôtes qu'ils utiliseraient pour manger la Pâque.

14:18	kkmc				Qu'a dit Jésus alors qu'ils étaient à table et mangeaient ?	Jésus a dit que l'un des disciples qui mangeait avec lui le trahirait.

14:20	grhr				Quel disciple a dit Jésus qu'il le trahirait ?	Jésus a dit que le disciple qui tremperait du pain avec lui dans le bol le trahirait.

14:21	lk7c				Qu'a dit Jésus sur le destin du disciple qui l'a trahi ?	Jésus a dit qu'il aurait mieux valu pour lui qu'il ne soit pas né.

14:22	jok6				Qu'a dit Jésus en donnant le pain rompu aux disciples ?	Jésus a dit : "Prenez ceci. Ceci est mon corps."

14:24	apk9				Qu'a dit Jésus en donnant la coupe aux disciples ?	Jésus a dit : "Ceci est mon sang, le sang de l'alliance, le sang qui est répandu pour la multitude."

14:25	r9so				Quand Jésus a-t-il dit qu'il boirait à nouveau de ce fruit de la vigne ?	Jésus a dit qu'il boirait à nouveau de ce fruit de la vigne le jour où il le boirait à nouveau dans le royaume de Dieu.

14:27	yns3				Au Mont des Oliviers, qu'est-ce que Jésus a prédit au sujet de ses disciples ?	Jésus a prédit que ses disciples tomberaient tous à cause de lui.

14:30	gvoq				Qu'a dit Jésus à Pierre après que celui-ci ait déclaré qu'il ne tomberait jamais ?	Jésus a dit à Pierre qu'avant que le coq chante deux fois, Pierre renierait Jésus trois fois.

14:32-34	v9za				Qu'est-ce que Jésus a dit à ses trois disciples de faire pendant qu'il priait ?	Jésus leur dit de rester là et de veiller.

14:35	uvgs				Pour quoi Jésus a-t-il prié ?	Jésus a prié pour que cette heure passe loin de lui.

14:36	u792				Qu'est-ce que Jésus était prêt à accepter comme réponse à sa prière au Père ?	Jésus était prêt à accepter ce que le Père voulait pour lui.

14:37	vaa4				Qu'a trouvé Jésus lorsqu'il est retourné auprès des trois disciples ?	Jésus a trouvé les trois disciples en train de dormir.

14:40	tadu				Qu'a trouvé Jésus la deuxième fois qu'il est revenu de sa prière ?	Jésus a trouvé les trois disciples en train de dormir.

14:41	yc6c				Qu'a trouvé Jésus la troisième fois qu'il est revenu de sa prière ?	Jésus a trouvé les trois disciples en train de dormir.

14:44-45	xku4				Quel signe Judas a-t-il donné pour montrer aux gardes quelle personne était Jésus ?	Judas a embrassé Jésus pour montrer quelle personne était Jésus.

14:48-49	afwa				Qu'est-ce que Jésus a dit que l'on faisait lors de son arrestation pour accomplir les Écritures ?	Jésus dit que l'Écriture s'accomplit, car ils sont venus l'arrêter comme un brigand, avec des épées et des bâtons.

14:50	v5q7				Qu'ont fait ceux qui étaient avec Jésus lorsque celui-ci a été arrêté ?	Ceux qui étaient avec Jésus l'ont quitté et se sont enfuis.

14:51-52	xj5b				Qu'a fait un jeune homme qui suivait Jésus lorsque celui-ci a été arrêté ?	Le jeune homme laissa là son vêtement de lin et s'enfuit nu.

14:53-54	mcjr				Où était Pierre lorsque Jésus a été amené au grand prêtre ?	Peter s'est assis parmi les gardes, près d'un feu pour se réchauffer.

14:55-56	k3gb				Qu'est-ce qui n'allait pas dans le témoignage contre Jésus donné au Conseil ?	Le témoignage contre Jésus était faux et ne concordait pas.

14:61	g1ev				Quelle question le grand prêtre a-t-il posée à Jésus sur son identité ?	Le grand prêtre a demandé à Jésus s'il était le Christ, le fils du Bienheureux.

14:62	rabu				Quelle a été la réponse de Jésus à la question du grand prêtre ?	Jésus a répondu en disant : "Je le suis."

14:64	xher				En entendant la réponse de Jésus, de quoi le grand prêtre a-t-il dit que Jésus était coupable ?	Le grand prêtre a dit que Jésus était coupable de blasphème.

14:65	if4h				Qu'ont-ils fait à Jésus après l'avoir condamné comme méritant la mort ?	Ils lui ont craché dessus, l'ont frappé et battu.

14:66-68	tjt2				Quelle a été la réponse de Pierre à la servante qui a dit que Pierre était avec Jésus ?	Pierre répondit qu'il ne savait pas ou ne comprenait pas de quoi la jeune fille parlait.

14:71	orue				Quelle a été la réponse de Pierre lorsqu'on lui a demandé une troisième fois s'il était l'un des disciples de Jésus ?	Pierre a juré et s'est mis sous le coup de la malédiction qu'il ne connaissait pas Jésus.

14:72	dgcn				Que s'est-il passé après que Pierre ait répondu pour la troisième fois ?	Après que Pierre ait répondu pour la troisième fois, le coq a chanté une deuxième fois.

14:72	wesn				Qu'a fait Pierre après avoir entendu le coq ?	Après avoir entendu le coq, Pierre s'est effondré et a pleuré.

15:1	myuo				Tôt le matin, qu'ont fait les chefs des prêtres à Jésus ?	Tôt le matin, ils lient Jésus et le remettent à Pilate.

15:5	w0fh				Alors que les chefs des prêtres présentent de nombreuses accusations contre Jésus, qu'est-ce qui étonne Pilate à propos de Jésus ?	Pilate s'étonne que Jésus ne lui réponde plus.

15:6	juii				Que faisait habituellement Pilate pour la foule au moment de la fête ?	Pilate libérait habituellement à la foule un prisonnier qu'elle demandait au moment de la fête.

15:10	c38r				Pourquoi Pilate voulait-il remettre Jésus à la foule ?	Pilate savait que c'était par jalousie que les chefs des prêtres lui avaient livré Jésus.

15:11	cjv6				Qui la foule a-t-elle crié pour être libéré ?	La foule a crié pour que Barabbas soit libéré.

15:12-13	v1o8				Qu'est-ce que la foule a dit qu'il fallait faire avec le roi des Juifs ?	La foule a dit que le roi des Juifs devait être crucifié.

15:17	hku5				Comment la cohorte de soldats a-t-elle habillé Jésus ?	Les soldats ont revêtu Jésus d'une robe pourpre et lui ont mis une couronne d'épines torsadée.

15:21	vt0v				Qui a porté la croix de Jésus ?	Un passant, Simon de Cyrène, a été contraint de porter la croix de Jésus.

15:22	ekh7				Comment s'appelle l'endroit où les soldats ont amené Jésus pour le crucifier ?	Le nom de l'endroit était Golgotha, ce qui signifie lieu du crâne.

15:24	osm6				Qu'ont fait les soldats avec les vêtements de Jésus ?	Les soldats ont tiré au sort les vêtements de Jésus.

15:26	pb4n				Quelle accusation contre Jésus les soldats ont-ils écrite sur le panneau ?	Les soldats ont écrit "Le Roi des Juifs" sur le panneau.

15:29-30	dh4r				Qu'est-ce que ceux qui passaient par là ont demandé à Jésus de faire ?	Ceux qui passaient par là ont mis Jésus au défi de se sauver et de descendre de la croix.

15:31-32	o4cc				Qu'est-ce que les chefs des prêtres ont dit à Jésus de faire pour qu'ils croient ?	Les chefs des prêtres ont dit que Jésus devait descendre de la croix pour qu'ils croient.

15:32	wdk2				Quels titres les chefs des prêtres utilisaient-ils pour Jésus lorsqu'ils se moquaient de lui ?	Les grands prêtres ont appelé Jésus le Christ et le roi d'Israël.

15:33	ppto				Que s'est-il passé à la sixième heure ?	À la sixième heure, l'obscurité se fit sur toute la terre.

15:34	t3wi				Qu'a crié Jésus à la neuvième heure ?	Jésus s'est écrié : "Mon Dieu, mon Dieu, pourquoi m'as-tu abandonné ?"

15:37	x92v				Qu'a fait Jésus avant de mourir ?	Jésus a crié d'une voix forte avant de mourir.

15:38	jdq8				Que s'est-il passé dans le temple quand Jésus est mort ?	Le rideau du temple a été fendu en deux de haut en bas lorsque Jésus est mort.

15:39	tf5m				Qu'a témoigné le centurion lorsqu'il a vu comment Jésus est mort ?	Le centurion a témoigné que cet homme était vraiment le Fils de Dieu.

15:42	mthb				Quel jour Jésus est-il mort ?	Jésus est mort la veille du sabbat.

15:43-46	yusf				Qu'a fait Joseph d'Arimathie après la mort de Jésus ?	Joseph d'Arimathie descendit Jésus de la croix, l'enveloppa dans une toile de lin et le déposa dans un tombeau, en roulant une pierre contre l'entrée du tombeau.

16:1-2	l3lc				Quand les femmes se sont-elles rendues au tombeau de Jésus pour oindre son corps ?	Les femmes se sont rendues au tombeau le premier jour de la semaine, lorsque le soleil s'est levé.

16:4	b2oz				Comment les femmes sont-elles entrées dans le tombeau alors qu'il y avait une très grosse pierre à l'entrée ?	Quelqu'un avait fait rouler la très grosse pierre de l'entrée.

16:5	habp				Qu'ont vu les femmes lorsqu'elles sont entrées dans le tombeau ?	Les femmes ont vu un jeune homme habillé d'une robe blanche assis sur le côté droit.

16:6	nvic				Qu'a dit le jeune homme à propos de Jésus ?	Le jeune homme a dit que Jésus était ressuscité et qu'il n'était pas là.

16:7	iqwx				Où le jeune homme a-t-il dit que les disciples rencontreraient Jésus ?	Le jeune homme a dit que les disciples rencontreraient Jésus en Galilée.

16:9	mgj4				À qui Jésus est-il apparu pour la première fois après sa résurrection ?	Jésus est apparu pour la première fois à Marie-Madeleine.

16:11	ge9j				Comment les disciples de Jésus ont-ils réagi lorsque Marie leur a dit qu'elle avait vu Jésus vivant ?	Les disciples n'ont pas cru.

16:13	bhrb				Comment les disciples de Jésus ont-ils réagi lorsque deux autres personnes leur ont dit qu'elles avaient vu Jésus vivant ?	Les disciples n'ont pas cru.

16:14	f1b4				Lorsqu'il est apparu aux disciples, que leur a dit Jésus à propos de leur incrédulité ?	Jésus a réprimandé les disciples pour leur incrédulité.

16:15	zvc5				Quel ordre Jésus a-t-il donné aux disciples ?	Jésus a ordonné aux disciples d'aller dans le monde entier et de prêcher l'Évangile.

16:16	p7ix				Qui, selon Jésus, sera sauvé ?	Jésus a dit que ceux qui croiraient et seraient baptisés seraient sauvés.

16:16	u11w				Qui, selon Jésus, sera condamné ?	Jésus a dit que ceux qui ne croient pas seront condamnés.

16:17-18	l58h				Quels signes Jésus a-t-il dit qu'ils accompagneraient ceux qui croient ?	Jésus a dit que ceux qui croyaient chasseraient les démons, parleraient de nouvelles langues, ne seraient pas blessés par quelque chose de mortel et guériraient les autres.

16:19	bac6				Qu'est-il arrivé à Jésus après qu'il ait parlé aux disciples ?	Après avoir parlé aux disciples, Jésus a été enlevé au ciel et s'est assis à la droite de Dieu.

16:20	wd92				Que firent alors les disciples ?	Les disciples sont alors partis et ont prêché partout.

16:20	f45x				Qu'a fait le Seigneur alors ?	Le Seigneur a alors travaillé avec les disciples et a confirmé la parole par des signes miraculeux.
