1:1	tojv				De qui cette révélation est-elle venue en premier lieu, et à qui la révélation est-elle montrée ?	La révélation de Jésus-Christ est venue de Dieu, et elle est montrée à ses serviteurs.

1:1	g2lr				Quand les événements de la révélation auraient-ils lieu ?	Les événements de la révélation allaient bientôt avoir lieu.

1:3	qgud				Qui sera béni par ce livre ?	Ceux qui lisent à haute voix, écoutent et obéissent aux paroles de ce livre seront bénis.

1:4	vzw3				Qui a écrit ce livre, et à qui s'adressait-il ?	Jean a écrit ce livre, et il a écrit aux sept églises d'Asie.

1:5	ji9p				Quels sont les trois titres que Jean donne à Jésus-Christ ?	Jean donne à Jésus-Christ les titres de témoin fidèle, de premier-né des morts et de chef des rois de la terre.

1:6	dpp4				Qu'est-ce que Jésus a fait des croyants ?	Jésus a fait des croyants un royaume et des prêtres pour Dieu le Père.

1:7	pizn				Qui verra Jésus quand il viendra ?	Tous les yeux verront Jésus quand il viendra, y compris ceux qui l'ont transpercé.

1:8	r9cy				Comment le Seigneur Dieu se décrit-il ?	Le Seigneur Dieu se décrit comme l'alpha et l'oméga, celui qui est, qui était et qui vient, le Tout-Puissant.

1:9	ftzo				Pourquoi Jean était-il sur l'île de Patmos ?	Jean se trouvait sur l'île de Patmos à cause de la parole de Dieu et du témoignage de Jésus.

1:11	ogsn				Qu'est-ce que la voix forte derrière Jean lui a dit de faire ?	La voix forte dit à Jean d'écrire dans un livre ce qu'il a vu et de l'envoyer aux sept églises.

1:14	jd6c				Quel genre de cheveux et d'yeux avait l'homme que Jean a vu ?	L'homme que Jean a vu avait des cheveux blancs comme de la laine et des yeux comme une flamme ardente.

1:16	h0pg				Qu'est-ce qui était dans la main droite de l'homme, et qu'est-ce qui sortait de sa bouche ?	L'homme avait sept étoiles dans sa main droite et une épée aiguë à deux tranchants sortait de sa bouche.

1:17	vylp				Qu'a fait Jean quand il a vu l'homme ?	John est tombé aux pieds de l'homme comme un mort.

1:18	h71o				Quelles clés l'homme a-t-il dit avoir ?	L'homme a dit qu'il avait les clés de la mort et de l'Hadès.

1:20	mqey				Quelle était la signification des sept étoiles et des sept chandeliers d'or ?	Les sept étoiles étaient les anges des sept églises, et les sept chandeliers étaient les sept églises.

2:1	qoky				A quel ange est adressée la partie suivante du livre ?	La partie suivante du livre est écrite à l'ange de l'église d'Ephèse.

2:2	zaft				Qu'a fait l'église d'Ephèse à l'égard de ceux qui sont mauvais et des faux prophètes ?	L'église d'Ephèse n'a pas supporté ceux qui sont mauvais et a mis à l'épreuve les faux prophètes.

2:4	qip9				Qu'est-ce que le Christ a contre l'église d'Ephèse ?	Le Christ reproche à l'église d'Ephèse d'avoir laissé derrière elle son premier amour.

2:5	eryv				Que dit le Christ qu'il fera s'ils ne se repentent pas ?	Le Christ dit qu'il viendra et enlèvera leur chandelier de son emplacement s'ils ne se repentent pas.

2:7	csq2				Que promet le Christ à ceux qui vainquent ?	Le Christ promet que ceux qui vaincront mangeront de l'arbre de vie dans le paradis de Dieu.

2:8	sxlf				A quel ange est adressée la partie suivante du livre ?	La partie suivante du livre est écrite à l'ange de l'église de Smyrne.

2:9	hzjq				Qu'a vécu l'église de Smyrne ?	L'église de Smyrne a connu la souffrance, la pauvreté et la calomnie.

2:10-11	f4d1				Que promet le Christ à ceux qui sont fidèles jusqu'à la mort et qui vainquent ?	Le Christ promet que ceux qui sont fidèles jusqu'à la mort et vainqueurs recevront la couronne de vie et ne seront pas atteints par la seconde mort.

2:12	kbqb				A quel ange est adressée la partie suivante du livre ?	La partie suivante du livre est écrite à l'ange de l'église de Pergame.

2:13	hb2u				Où vit l'église de Pergame ?	L'église de Pergame vit là où se trouve le trône de Satan.

2:13	xvms				Qu'a fait l'église de Pergame les jours où Antipas a été tué ?	L'église de Pergame s'est attachée au nom du Christ et n'a pas renié la foi à l'époque où Antipas a été tué.

2:14-15	ea63				A quels deux enseignements se sont tenus certains membres de l'église de Pergame ?	Certains, dans l'église de Pergame, se sont attachés aux enseignements de Balaam et aux enseignements des Nicolaïtes.

2:16	t9yq				Que prévient le Christ qu'il fera si ceux qui s'accrochent à ces faux enseignements ne se repentent pas ?	Le Christ prévient qu'il viendra et fera la guerre à ceux qui s'accrochent à ces faux enseignements.

2:17	g4yi				Que promet le Christ à ceux qui vainquent ?	Le Christ promet que ceux qui vaincront mangeront la manne cachée et recevront une pierre blanche avec un nouveau nom.

2:18	xjbu				A quel ange est adressée la partie suivante du livre ?	La partie suivante du livre est écrite à l'ange de l'église de Thyatire.

2:19	mfav				Quelles bonnes choses le Christ sait-il que l'église de Thyatire a fait ?	Le Christ sait que l'église de Thyatire a fait preuve d'amour, de foi, de service et de patience.

2:20	hkup				Qu'est-ce que le Christ a contre l'église de Thyatire ?	Le Christ a contre l'église de Thyatire qu'elle tolère la fausse prophétesse immorale Jézabel.

2:22-23	guip				Que prévient le Christ qu'il fera si ceux qui commettent l'adultère avec Jézabel ne se repentent pas de ses actes ?	Le Christ prévient qu'il jettera Jézabel sur un lit de malade et jettera les adultères dans la tribulation s'ils ne se repentent pas.

2:25	ubci				Que dit le Christ à ceux qui n'ont pas suivi l'enseignement de Jézabel ?	Le Christ leur dit de s'accrocher fermement à ce qu'ils ont jusqu'à ce qu'il vienne.

2:26	ifl9				Que promet le Christ à ceux qui vainquent ?	Le Christ promet à ceux qui conquièrent l'autorité sur les nations.

2:28	itwm				Que promet le Christ à ceux qui vainquent ?	Le Christ promet à ceux qui vainquent l'autorité sur les nations et l'étoile du matin.

2:29	wikb				Que dit le Christ au lecteur de ce livre ?	Le Christ dit que le lecteur doit écouter ce que l'Esprit dit aux églises.

3:1	jreq				A quel ange est adressée la partie suivante du livre ?	La partie suivante du livre est écrite à l'ange de l'église de Sardes.

3:1	l3ti				Quelle est la réputation de l'église de Sardes, mais quelle est la vérité à son sujet ?	La réputation de l'église de Sardes est qu'elle est vivante, mais la vérité est qu'elle est morte.

3:2	efk8				Que dit le Christ à l'église de Sardes ?	Le Christ les avertit de se réveiller et de renforcer ce qui reste.

3:5	lmom				Que promet le Christ à ceux qui vainquent ?	Ceux qui vaincront seront vêtus de blanc, resteront dans le livre de vie et verront leur nom prononcé devant Dieu le Père.

3:7	tulj				A quel ange est adressée la partie suivante du livre ?	La partie suivante du livre est écrite à l'ange de l'église de Philadelphie.

3:8	s2cb				Qu'a fait l'église de Philadelphie, bien qu'elle ait peu de force ?	L'église de Philadelphie a obéi à la parole du Christ et n'a pas renié son nom.

3:9	sbiq				Que fera le Christ à ceux de la synagogue de Satan ?	Le Christ fera en sorte que ceux de la synagogue de Satan se prosternent devant les pieds des saints.

3:11	ade1				Que dit le Christ à l'église de Philadelphie de faire puisqu'il vient bientôt ?	Le Christ leur dit de s'accrocher à ce qu'ils ont pour que personne ne puisse leur enlever leur couronne.

3:12	u240				Que promet le Christ à ceux qui vainquent ?	Ceux qui vaincront seront une colonne dans le temple de Dieu, auront le nom de Dieu, le nom de la cité de Dieu, et le nouveau nom du Christ écrit sur eux.

3:14	wf68				A quel ange est adressée la partie suivante du livre ?	La partie suivante du livre est écrite à l'ange de l'église de Laodicée.

3:15	m4xx				Que souhaite le Christ à l'église de Laodicée ?	Christ souhaite que l'église de Laodicée soit soit froide soit chaude.

3:16	o9mk				Que Christ s'apprête-t-il à faire à l'église de Laodicée, et pourquoi ?	Le Christ est sur le point de vomir l'église de Laodicée de sa bouche parce qu'elle est tiède.

3:17	qmlp				Que dit l'église de Laodicée à propos d'elle-même ?	L'église de Laodicée dit qu'elle est riche et n'a besoin de rien.

3:17	n4rd				Que dit le Christ à propos de l'église de Laodicée ?	Christ dit que l'église de Laodicée est misérable, pitoyable, pauvre, aveugle et nue.

3:19	akgb				Que fait le Christ pour tous ceux qu'il aime ?	Le Christ corrige et enseigne tous ceux qu'il aime.

3:21	v8vp				Que promet le Christ à ceux qui vainquent ?	Ceux qui vaincront seront assis avec le Christ sur son trône.

3:22	dxfc				Qui, selon le Christ, le lecteur du livre doit-il écouter ?	Le Christ dit que le lecteur doit écouter ce que l'Esprit dit aux églises.

4:1	wblg				Qu'est-ce que Jean a vu s'ouvrir ?	Jean a vu une porte ouverte dans le ciel.

4:1	johp				Qu'est-ce que la voix a dit qu'elle montrerait à John ?	La voix a dit qu'il montrerait à Jean ce qui doit arriver après ces choses.

4:2	cljx				Sur quoi quelqu'un était-il assis au paradis ?	Quelqu'un était assis sur un trône dans le ciel.

4:4	izbi				Qu'y avait-il autour du trône dans le ciel ?	Autour du trône, il y avait 24 trônes sur lesquels étaient assis 24 anciens.

4:5	m9i8				Quelles étaient les sept lampes qui brûlaient devant le trône ?	Les sept lampes étaient les sept esprits de Dieu.

4:6	t2cq				Quelles sont les quatre choses qui étaient autour du trône ?	Quatre créatures vivantes pleines d'yeux étaient autour du trône.

4:8	ezyh				Quels sont les trois mots que les quatre créatures vivantes répètent nuit et jour ?	Nuit et jour, sans s'arrêter, les quatre créatures vivantes disent : "Saint, saint, saint."

4:10	ua0a				Que font les 24 anciens lorsque les créatures vivantes rendent gloire à Dieu ?	Les 24 anciens se prosternent devant le trône et jettent leurs couronnes.

4:11	bwtb				Que disent les anciens sur le rôle de Dieu dans la création ?	Les anciens disent que Dieu a créé toutes choses et que, par sa volonté, toutes choses ont existé et ont été créées.

5:1	d7fu				Qu'a vu Jean dans la main droite de celui qui était assis sur le trône ?	Jean a vu un rouleau scellé par sept sceaux.

5:3-4	bsyq				Qui sur terre était digne d'ouvrir le rouleau ou de le lire ?	Personne n'était digne d'ouvrir le parchemin ou de le lire.

5:5	jrin				Qui a pu ouvrir le rouleau et ses sept sceaux ?	Le Lion de la tribu de Juda, la racine de David, a pu ouvrir le rouleau.

5:6	jg5q				Qui se tenait parmi les anciens devant le trône ?	Un Agneau, ayant l'air d'avoir été tué, se tenait parmi les anciens, devant le trône.

5:6	byza				Quels étaient les sept cornes et les sept yeux de l'Agneau ?	Les sept cornes et les sept yeux étaient les sept esprits de Dieu envoyés sur toute la terre.

5:8	y8cz				Quels étaient les bols d'or remplis d'encens que les anciens avaient ?	Les bols d'or remplis d'encens étaient les prières des saints.

5:9	m1su				Pourquoi l'Agneau était-il digne d'ouvrir le parchemin ?	L'Agneau était digne parce que, par son sang, il a acheté pour Dieu des personnes de toute tribu, langue, peuple et nation.

5:10	jbg5				Où règneront les prêtres de Dieu ?	Les prêtres de Dieu régneront sur la terre.

5:12	jmjo				Qu'est-ce que les anges ont dit que l'Agneau était digne de recevoir ?	Les anges ont dit que l'Agneau était digne de recevoir la puissance, la richesse, la sagesse, la force, l'honneur, la gloire et les louanges.

5:13	v0tv				Qui a dit que celui qui est sur le trône et l'Agneau doivent être loués pour les siècles des siècles ?	Toute chose créée dit que celui qui est sur le trône et l'Agneau doivent être loués pour les siècles des siècles.

5:14	tshy				Que firent les anciens lorsqu'ils entendirent les quatre créatures vivantes dire "Amen" ?	Les anciens se sont couchés par terre et se sont prosternés.

6:1	fmv9				Qu'a fait l'Agneau avec le parchemin ?	L'Agneau a ouvert l'un des sept sceaux du parchemin.

6:2	ejpy				Qu'a vu Jean après l'ouverture du premier sceau ?	Jean a vu un cheval blanc avec un cavalier qui partait en conquête.

6:4	cz1x				Qu'a vu Jean après l'ouverture du deuxième sceau ?	Jean a vu un cheval rouge feu dont le cavalier a enlevé la paix de la terre.

6:5	awjj				Qu'a vu Jean après l'ouverture du troisième sceau ?	Jean a vu un cheval noir dont le cavalier tenait une paire d'écailles dans sa main.

6:8	qq87				Qu'a vu Jean après l'ouverture du quatrième sceau ?	Jean vit un cheval pâle dont le cavalier s'appelait la Mort.

6:9	wzkf				Qu'a vu Jean après l'ouverture du cinquième sceau ?	Jean a vu les âmes de ceux qui avaient été tués à cause de la parole de Dieu.

6:10	u3l2				Qu'est-ce que les âmes sous l'autel voulaient savoir de Dieu ?	Les âmes voulaient savoir combien de temps avant que Dieu ne venge leur sang.

6:11	z0e4				Combien de temps a-t-on dit aux âmes qu'elles devraient attendre ?	On a dit aux âmes qu'elles devraient attendre jusqu'à ce que le nombre total de leurs compagnons d'infortune soit tué.

6:12-13	ncma				Qu'a vu Jean après l'ouverture du sixième sceau ?	Jean a vu un tremblement de terre, le soleil devenir noir, la lune devenir comme du sang, et les étoiles tomber sur la terre.

6:15-16	g9xh				Que voyait Jean faire les rois, les généraux, les riches, les puissants et tous les autres ?	Jean les a vus se cacher dans des grottes et demander aux rochers de tomber sur eux et de les cacher.

6:16	pic0				De quoi les rois, les généraux, les riches, les puissants et tous les autres voulaient-ils se cacher ?	Ils voulaient être cachés de celui qui est assis sur le trône et de la colère de l'Agneau.

6:17	gso5				Quel jour était venu ?	Le grand jour de la colère de celui qui est sur le trône et de l'Agneau était venu.

7:1	clrx				Que faisaient les quatre anges debout aux quatre coins de la terre lorsque Jean les a vus ?	Les quatre anges retenaient les quatre vents de la terre.

7:2-3	rrj8				Qu'est-ce que l'ange de l'Est a dit qu'il fallait faire avant que la terre ne soit endommagée ?	L'ange a dit qu'un sceau devait être apposé sur le front des serviteurs de Dieu avant que la terre ne soit endommagée.

7:4	bhu9				Combien de personnes de quelle tribu ont été scellées ?	Le nombre de personnes scellées était de 144 000, issues de chaque tribu du peuple d'Israël.

7:9	aj7e				Que vit alors Jean devant le trône de Dieu et devant l'Agneau ?	Jean a vu une grande multitude, de toute nation, tribu, peuple et langue, devant le trône.

7:10	nx6l				Selon ceux qui sont devant le trône, à qui appartient le salut ?	Ceux qui sont devant le trône ont crié que le salut appartient à Dieu et à l'Agneau.

7:11	qin0				Dans quelle position corporelle se trouvaient les anges, les anciens et les créatures vivantes lorsqu'ils adoraient Dieu ?	Ils se sont couchés par terre et ont mis leur visage sur le sol en adorant Dieu.

7:14	paal				Qui étaient, selon l'ancien, ceux qui étaient vêtus de robes blanches devant le trône ?	L'ancien a dit qu'ils étaient ceux qui étaient sortis de la Grande Tribulation.

7:14	ijd6				Comment ceux qui étaient devant le trône avaient-ils rendu leurs robes blanches ?	Ils avaient blanchi leurs robes en les lavant dans le sang de l'Agneau.

7:15-16	f3wv				Qu'est-ce que l'ancien a dit que Dieu ferait pour ceux qui sont vêtus de robes blanches ?	Dieu étendra sa tente sur eux afin qu'ils ne souffrent plus.

7:17	wap2				Qu'est-ce que l'ancien a dit que l'Agneau ferait pour ceux qui sont vêtus de robes blanches ?	L'Agneau les bergera et les guidera vers des sources d'eau vive.

8:1	qgou				Qu'est-ce qui a provoqué le silence dans le ciel ?	Lorsque l'Agneau ouvrit le septième sceau, il y eut un silence dans le ciel.

8:2	okve				Qu'est-ce qui a été donné aux sept anges qui se tiennent devant Dieu ?	Sept trompettes ont été données aux sept anges qui se tiennent devant Dieu.

8:4	kl10				Qu'est-ce qui s'est levé devant Dieu ?	La fumée de l'encens avec les prières des saints s'élevait devant Dieu.

8:5	ja6s				Que s'est-il passé lorsque l'ange a jeté à terre le feu de l'autel ?	Lorsque l'ange a jeté le feu, il y a eu du tonnerre, des grondements, des éclairs et un tremblement de terre.

8:7	sej1				Que s'est-il passé lorsque la première trompette a été sonnée ?	Lorsque la première trompette fut sonnée, un tiers de la terre fut brûlé ainsi qu'un tiers des arbres et toute l'herbe.

8:8-9	qxob				Que s'est-il passé lorsque la deuxième trompette a sonné ?	Lorsque la deuxième trompette fut sonnée, un tiers de la mer devint du sang, un tiers des créatures de la mer mourut, et un tiers des navires fut détruit.

8:10-11	g2ts				Que s'est-il passé lorsque la troisième trompette a été sonnée ?	Lorsque la troisième trompette a sonné, un tiers des eaux s'est transformé en absinthe, et de nombreuses personnes sont mortes.

8:12	k21z				Que s'est-il passé lorsque la quatrième trompette a sonné ?	Lorsque la quatrième trompette fut sonnée, un tiers du jour et un tiers de la nuit n'avaient pas de lumière.

8:13	gfv1				Pourquoi l'aigle a-t-il dit "Malheur, malheur, malheur" aux habitants de la terre ?	L'aigle dit : "Malheur, malheur, malheur" à ceux qui sont sur la terre à cause des trois autres coups de trompette.

9:1	b2ar				Quel genre d'étoile Jean a-t-il vu lorsque la cinquième trompette a sonné ?	Lorsque la cinquième trompette fut sonnée, Jean vit une étoile du ciel qui était tombée sur la terre.

9:2	lmbf				Qu'a fait la star ?	L'étoile a ouvert le puits de la fosse profonde et sans fin.

9:3-4	zb3l				Que devaient faire les sauterelles de la fosse ?	On a dit aux sauterelles de ne pas endommager la terre, mais seulement les personnes qui n'avaient pas le sceau de Dieu.

9:6	uqq0				Qu'est-ce que les personnes torturées par les sauterelles chercheraient mais ne trouveraient pas ?	Les personnes torturées par les sauterelles cherchaient la mort mais ne la trouvaient pas.

9:9	nz2w				Quel bruit faisaient les ailes des sauterelles ?	Le bruit des ailes des sauterelles ressemblait au bruit que font de nombreux chars et chevaux courant au combat.

9:11	m74i				Qui était le roi des sauterelles ?	Le roi des sauterelles était Abaddon, ou en grec, Apollyon, l'ange de la fosse.

9:12	veo7				Que s'est-il passé après que la cinquième trompette ait été sonnée ?	Le premier malheur est passé après que la cinquième trompette a été sonnée.

9:13	kqt8				Quelle voix Jean a-t-il entendue lorsque la sixième trompette a été sonnée ?	Lorsque la sixième trompette a retenti, Jean a entendu une voix venant de l'autel d'or qui est présent devant Dieu.

9:15	lc0j				Qu'ont fait les quatre anges quand ils ont entendu la voix ?	Lorsqu'ils ont entendu la voix, les quatre anges ont été libérés pour tuer un tiers de l'humanité.

9:16	uaf1				Combien de soldats à cheval Jean a-t-il vu ?	John a vu 200.000.000 de soldats à cheval.

9:18	qz7i				Quels fléaux ont tué un tiers du peuple ?	Les fléaux du feu, de la fumée et du soufre provenant de la bouche des chevaux ont tué un tiers de la population.

9:20	gbe4				Comment ont réagi les personnes qui n'ont pas été tuées par les fléaux ?	Les personnes qui n'ont pas été tuées par les fléaux ne se sont pas repenties de leurs œuvres et n'ont pas cessé d'adorer les démons.

10:1	xs18				À quoi ressemblaient le visage et les pieds de l'ange puissant que Jean a vu ?	L'ange avait un visage comme le soleil et des pieds comme des colonnes de feu.

10:2	rp2i				Où se tenait l'ange ?	L'ange se tenait debout, le pied droit sur la mer et le pied gauche sur la terre.

10:4	s7ya				Qu'a-t-on dit à Jean de ne pas écrire ?	On a dit à Jean de ne pas écrire ce que les sept tonnerres ont dit.

10:6	crb4				Par qui l'ange puissant a-t-il juré ?	L'ange puissant jura par celui qui vit aux siècles des siècles, qui a créé le ciel, la terre et la mer.

10:7	qhcn				Qu'est-ce que l'ange puissant a dit qui ne serait plus retardé ?	L'ange a dit que lorsque la septième trompette retentirait, il n'y aurait plus de retard, mais que le mystère de Dieu serait accompli.

10:8	yeld				Qu'a-t-on dit à Jean de prendre de l'ange puissant ?	On a dit à Jean de prendre un rouleau ouvert de la part de l'ange.

10:9	i4d4				Qu'est-ce que l'ange a dit qu'il arriverait quand Jean mangerait le rouleau ?	L'ange a dit que le rouleau serait doux dans la bouche de Jean mais amer dans son estomac.

10:11	ozlx				Après avoir mangé le rouleau, sur quoi Jean a-t-il été chargé de prophétiser ?	Il a été dit à Jean de prophétiser sur de nombreux peuples, nations, langues et rois.

11:1	vsxy				Qu'a-t-on dit à Jean de mesurer ?	On a dit à Jean de mesurer le temple de Dieu, l'autel et ceux qui y adorent.

11:2	p3qb				Combien de temps les païens vont-ils piétiner la ville sainte ?	Les païens piétineront la ville sainte pendant 42 mois.

11:5	ewf6				Que les deux témoins ont-ils reçu l'autorité de faire à ceux qui choisissent de leur faire du mal ?	Les deux témoins ont reçu l'autorité de tuer leurs ennemis par le feu.

11:8	fhah				Où reposeront les corps des deux témoins ?	Leurs corps reposeront dans la rue de la ville, symboliquement appelée Sodome et Égypte, où leur Seigneur a été crucifié.

11:10	kzph				Comment les habitants de la terre réagiront-ils lorsque les deux témoins seront tués ?	Les peuples de la terre se réjouiront et feront la fête lorsque les deux témoins seront tués.

11:11-12	mijv				Qu'arrivera-t-il aux deux témoins après trois jours et demi ?	Après trois jours et demi, les deux témoins se tiendront sur leurs pieds et monteront au ciel.

11:14	zdn8				Après que les deux témoins et le tremblement de terre soient terminés, que se passe-t-il ?	Après les deux témoins et le tremblement de terre, le deuxième malheur est passé.

11:15	swd2				Lorsque la septième trompette fut sonnée, que dit-on dans le ciel ?	Lorsque la septième trompette a retenti, il a été dit que le royaume du monde était devenu le royaume de notre Seigneur et de son Christ.

11:17	dj39				Qu'ont dit les anciens que le Seigneur Dieu avait maintenant commencé à faire ?	Les anciens ont dit que le Seigneur Dieu avait maintenant commencé à régner.

11:18	paor				Selon les anciens, quel temps était maintenant venu ?	Le temps est venu pour les morts d'être jugés, pour les serviteurs de Dieu d'être récompensés, et pour Dieu de détruire ceux qui détruisent la terre.

11:19	ktsg				Qu'est-ce qui s'est alors ouvert dans le ciel ?	Le temple de Dieu a alors été ouvert dans le ciel.

12:1-2	qzvq				Quel grand signe a été vu dans le ciel ?	On vit dans le ciel une femme enceinte, revêtue du soleil, la lune sous ses pieds, et douze étoiles sur sa tête, poussant des cris d'enfantement.

12:3	mkku				Quel autre grand signe a été vu dans le ciel ?	On vit dans le ciel un énorme dragon rouge, avec sept têtes et dix cornes, et sept couronnes sur ses têtes.

12:4	g1ux				Qu'a fait le dragon avec sa queue ?	Le dragon a balayé un tiers des étoiles du ciel et les a précipitées sur la terre.

12:4	h75h				Que voulait faire le dragon ?	Le dragon voulait dévorer l'enfant de la femme.

12:5	be8g				Qu'est-ce que l'enfant mâle allait faire ?	L'enfant mâle allait diriger toutes les nations avec une verge de fer.

12:5	a3l6				Où est passé l'enfant mâle ?	L'enfant mâle a été arraché à Dieu et à son trône.

12:6	h818				Où est allée la femme ?	La femme s'est enfuie dans le désert.

12:7	yp4b				Qui s'est battu au paradis ?	Michel et ses anges ont combattu le dragon et ses anges.

12:9	d6vw				Qu'est-il arrivé au dragon et à ses anges après la bataille ?	Le dragon et ses anges ont été précipités sur la terre.

12:9	pk4a				Qui est le dragon ?	Le dragon est le vieux serpent, le diable, ou Satan.

12:11	ksa0				Comment les frères ont-ils vaincu le dragon ?	Les frères ont vaincu le dragon par le sang de l'Agneau et par la parole de leur témoignage.

12:12	vwc3				Combien de temps le dragon sait-il qu'il a ?	Le dragon sait qu'il n'a que peu de temps.

12:13-14	df35				Qu'a-t-on fait pour la femme lorsque le dragon l'a poursuivie ?	La femme a reçu des ailes pour s'envoler vers le lieu préparé pour elle, où l'on s'occuperait d'elle.

12:15-17	a5y7				Quand le dragon n'a pas pu balayer la femme, qu'a-t-il fait ?	Le dragon est parti faire la guerre à ceux qui obéissent aux commandements de Dieu et qui s'en tiennent au témoignage sur Jésus.

13:1	pvui				D'où venait la bête que Jean a vue ?	La bête est sortie de la mer.

13:2	erh1				Qu'est-ce que le dragon a donné à la bête ?	Le dragon a donné à la bête son pouvoir, un trône, et l'autorité pour gouverner.

13:3	e4w3				Pourquoi la terre entière s'est-elle émerveillée et a-t-elle suivi la bête ?	La terre entière s'est émerveillée et a suivi la bête parce qu'elle avait une blessure mortelle qui avait été guérie.

13:5-6	j8fy				Qu'est-ce que la bête a dit avec sa bouche ?	La bête a prononcé des paroles orgueilleuses et des insultes contre Dieu, son nom, le lieu où il vit et ceux qui vivent dans le ciel.

13:7	d97q				Qu'était-il permis à la bête de faire avec le peuple saint ?	La bête a été autorisée à faire la guerre au peuple saint et à le conquérir.

13:8	xybi				Qui n'adorera pas la bête ?	Ceux dont le nom est inscrit dans le livre de vie n'adoreront pas la bête.

13:10	pfim				A quoi sont appelés ceux qui sont saints ?	Ceux qui sont saints sont appelés à l'endurance patiente et à la foi.

13:11	ys79				D'où venait l'autre bête que Jean a vue ?	L'autre bête est sortie de la terre.

13:11	sgay				Quel genre de cornes et de langage l'autre bête avait-elle ?	L'autre bête avait des cornes comme un agneau et parlait comme un dragon.

13:12	qh9x				Qu'est-ce que l'autre bête a fait faire à ceux qui vivent sur la terre ?	L'autre bête a amené les habitants de la terre à adorer la première bête.

13:15	etcr				Qu'est-il arrivé à ceux qui ont refusé d'adorer la bête ?	Ceux qui ont refusé d'adorer la bête ont été tués.

13:16	zjwq				Qu'est-ce que chacun a reçu de l'autre bête ?	Chacun recevait une marque sur la main droite ou sur le front.

13:18	veuv				Quel est le nombre de la bête ?	Le nombre de la bête est 666.

14:1	j41j				Qui Jean a-t-il vu se tenir devant lui ?	Jean a vu l'Agneau se tenir devant lui sur le mont Sion.

14:3	zu1v				Qui a été capable d'apprendre la nouvelle chanson chantée devant le trône ?	Seuls les 144 000 qui avaient été rachetés de la terre étaient en mesure d'apprendre le nouveau chant.

14:4-5	ra3l				Qui a été racheté comme prémices à Dieu et à l'Agneau ?	Les 144 000 irréprochables ont été rachetés comme des prémices pour Dieu et pour l'Agneau.

14:6	fr28				A qui l'ange a-t-il donné le message éternel de la bonne nouvelle ?	L'ange a transmis le message éternel de la bonne nouvelle à chaque nation, tribu, langue et peuple de la terre.

14:7	xnf4				Qu'est-ce que l'ange a dit à ceux qui vivent sur la terre de faire ?	L'ange leur a dit de craindre Dieu et de lui rendre gloire.

14:7	h851				A quelle heure l'ange a-t-il dit qu'il était arrivé ?	L'ange a dit que l'heure du jugement de Dieu était arrivée.

14:8	cpb6				Qu'a annoncé le deuxième ange ?	Le deuxième ange a annoncé que Babylone la grande était tombée.

14:10	x8qy				Qu'est-ce que le troisième ange a dit qu'il arriverait à ceux qui recevraient la marque de la bête ?	Ceux qui ont reçu la marque de la bête seront tourmentés par le feu et le soufre.

14:12	x2ev				A quoi étaient appelés les saints ?	Les saints ont été appelés à une endurance patiente.

14:14	cmgy				Qui Jean a-t-il vu assis sur la nuée ?	Jean a vu quelqu'un qui ressemblait à un Fils de l'homme, assis sur la nuée.

14:16	ez9d				Qu'a fait celui qui était assis sur le nuage ?	Celui qui est assis sur le nuage a balancé sa faucille pour récolter la terre.

14:19	ni13				Qu'a fait l'ange avec la faucille ?	L'ange à la faucille a recueilli la vendange de la terre et l'a jetée dans la cuve à vin de la colère de Dieu.

14:20	q3fb				Que s'est-il passé au pressoir de Dieu ?	Le pressoir a été piétiné et du sang en a coulé.

15:1	pwba				Qu'avaient avec eux les sept anges que Jean a vus ?	Les sept anges avaient sept fléaux, qui sont les fléaux finaux.

15:2	evlf				Qui se tenait au bord de la mer ?	Ceux qui avaient été victorieux de la bête et de son image se tenaient au bord de la mer.

15:3	scxi				Quelle chanson chantaient ceux qui se tenaient au bord de la mer ?	Ceux qui se tenaient au bord de la mer chantaient le chant de Moïse et le chant de l'Agneau.

15:3	c7u9				Comment les voies de Dieu sont-elles décrites dans la chanson ?	Les voies de Dieu ont été décrites comme justes et vraies.

15:4	s0ak				Dans le chant, qui viendra adorer Dieu ?	Toutes les nations viendront et adoreront Dieu.

15:6	k5nw				Qu'est-ce qui est sorti du lieu très saint ?	Les sept anges avec les sept fléaux sont ensuite sortis du lieu très saint.

15:7	og0e				Qu'est-ce qui a été donné aux sept anges ?	Les sept anges ont reçu sept coupes remplies de la colère de Dieu.

15:8	wlpk				Jusqu'à quand personne ne pouvait-il entrer dans le lieu très saint ?	Jusqu'à ce que les sept fléaux soient accomplis, personne ne pouvait entrer dans le lieu très saint.

16:1	r9fd				Que devaient faire les sept anges ?	Les sept anges ont reçu l'ordre d'aller déverser sur la terre les sept coupes de la colère de Dieu.

16:2	iedt				Que s'est-il passé lorsque la première coupe de la colère de Dieu a été versée ?	Des plaies laides et douloureuses sont apparues sur les personnes qui avaient la marque de la bête.

16:3	mj98				Que s'est-il passé lorsque la deuxième coupe de la colère de Dieu a été versée ?	La mer est devenue comme le sang d'un mort.

16:4	lh04				Que s'est-il passé lorsque la troisième coupe de la colère de Dieu a été versée ?	Les rivières et les sources d'eau sont devenues du sang.

16:6	jysi				Pourquoi était-il vrai et juste que Dieu donne du sang à boire à ces gens ?	Elle était vraie et juste parce que ces gens avaient versé le sang des saints et des prophètes de Dieu.

16:8	mk0u				Que s'est-il passé lorsque la quatrième coupe de la colère de Dieu a été versée ?	Le soleil a brûlé le peuple par le feu.

16:9	lr5g				Comment le peuple a-t-il réagi à ces fléaux ?	Le peuple ne s'est pas repenti et n'a pas rendu gloire à Dieu.

16:10	f76l				Que s'est-il passé lorsque la cinquième coupe de la colère de Dieu a été versée ?	Les ténèbres ont recouvert le royaume de la bête.

16:12	u7qt				Que s'est-il passé lorsque la sixième coupe de la colère de Dieu a été versée ?	Les eaux de l'Euphrate ont été asséchées pour préparer le chemin aux rois de l'est.

16:13-14	boz4				Qu'est-ce que les trois esprits impurs allaient faire ?	Les trois esprits impurs allaient rassembler les rois du monde pour la bataille du grand jour de Dieu.

16:16	qfz0				Quel était le nom du lieu où les rois du monde étaient réunis ?	Le nom de l'endroit était Armageddon.

16:17-18	lqm1				Que s'est-il passé lorsque la septième coupe de la colère de Dieu a été versée ?	Une voix forte dit : "C'est fait !" et il y eut des éclairs, du tonnerre et un tremblement de terre.

16:19	q886				À ce moment-là, qu'est-ce que Dieu a rappelé à l'esprit et fait ?	À cette époque, Dieu a rappelé Babylone la grande, et il a donné à Babylone la coupe remplie de sa colère.

16:21	kt47				Comment le peuple a-t-il réagi à ces fléaux ?	Le peuple a maudit Dieu.

17:1	gwoq				Qu'est-ce que l'ange a dit qu'il montrerait à Jean ?	L'ange a dit qu'il montrerait à Jean la condamnation de la grande prostituée.

17:3	of4z				Sur quoi la femme était-elle assise ?	La femme était assise sur une bête à sept têtes et dix cornes.

17:4	ybl2				Qu'y avait-il dans la coupe que la femme tenait dans sa main ?	La coupe était pleine de choses détestables et des impuretés de son immoralité sexuelle.

17:5	mrvu				Quel était le nom de la femme ?	Le nom de cette femme était "Babylone la grande, la mère des prostituées et des choses détestables de la terre".

17:6	j1n2				De quoi la femme était-elle ivre ?	La femme était ivre du sang des saints et des martyrs pour Jésus.

17:8	xsx3				D'où venait la bête sur laquelle la femme était assise ?	La bête est sortie du puits profond et sans fond.

17:8	n3pi				Où allait la bête ?	La bête allait être détruite.

17:9-10	yypc				Quelles étaient les sept têtes de la bête ?	Les sept têtes étaient sept collines sur lesquelles la femme était assise et étaient également sept rois.

17:11	aheh				Où allait la bête ?	La bête allait être détruite.

17:12	dl5a				Quelles étaient les dix cornes de la bête ?	Les dix cornes étaient dix rois.

17:14	xaac				Que feraient les rois et la bête s'ils étaient d'accord ?	Quand ils étaient d'accord, ils faisaient la guerre à l'Agneau.

17:15	mr1p				Quelles étaient les eaux où la prostituée était assise ?	Les eaux étaient des peuples, des multitudes, des nations et des langues.

17:16	wann				Que feraient les rois et la bête à la femme ?	Ils rendraient la femme désolée et nue, dévoreraient sa chair et la brûleraient au feu.

17:18	eqd3				Quelle était la femme que Jean a vue ?	La femme que Jean a vue était la grande ville qui règne sur les rois de la terre.

18:1-2	t9lc				Quelle annonce a fait l'ange avec une grande autorité ?	L'ange a annoncé que Babylone la grande était tombée.

18:4	tu77				Qu'est-ce que la voix du ciel a dit au peuple de Dieu de faire ?	La voix a dit au peuple de Dieu de sortir de Babylone et de ne pas partager ses péchés.

18:6	veud				Quel est le montant du paiement que Dieu a rendu à Babylone pour ce qu'elle a fait ?	Dieu a rendu à Babylone le double de ce qu'elle avait fait.

18:8	ec1h				Quels fléaux ont frappé Babylone en un seul jour ?	La mort, le deuil et la famine ont envahi Babylone en un seul jour, et elle a été consumée par le feu.

18:9	aaho				Comment les rois et les marchands de la terre ont-ils réagi lorsqu'ils ont vu le jugement de Babylone ?	Lorsque les rois et les marchands de la terre ont vu le jugement de Babylone, ils ont pleuré et se sont lamentés sur elle.

18:9-10	kqtx				Pourquoi les rois, les marchands et les capitaines de navires se sont-ils tenus à l'écart de Babylone au moment de son jugement ?	Ils se tenaient à distance car ils avaient peur de son tourment.

18:14	fols				Car qu'a duré Babylone, qui a disparu en une seule heure ?	Babylone aspire au luxe et à la splendeur, qui disparaissent en une seule heure.

18:15	tuir				Pourquoi les rois, les marchands et les capitaines de navires se sont-ils tenus à l'écart de Babylone au moment de son jugement ?	Ils se tenaient à distance car ils avaient peur de son tourment.

18:17	upm8				Pourquoi les rois, les marchands et les capitaines de navires se sont-ils tenus à l'écart de Babylone au moment de son jugement ?	Ils se tenaient à distance car ils avaient peur de son tourment.

18:18	dwuy				Quelle question les capitaines des navires ont-ils posé à propos de Babylone ?	Les capitaines du navire ont demandé : "Quelle ville est comme la grande ville ?"

18:20	xu7d				Qu'a-t-on dit aux saints, aux apôtres et aux prophètes de faire lorsque Babylone a été jugée par Dieu ?	Il a été dit aux saints, aux apôtres et aux prophètes de se réjouir lorsque Babylone a été jugée par Dieu.

18:21	mcd0				Après son jugement, quand reverra-t-on Babylone ?	Après son jugement, on ne verra plus Babylone.

18:24	gb1t				Qu'a-t-on trouvé dans la grande ville de Babylone pour laquelle elle a été jugée ?	On a trouvé le sang des prophètes, des saints et de tous ceux qui ont été tués sur la terre.

19:1-2	u9n6				Qu'a dit la voix forte dans le ciel à propos des jugements de Dieu ?	La voix forte dans le ciel a dit que les jugements de Dieu étaient vrais et justes.

19:2	fjpf				Pourquoi Dieu a-t-il jugé la grande prostituée ?	Dieu a jugé la grande prostituée parce qu'elle a corrompu la terre par son immoralité sexuelle et versé le sang des serviteurs de Dieu.

19:3	pbxu				Qu'arrivera-t-il à la grande prostituée des siècles et des siècles ?	De la fumée s'élèvera de la grande prostituée pour toujours et à jamais.

19:5	jvp6				Qu'a-t-on dit aux serviteurs de Dieu qui le craignent de faire ?	On a dit aux serviteurs de Dieu de le louer.

19:7	xj9i				Pourquoi la voix a-t-elle dit que les serviteurs de Dieu devaient se réjouir et être très heureux ?	Il a été dit aux serviteurs de Dieu de se réjouir car la fête des noces de l'Agneau était arrivée.

19:8	yy44				De quoi est vêtue l'épouse de l'Agneau ?	La mariée est vêtue de lin fin, qui représente les actes justes du peuple saint de Dieu.

19:10	lvdl				Qu'est-ce que l'ange a dit que le témoignage sur Jésus était ?	L'ange a dit que le témoignage sur Jésus était l'esprit de la prophétie.

19:11-13	ssis				Quel est le nom de celui que Jean a vu monter le cheval blanc ?	Celui que Jean a vu chevauchant le cheval blanc a été appelé "fidèle et vrai".

19:15	og5o				Comment la Parole de Dieu frappe-t-elle les nations ?	De la bouche de la Parole de Dieu sort une épée tranchante, qui abat les nations.

19:16	ikyu				Qu'y a-t-il d'écrit sur la robe et la cuisse de la Parole de Dieu ?	Sur sa robe et sa cuisse est écrit : "Roi des Rois et Seigneur des Seigneurs".

19:18	k8mg				Qu'est-ce que les oiseaux volant au-dessus de nos têtes étaient appelés à manger lors du grand souper ?	Les oiseaux ont été appelés à manger la chair des rois, des commandants, des puissants, des chevaux et de leurs cavaliers, et de tous les hommes.

19:19	vsdi				Que voulaient faire la bête et les rois de la terre ?	Ils s'apprêtaient à faire la guerre à la Parole de Dieu et à son armée.

19:20	qdzh				Qu'est-il arrivé à la bête et au faux prophète ?	La bête et le faux prophète furent tous deux jetés vivants dans l'étang de soufre brûlant.

19:21	r73m				Qu'est-il arrivé au reste de ceux qui luttaient contre la Parole de Dieu ?	Les autres ont été tués par l'épée sortant de la bouche de la Parole de Dieu.

20:1	h9pq				Qu'est-ce que l'ange descendant du ciel avait avec lui ?	L'ange avait la clé du puits sans fin et une grande chaîne dans sa main.

20:2-3	s7xx				Combien de temps Satan restera-t-il lié ?	Satan restera lié pendant mille ans.

20:3	wqea				Qu'a fait l'ange avec Satan ?	L'ange a jeté Satan dans l'abîme.

20:3	rqbq				Qu'est-ce que Satan ne pourrait pas faire pendant qu'il est lié ?	Satan ne serait pas en mesure de séduire les nations tant qu'il serait lié.

20:4	pzba				Qu'est-il arrivé à ceux qui avaient refusé de recevoir la marque de la bête ?	Ceux qui avaient refusé de recevoir la marque de la bête sont revenus à la vie et ont régné avec le Christ pendant mille ans.

20:5	tfn2				Quand le reste des morts reviendrait-il à la vie ?	Le reste des morts reviendrait à la vie lorsque les mille ans seraient terminés.

20:6	ykvf				Que feraient ceux qui ont participé à la première résurrection ?	Ceux qui ont participé à la première résurrection seront prêtres de Dieu et du Christ et régneront avec lui pendant mille ans.

20:8	zh5e				Que fera Satan à la fin des mille ans ?	À la fin des mille ans, Satan sera libéré pour aller séduire les nations.

20:9	ad9r				Que s'est-il passé lorsque le camp des saints a été encerclé ?	Lorsque le camp des saints fut encerclé, le feu descendit du ciel et dévora Gog et Magog.

20:10	kn33				Qu'a-t-on fait du diable à cette époque ?	Le diable a été jeté dans l'étang de feu pour y être tourmenté à jamais.

20:12	q4ti				Par quoi les morts ont-ils été jugés devant le grand trône blanc ?	Les morts étaient jugés par ce qui était inscrit dans les livres, le résultat de ce qu'ils avaient fait.

20:14	krn7				Qu'est-ce que la seconde mort ?	La seconde mort est le lac de feu.

20:15	ekez				Qu'est-il arrivé à tous ceux qui n'étaient pas inscrits dans le Livre de la Vie ?	Tous ceux qui n'ont pas été trouvés inscrits dans le Livre de Vie ont été jetés dans l'étang de feu.

21:1	lurs				Selon Jean, qu'est-il arrivé au premier ciel et à la première terre ?	Jean a vu que le premier ciel et la première terre avaient disparu.

21:1	w035				Qu'est-ce qui avait remplacé le premier ciel et la première terre ?	Un nouveau ciel et une nouvelle terre avaient remplacé le premier ciel et la première terre.

21:2	u2dr				Qu'est-ce qui est descendu du ciel ?	La ville sainte, la nouvelle Jérusalem, est descendue du ciel.

21:3	tu7c				Où la voix du trône a-t-elle dit que Dieu allait maintenant habiter ?	La voix a dit que Dieu allait désormais habiter avec les êtres humains.

21:4	q515				Qu'est-ce qui était maintenant passé ?	La mort, le deuil, les pleurs et la douleur avaient maintenant disparu.

21:6	hn9v				Comment s'appelait celui qui était assis sur le trône ?	Celui qui est assis sur le trône s'appelle lui-même l'Alpha et l'Oméga, le commencement et la fin.

21:8	ll9q				Qu'arrive-t-il aux infidèles, aux immoraux et aux idolâtres ?	Les infidèles, les impudiques et les idolâtres ont leur place dans le lac de soufre brûlant.

21:10	uihm				Qu'est-ce que la mariée, l'épouse de l'Agneau ?	L'épouse, la femme de l'Agneau, est la ville sainte, Jérusalem, qui descend du ciel d'auprès de Dieu.

21:12	vlua				Qu'est-ce qui était écrit sur les portes de la nouvelle Jérusalem ?	Les noms des douze tribus des enfants d'Israël ont été inscrits sur les portes de la nouvelle Jérusalem.

21:14	exth				Qu'est-ce qui a été écrit sur les fondations de la nouvelle Jérusalem ?	Les noms des douze apôtres de l'Agneau ont été inscrits sur les fondations de la nouvelle Jérusalem.

21:16	j9dm				Sous quelle forme la nouvelle Jérusalem a-t-elle été aménagée ?	La nouvelle Jérusalem était disposée en carré.

21:18	l90k				En quoi la ville a-t-elle été construite ?	La ville a été construite en or pur, comme du verre transparent.

21:22	fcdd				Quel est le temple de la nouvelle Jérusalem ?	Le temple dans la nouvelle Jérusalem est le Seigneur Dieu et l'Agneau.

21:23	eub1				Quelle est la source de lumière dans le nouveau Jerualem ?	La source de lumière dans la nouvelle Jérusalem est la gloire de Dieu et de l'Agneau.

21:27	e8sv				Qu'est-ce qui n'entrera jamais dans la nouvelle Jérusalem ?	Rien d'impur n'entrera jamais dans la nouvelle Jérusalem.

22:1	ad8m				Qu'est-ce que Jean a vu couler du trône de Dieu ?	Jean a vu le fleuve d'eau de la vie qui coule du trône de Dieu.

22:2	j91v				Car que sont les feuilles de l'arbre de vie ?	Les feuilles de l'arbre de vie sont destinées à la guérison des nations.

22:3	wgby				Que n'y aura-t-il plus dans la ville ?	Il n'y aura plus de malédiction, et il n'y aura plus de nuit.

22:3	p0om				Où sera le trône de Dieu et de l'Agneau ?	Le trône de Dieu et de l'Agneau sera dans la ville.

22:5	jwnr				Que n'y aura-t-il plus dans la ville ?	Il n'y aura plus de malédiction, et il n'y aura plus de nuit.

22:7	kvw2				Que doit faire une personne pour être bénie par ce livre ?	Une personne doit obéir aux paroles de la prophétie de ce livre pour être bénie.

22:8-9	kwzk				Qu'est-ce que l'ange a dit à Jean de faire lorsque celui-ci s'est prosterné aux pieds de l'ange ?	L'ange a dit à Jean d'adorer Dieu.

22:10	ctj4				Pourquoi a-t-on dit à Jean de ne pas sceller les paroles de la prophétie de ce livre ?	Il a été dit à Jean de ne pas sceller les paroles de la prophétie de ce livre car le temps était proche.

22:12	i2gz				Qu'est-ce que le Seigneur a dit qu'il apporterait avec lui quand il viendra ?	Le Seigneur a dit qu'il apporterait sa récompense avec lui quand il viendrait.

22:14	cyx0				Que doivent faire ceux qui désirent avoir le droit de manger de l'arbre de vie ?	Ceux qui veulent avoir le droit de manger de l'arbre de vie doivent laver leurs robes.

22:16	ahf9				Comment Jésus dit-il qu'il est lié au roi David ?	Jésus dit qu'il est la racine et le descendant du roi David.

22:18	z5uz				Qu'arrivera-t-il à quiconque ajoutera à la prophétie de ce livre ?	Quiconque ajoute à la prophétie de ce livre recevra les fléaux dont il est question dans ce livre.

22:19	g4y3				Qu'arrivera-t-il à quiconque s'éloigne de la prophétie de ce livre ?	Quiconque s'écarte de la prophétie de ce livre se verra retirer sa part de l'arbre de vie.

22:20	aibw				Quelles sont les dernières paroles de Jésus dans ce livre ?	Les derniers mots de Jésus sont : "Oui ! je viens bientôt".

22:21	noxb				Quel est le dernier mot de ce livre ?	Le dernier mot de ce livre est "Amen".
